snapshot,source_file,source_sha256,page,sl_no,project_code,legacy_ocms_code,pmgid,project_name,agency_raw,table_section,state,approval_month,start_month,doc_original,doc_revised,cost_original_cr,cost_revised_cr,expenditure_cum_cr,physical_progress_pct,parse_flags
2025-12,FlashReport_December_2025.pdf,07f56e5457c63192ae7b5b4036f975f7eb058a3364a25a87cdc6ce2369082401,50,1,612786,,,"Construction of New Domestic Terminal Building Building and miscellaneous works including maintenance, operations and AICMC at Kadapa Airport",Airport Authority of India [AAI],Aviation & Aviation Infrastructure,Andhra Pradesh,2023-03,2024-01,2026-01,2026-03,265.91,265.91,88.87,46.0,NO_LEGACY_CODE;NO_PMGID
2025-12,FlashReport_December_2025.pdf,07f56e5457c63192ae7b5b4036f975f7eb058a3364a25a87cdc6ce2369082401,50,2,701107,,,Construction of New Integrated Terminal Building and associated works including apron to park 3 code E type of aircraft or 6 code C type of aircraft at Vijayawada Airport.,Airport Authority of India [AAI],Aviation & Aviation Infrastructure,Andhra Pradesh,2020-06,2020-09,2022-09,2026-03,611.8,611.8,523.14,87.0,NO_LEGACY_CODE;NO_PMGID
2025-12,FlashReport_December_2025.pdf,07f56e5457c63192ae7b5b4036f975f7eb058a3364a25a87cdc6ce2369082401,50,3,701121,,,Construction of New Domestic Terminal Building at Rajahmundry Airport.,Airport Authority of India [AAI],Aviation & Aviation Infrastructure,Andhra Pradesh,2022-12,2023-08,2025-08,2026-03,347.15,347.15,129.31,68.0,NO_LEGACY_CODE;NO_PMGID
2025-12,FlashReport_December_2025.pdf,07f56e5457c63192ae7b5b4036f975f7eb058a3364a25a87cdc6ce2369082401,50,4,706724,,,Guwahati Airport New Integrated Terminal Building Construction Project,Adani Airport Holdings Limited,Aviation & Aviation Infrastructure,Assam,2016-12,2018-03,2025-03,2026-03,1712.0,2520.0,2514.59,96.0,NO_LEGACY_CODE;NO_PMGID
2025-12,FlashReport_December_2025.pdf,07f56e5457c63192ae7b5b4036f975f7eb058a3364a25a87cdc6ce2369082401,50,5,612183,,,Development of New Civil Enclave at Bihta,Airport Authority of India [AAI],Aviation & Aviation Infrastructure,Bihar,2024-08,2025-03,2027-03,,1413.0,1413.0,0.0,1.0,NO_LEGACY_CODE;NO_PMGID
2025-12,FlashReport_December_2025.pdf,07f56e5457c63192ae7b5b4036f975f7eb058a3364a25a87cdc6ce2369082401,50,6,612194,,,Development of New Civil Enclave and associated works at Darbhanga Airport,Airport Authority of India [AAI],Aviation & Aviation Infrastructure,Bihar,2024-07,2024-07,2026-07,,911.66,911.66,258.93,48.0,NO_LEGACY_CODE;NO_PMGID
2025-12,FlashReport_December_2025.pdf,07f56e5457c63192ae7b5b4036f975f7eb058a3364a25a87cdc6ce2369082401,50,7,701101,,,"Construction of New Domestic Terminal Building [Phase-I and II] and other allied structures at JPNI Airport, Patna",Airport Authority of India [AAI],Aviation & Aviation Infrastructure,Bihar,2018-12,2018-10,2023-07,2026-05,1216.9,1216.9,1166.71,97.0,NO_LEGACY_CODE;NO_PMGID
2025-12,FlashReport_December_2025.pdf,07f56e5457c63192ae7b5b4036f975f7eb058a3364a25a87cdc6ce2369082401,50,8,701105,,,Goa Airport Terminal Building Extension Project,Airport Authority of India [AAI],Aviation & Aviation Infrastructure,Goa,2017-11,2019-12,2021-12,2026-01,255.69,255.69,154.3,98.0,NO_LEGACY_CODE;NO_PMGID
2025-12,FlashReport_December_2025.pdf,07f56e5457c63192ae7b5b4036f975f7eb058a3364a25a87cdc6ce2369082401,50,9,701126,,,"Development of Dholera International Greenfield Airport , Gujarat",Airport Authority of India [AAI],Aviation & Aviation Infrastructure,Gujarat,2022-06,2022-07,2026-06,2026-06,1305.0,1551.0,739.77,72.0,NO_LEGACY_CODE;NO_PMGID
2025-12,FlashReport_December_2025.pdf,07f56e5457c63192ae7b5b4036f975f7eb058a3364a25a87cdc6ce2369082401,50,10,611047,,,"Construction of NTB complex including apron, taxi track and other associated civil works and electrical & mechanical installations towards Tawi River side at CA Jammu.",Airport Authority of India [AAI],Aviation & Aviation Infrastructure,Jammu and Kashmir,2022-07,2023-07,2026-06,2026-06,861.37,861.37,248.88,42.0,NO_LEGACY_CODE;NO_PMGID;MULTILINE_STATE
2025-12,FlashReport_December_2025.pdf,07f56e5457c63192ae7b5b4036f975f7eb058a3364a25a87cdc6ce2369082401,50,11,612787,,,Construction of New Domestic Terminal Building and Miscellaneous works at Hubli Airport,Airport Authority of India [AAI],Aviation & Aviation Infrastructure,Karnataka,2023-06,2024-01,2026-01,2026-03,320.47,320.47,99.39,59.0,NO_LEGACY_CODE;NO_PMGID
2025-12,FlashReport_December_2025.pdf,07f56e5457c63192ae7b5b4036f975f7eb058a3364a25a87cdc6ce2369082401,50,12,612788,,,Construction of New Domestic Terminal Building and Miscellaneous Works at Belagavi Airport.,Airport Authority of India [AAI],Aviation & Aviation Infrastructure,Karnataka,2023-06,2024-02,2026-01,2026-04,322.45,322.45,152.09,67.0,NO_LEGACY_CODE;NO_PMGID
2025-12,FlashReport_December_2025.pdf,07f56e5457c63192ae7b5b4036f975f7eb058a3364a25a87cdc6ce2369082401,50,13,612789,,,"Development of additional RESA on either end on Runway 10-28 at Calicut Airport. Construction of embankment with slope protection, drainage system and associated works for additional RESA on either end on Runway 10-28",Airport Authority of India [AAI],Aviation & Aviation Infrastructure,Kerala,2023-06,2024-02,2025-09,2026-06,484.57,484.57,116.14,31.0,NO_LEGACY_CODE;NO_PMGID
2025-12,FlashReport_December_2025.pdf,07f56e5457c63192ae7b5b4036f975f7eb058a3364a25a87cdc6ce2369082401,50,14,400010,,,"Construction of Terminal Building & Associated works at Leh Airport, Ladakh",Airport Authority of India [AAI],Aviation & Aviation Infrastructure,Ladakh,2018-07,2018-09,2021-09,2026-07,480.0,640.0,484.6,78.0,NO_LEGACY_CODE;NO_PMGID
2025-12,FlashReport_December_2025.pdf,07f56e5457c63192ae7b5b4036f975f7eb058a3364a25a87cdc6ce2369082401,50,15,706718,,,C/o NITB Imphal Airport,Airport Authority of India [AAI],Aviation & Aviation Infrastructure,Manipur,2021-11,2022-07,2024-07,2026-12,499.0,499.0,160.06,42.0,NO_LEGACY_CODE;NO_PMGID
2025-12,FlashReport_December_2025.pdf,07f56e5457c63192ae7b5b4036f975f7eb058a3364a25a87cdc6ce2369082401,50,16,611570,,,"SITC of ATM Automation System and ASMGCS [Including SMR & MLAT] for Mumbai, Navi Mumbai, Jewar [earlier MOPA, without ASMGCS], HIAL & BIAL",Airport Authority of India [AAI],Aviation & Aviation Infrastructure,"Multi-States (Karnataka, Maharashtra, Telangana, Uttar Pradesh)",2020-12,2022-10,2025-09,2026-08,500.48,500.48,348.09,76.0,NO_LEGACY_CODE;NO_PMGID;MULTILINE_STATE
2025-12,FlashReport_December_2025.pdf,07f56e5457c63192ae7b5b4036f975f7eb058a3364a25a87cdc6ce2369082401,50,17,618977,,,"Development of New Greenfield Airport at Bundi, Kota Rajasthan.",Airport Authority of India [AAI],Aviation & Aviation Infrastructure,Rajasthan,2025-08,2025-10,2027-10,,1507.0,1507.0,10.05,1.0,NO_LEGACY_CODE;NO_PMGID
2025-12,FlashReport_December_2025.pdf,07f56e5457c63192ae7b5b4036f975f7eb058a3364a25a87cdc6ce2369082401,50,18,701127,,,Construction of New Passenger Terminal Building for Domestic Operations at Jodhpur Airport.,Airport Authority of India [AAI],Aviation & Aviation Infrastructure,Rajasthan,2022-05,2023-04,2024-11,2026-01,480.0,480.0,330.65,93.0,NO_LEGACY_CODE;NO_PMGID
2025-12,FlashReport_December_2025.pdf,07f56e5457c63192ae7b5b4036f975f7eb058a3364a25a87cdc6ce2369082401,50,19,701128,,,Construction of New Integrated Passenger Terminal Building at Udaipur Airport,Airport Authority of India [AAI],Aviation & Aviation Infrastructure,Rajasthan,2023-06,2023-11,2026-03,2026-09,887.0,887.0,462.38,57.0,NO_LEGACY_CODE;NO_PMGID
2025-12,FlashReport_December_2025.pdf,07f56e5457c63192ae7b5b4036f975f7eb058a3364a25a87cdc6ce2369082401,50,20,612793,,,"Widening of basic strip at Western Side of Runway Chainage 80m to 920m i/c slope stabilization Measures [Balance work] of uphill and Improvement of Storm Water Drainage System at Pakyong Airport, Sikkim on design & build basis [EPC] with integrated 10 years maintenance.",Airport Authority of India [AAI],Aviation & Aviation Infrastructure,Sikkim,2023-11,2023-12,2026-02,,323.26,323.26,51.21,22.0,NO_LEGACY_CODE;NO_PMGID
2025-12,FlashReport_December_2025.pdf,07f56e5457c63192ae7b5b4036f975f7eb058a3364a25a87cdc6ce2369082401,50,21,611602,,,"Modernization of Chennai Airport, Phase II, Part 2",Airport Authority of India [AAI],Aviation & Aviation Infrastructure,Tamil Nadu,2018-05,2023-06,2025-07,2026-06,1207.0,1207.0,208.06,27.0,NO_LEGACY_CODE;NO_PMGID
2025-12,FlashReport_December_2025.pdf,07f56e5457c63192ae7b5b4036f975f7eb058a3364a25a87cdc6ce2369082401,50,22,701113,,,"Development of Lal Bahadur Shastri International airport, Varanasi including C/o New Terminal Building, Apron Extension, Runway Extension, PTT and allied works.",Airport Authority of India [AAI],Aviation & Aviation Infrastructure,Uttar Pradesh,2024-07,2024-07,2027-07,2027-07,2869.65,2869.65,410.36,21.0,NO_LEGACY_CODE;NO_PMGID
2025-12,FlashReport_December_2025.pdf,07f56e5457c63192ae7b5b4036f975f7eb058a3364a25a87cdc6ce2369082401,50,23,701122,,,Development of New Integrated Civil Enclave at Agra Airport,Airport Authority of India [AAI],Aviation & Aviation Infrastructure,Uttar Pradesh,2024-06,2024-07,2026-07,,579.0,579.0,133.8,28.0,NO_LEGACY_CODE;NO_PMGID
2025-12,FlashReport_December_2025.pdf,07f56e5457c63192ae7b5b4036f975f7eb058a3364a25a87cdc6ce2369082401,50,24,611495,,,Development of New Civil Enclave at Bagdogra Airport,Airport Authority of India [AAI],Aviation & Aviation Infrastructure,West Bengal,2024-08,2024-09,2027-01,2027-01,1549.0,1549.0,359.56,16.0,NO_LEGACY_CODE;NO_PMGID
2025-12,FlashReport_December_2025.pdf,07f56e5457c63192ae7b5b4036f975f7eb058a3364a25a87cdc6ce2369082401,50,25,612791,,,"Re-Construction of Rigid portions of Secondary Runway, K and A Taxiway and Strengthening of C Taxiway at NSCBI Airport Kolkata.",Airport Authority of India [AAI],Aviation & Aviation Infrastructure,West Bengal,2023-04,2023-12,2025-02,2026-08,328.3,328.3,109.99,49.0,NO_LEGACY_CODE;NO_PMGID
2025-12,FlashReport_December_2025.pdf,07f56e5457c63192ae7b5b4036f975f7eb058a3364a25a87cdc6ce2369082401,51,26,615820,,,TIKAK EXTENSION OCP,MIS MoCoal Integration Logins,Coal,Assam,2022-07,2022-07,2031-07,,159.77,159.77,81.47,88.0,NO_LEGACY_CODE;NO_PMGID
2025-12,FlashReport_December_2025.pdf,07f56e5457c63192ae7b5b4036f975f7eb058a3364a25a87cdc6ce2369082401,51,27,615821,,,TIRAP OCP,MIS MoCoal Integration Logins,Coal,Assam,2022-11,2022-11,2030-11,,289.46,289.46,105.61,3.0,NO_LEGACY_CODE;NO_PMGID
2025-12,FlashReport_December_2025.pdf,07f56e5457c63192ae7b5b4036f975f7eb058a3364a25a87cdc6ce2369082401,51,28,400144,,,PORDA CHIMTAPANI OCP [10 MTY],South Eastern Coalfields Limited [SECL],Coal,Chhattisgarh,2020-12,2020-12,2029-03,,2310.12,2310.12,91.43,10.0,NO_LEGACY_CODE;NO_PMGID
2025-12,FlashReport_December_2025.pdf,07f56e5457c63192ae7b5b4036f975f7eb058a3364a25a87cdc6ce2369082401,51,29,400149,,,BAROUD OC EXPANSION [3.0-10.0M,South Eastern Coalfields Limited [SECL],Coal,Chhattisgarh,2020-08,2020-08,2029-03,,2309.8,2309.8,956.88,50.0,NO_LEGACY_CODE;NO_PMGID
2025-12,FlashReport_December_2025.pdf,07f56e5457c63192ae7b5b4036f975f7eb058a3364a25a87cdc6ce2369082401,51,30,400354,,,DIPKA EXPANSION OCP [40 MTY],South Eastern Coalfields Limited [SECL],Coal,Chhattisgarh,2020-12,2020-12,2029-03,,5241.4,5241.4,2862.43,37.0,NO_LEGACY_CODE;NO_PMGID
2025-12,FlashReport_December_2025.pdf,07f56e5457c63192ae7b5b4036f975f7eb058a3364a25a87cdc6ce2369082401,51,31,400424,,,GEVRA OC [70 MTY],South Eastern Coalfields Limited [SECL],Coal,Chhattisgarh,2016-03,2016-03,2023-03,2027-03,11816.4,11816.4,6813.01,78.0,NO_LEGACY_CODE;NO_PMGID
2025-12,FlashReport_December_2025.pdf,07f56e5457c63192ae7b5b4036f975f7eb058a3364a25a87cdc6ce2369082401,51,32,613798,,,AMERA OC RCE [1.0 MTY],South Eastern Coalfields Limited [SECL],Coal,Chhattisgarh,2015-02,2015-02,2026-03,,335.97,335.97,88.28,42.0,NO_LEGACY_CODE;NO_PMGID
2025-12,FlashReport_December_2025.pdf,07f56e5457c63192ae7b5b4036f975f7eb058a3364a25a87cdc6ce2369082401,51,33,613799,,,AMGAON OC RCE [1.0 MTY],South Eastern Coalfields Limited [SECL],Coal,Chhattisgarh,2015-07,2015-07,2026-03,,316.11,316.11,188.72,78.0,NO_LEGACY_CODE;NO_PMGID
2025-12,FlashReport_December_2025.pdf,07f56e5457c63192ae7b5b4036f975f7eb058a3364a25a87cdc6ce2369082401,51,34,613800,,,JAGANNATHPUR OC RCE PROJECT,South Eastern Coalfields Limited [SECL],Coal,Chhattisgarh,2016-07,2016-07,2025-03,2026-03,459.49,459.49,274.35,96.0,NO_LEGACY_CODE;NO_PMGID
2025-12,FlashReport_December_2025.pdf,07f56e5457c63192ae7b5b4036f975f7eb058a3364a25a87cdc6ce2369082401,51,35,613801,,,MAHAMAYA OCP [1.50 MTY],South Eastern Coalfields Limited [SECL],Coal,Chhattisgarh,2018-05,2018-05,2026-03,2028-03,410.26,410.26,183.37,54.0,NO_LEGACY_CODE;NO_PMGID
2025-12,FlashReport_December_2025.pdf,07f56e5457c63192ae7b5b4036f975f7eb058a3364a25a87cdc6ce2369082401,51,36,615191,,,KATKONA RO UG MINE,South Eastern Coalfields Limited [SECL],Coal,Chhattisgarh,2023-01,2023-01,2029-03,,329.21,329.21,61.34,2.0,NO_LEGACY_CODE;NO_PMGID
2025-12,FlashReport_December_2025.pdf,07f56e5457c63192ae7b5b4036f975f7eb058a3364a25a87cdc6ce2369082401,51,37,616234,,,PELMA OC MDO,South Eastern Coalfields Limited [SECL],Coal,Chhattisgarh,2022-10,2022-10,2033-03,,1725.04,1725.04,15.66,40.0,NO_LEGACY_CODE;NO_PMGID
2025-12,FlashReport_December_2025.pdf,07f56e5457c63192ae7b5b4036f975f7eb058a3364a25a87cdc6ce2369082401,51,38,617287,,,KUSMUNDA OC EXPANSION PROJECT,SECL - CIL,Coal,Chhattisgarh,2024-11,2024-11,2030-03,,4516.88,4516.88,783.28,21.0,NO_LEGACY_CODE;NO_PMGID
2025-12,FlashReport_December_2025.pdf,07f56e5457c63192ae7b5b4036f975f7eb058a3364a25a87cdc6ce2369082401,51,39,617288,,,MANIKPUR OC EXPANSION PROJECT,South Eastern Coalfields Limited [SECL],Coal,Chhattisgarh,2025-01,2025-01,2029-03,,382.61,382.61,113.03,21.0,NO_LEGACY_CODE;NO_PMGID
2025-12,FlashReport_December_2025.pdf,07f56e5457c63192ae7b5b4036f975f7eb058a3364a25a87cdc6ce2369082401,51,40,400018,,,HURA C OCP,ECL - CIL,Coal,Jharkhand,2022-08,2022-08,2029-03,,859.41,859.41,453.0,62.0,NO_LEGACY_CODE;NO_PMGID
2025-12,FlashReport_December_2025.pdf,07f56e5457c63192ae7b5b4036f975f7eb058a3364a25a87cdc6ce2369082401,51,41,400073,,,KONAR EXPANSION OCP,Ministry of Coal,Coal,Jharkhand,2022-01,2022-01,2032-03,,799.34,799.34,429.33,45.0,NO_LEGACY_CODE;NO_PMGID
2025-12,FlashReport_December_2025.pdf,07f56e5457c63192ae7b5b4036f975f7eb058a3364a25a87cdc6ce2369082401,51,42,400074,,,KARO EXPANSION OCP,Ministry of Coal,Coal,Jharkhand,2022-01,2022-01,2029-03,,908.47,908.47,269.26,22.0,NO_LEGACY_CODE;NO_PMGID
2025-12,FlashReport_December_2025.pdf,07f56e5457c63192ae7b5b4036f975f7eb058a3364a25a87cdc6ce2369082401,51,43,400136,,,SANGHMITRA OC,Ministry of Coal,Coal,Jharkhand,2024-03,2024-03,2032-03,,2660.0,2660.0,6.61,16.0,NO_LEGACY_CODE;NO_PMGID
2025-12,FlashReport_December_2025.pdf,07f56e5457c63192ae7b5b4036f975f7eb058a3364a25a87cdc6ce2369082401,51,44,400138,,,CHANDRAGUPT OCP,Ministry of Coal,Coal,Jharkhand,2020-08,2020-08,2032-03,,973.5,973.5,440.75,24.0,NO_LEGACY_CODE;NO_PMGID
2025-12,FlashReport_December_2025.pdf,07f56e5457c63192ae7b5b4036f975f7eb058a3364a25a87cdc6ce2369082401,51,45,400139,,,KOTRE BASANTPUR PACHMO OCP,Ministry of Coal,Coal,Jharkhand,2020-08,2020-08,2032-03,,861.06,625.4,455.95,42.0,NO_LEGACY_CODE;NO_PMGID
2025-12,FlashReport_December_2025.pdf,07f56e5457c63192ae7b5b4036f975f7eb058a3364a25a87cdc6ce2369082401,51,46,400142,,,Pachwara South Coal Block,NLC India Limited [NLCIL],Coal,Jharkhand,2016-03,2019-11,2028-09,,2242.9,2242.9,1253.92,74.0,NO_LEGACY_CODE;NO_PMGID
2025-12,FlashReport_December_2025.pdf,07f56e5457c63192ae7b5b4036f975f7eb058a3364a25a87cdc6ce2369082401,51,47,400150,,,RPR MAGADH EXP OCP,Ministry of Coal,Coal,Jharkhand,2020-08,2020-08,2028-03,,7254.37,7254.37,1599.39,38.0,NO_LEGACY_CODE;NO_PMGID
2025-12,FlashReport_December_2025.pdf,07f56e5457c63192ae7b5b4036f975f7eb058a3364a25a87cdc6ce2369082401,51,48,400151,,,NORTH URIMARI EXPANSION OCP,Ministry of Coal,Coal,Jharkhand,2021-07,2021-07,2029-03,,778.8,778.8,696.05,68.0,NO_LEGACY_CODE;NO_PMGID
2025-12,FlashReport_December_2025.pdf,07f56e5457c63192ae7b5b4036f975f7eb058a3364a25a87cdc6ce2369082401,51,49,400153,,,EPR ROHINI - KARKETTA OCP,Ministry of Coal,Coal,Jharkhand,2021-01,2021-01,2028-03,,1020.42,1020.42,84.74,21.0,NO_LEGACY_CODE;NO_PMGID
2025-12,FlashReport_December_2025.pdf,07f56e5457c63192ae7b5b4036f975f7eb058a3364a25a87cdc6ce2369082401,51,50,400154,,,EPR PUNDI OCP,Ministry of Coal,Coal,Jharkhand,2020-11,2020-11,2027-03,,713.35,713.35,236.58,10.0,NO_LEGACY_CODE;NO_PMGID
2025-12,FlashReport_December_2025.pdf,07f56e5457c63192ae7b5b4036f975f7eb058a3364a25a87cdc6ce2369082401,51,51,400155,,,EPR ASHOK OC,Ministry of Coal,Coal,Jharkhand,2021-05,2021-05,2031-03,,2898.28,2898.28,185.04,24.0,NO_LEGACY_CODE;NO_PMGID
2025-12,FlashReport_December_2025.pdf,07f56e5457c63192ae7b5b4036f975f7eb058a3364a25a87cdc6ce2369082401,51,52,400156,,,EPR AMRAPALI OCP,Ministry of Coal,Coal,Jharkhand,2020-02,2020-02,2028-03,,5136.15,5136.15,1257.44,42.0,NO_LEGACY_CODE;NO_PMGID
2025-12,FlashReport_December_2025.pdf,07f56e5457c63192ae7b5b4036f975f7eb058a3364a25a87cdc6ce2369082401,51,53,400160,,,RAJRAPPA RCE OCP,Ministry of Coal,Coal,Jharkhand,2009-12,2009-12,2016-03,2027-03,510.85,510.85,488.69,76.0,NO_LEGACY_CODE;NO_PMGID
2025-12,FlashReport_December_2025.pdf,07f56e5457c63192ae7b5b4036f975f7eb058a3364a25a87cdc6ce2369082401,51,54,400172,,,CHITRA EAST OC,Eastern Coal Fields Limited [ECL],Coal,Jharkhand,2018-08,2018-08,2026-03,2028-03,513.99,513.99,230.87,51.0,NO_LEGACY_CODE;NO_PMGID
2025-12,FlashReport_December_2025.pdf,07f56e5457c63192ae7b5b4036f975f7eb058a3364a25a87cdc6ce2369082401,52,55,400352,,,JHARKHAND-LAIYO OCP,Ministry of Coal,Coal,Jharkhand,2020-08,2020-08,2031-03,,764.57,764.57,145.81,29.0,NO_LEGACY_CODE;NO_PMGID
2025-12,FlashReport_December_2025.pdf,07f56e5457c63192ae7b5b4036f975f7eb058a3364a25a87cdc6ce2369082401,52,56,400425,,,MOONIDIH XV SEAM UG,Ministry of Coal,Coal,Jharkhand,2011-08,2011-08,2019-03,2026-05,1230.27,1230.27,635.78,82.0,NO_LEGACY_CODE;NO_PMGID
2025-12,FlashReport_December_2025.pdf,07f56e5457c63192ae7b5b4036f975f7eb058a3364a25a87cdc6ce2369082401,52,57,611017,,,2.5 MTPA PATHERDIH NLW WASHERY,Ministry of Coal,Coal,Jharkhand,2015-10,2016-04,2018-04,2026-03,334.27,334.27,151.09,49.0,NO_LEGACY_CODE;NO_PMGID
2025-12,FlashReport_December_2025.pdf,07f56e5457c63192ae7b5b4036f975f7eb058a3364a25a87cdc6ce2369082401,52,58,611864,,,AMALAGAMATED NTST KUJAMA OCP 8.5MTY,Ministry of Coal,Coal,Jharkhand,2023-01,2023-01,2030-03,,4011.85,4011.85,414.41,28.0,NO_LEGACY_CODE;NO_PMGID
2025-12,FlashReport_December_2025.pdf,07f56e5457c63192ae7b5b4036f975f7eb058a3364a25a87cdc6ce2369082401,52,59,613808,,,MURAIDIH UG PROJECT,Ministry of Coal,Coal,Jharkhand,2011-02,2011-02,2014-04,2026-12,339.87,339.87,191.0,70.0,NO_LEGACY_CODE;NO_PMGID
2025-12,FlashReport_December_2025.pdf,07f56e5457c63192ae7b5b4036f975f7eb058a3364a25a87cdc6ce2369082401,52,60,615349,,,TAPIN SOUTH EXPN,Ministry of Coal,Coal,Jharkhand,2020-11,2020-11,2028-03,,230.41,230.41,22.02,21.0,NO_LEGACY_CODE;NO_PMGID
2025-12,FlashReport_December_2025.pdf,07f56e5457c63192ae7b5b4036f975f7eb058a3364a25a87cdc6ce2369082401,52,61,615822,,,SIRKA OC,Ministry of Coal,Coal,Jharkhand,2020-05,2020-05,2028-03,,222.82,222.82,140.58,53.0,NO_LEGACY_CODE;NO_PMGID
2025-12,FlashReport_December_2025.pdf,07f56e5457c63192ae7b5b4036f975f7eb058a3364a25a87cdc6ce2369082401,52,62,615843,,,TETARIAKHAR OC,Ministry of Coal,Coal,Jharkhand,2019-11,2019-11,2025-03,2027-03,243.52,243.52,49.54,29.0,NO_LEGACY_CODE;NO_PMGID
2025-12,FlashReport_December_2025.pdf,07f56e5457c63192ae7b5b4036f975f7eb058a3364a25a87cdc6ce2369082401,52,63,616225,,,CHUPERBHITA SIMLONG OCP MDO 6,Eastern Coal Fields Limited [ECL],Coal,Jharkhand,2023-12,2023-12,2037-03,,979.08,979.08,0.0,0.0,NO_LEGACY_CODE;NO_PMGID
2025-12,FlashReport_December_2025.pdf,07f56e5457c63192ae7b5b4036f975f7eb058a3364a25a87cdc6ce2369082401,52,64,616236,,,JARANGDIH EXPN. OCP 1.5 MTY,CCL - CIL,Coal,Jharkhand,2020-02,2020-02,2029-03,,414.37,414.37,85.6,33.0,NO_LEGACY_CODE;NO_PMGID
2025-12,FlashReport_December_2025.pdf,07f56e5457c63192ae7b5b4036f975f7eb058a3364a25a87cdc6ce2369082401,52,65,616253,,,BLOCK E OCP,Ministry of Coal,Coal,Jharkhand,2024-03,2024-03,2029-03,,5850.83,5850.83,20.32,3.0,NO_LEGACY_CODE;NO_PMGID
2025-12,FlashReport_December_2025.pdf,07f56e5457c63192ae7b5b4036f975f7eb058a3364a25a87cdc6ce2369082401,52,66,617416,,,"Revised Jharia Master Plan for Dealing with Fire, Subsidence & Rehabilitation of affected families in Jharia Coalfield- Reg.",BCCL,Coal,Jharkhand,2025-06,2025-07,2028-12,,5940.47,5940.47,26.31,19.0,NO_LEGACY_CODE;NO_PMGID
2025-12,FlashReport_December_2025.pdf,07f56e5457c63192ae7b5b4036f975f7eb058a3364a25a87cdc6ce2369082401,52,67,400148,,,AMADAND OCP[4.0MTY],Ministry of Coal,Coal,Madhya Pradesh,2016-03,2016-03,2021-03,2027-03,869.44,869.44,278.78,75.0,NO_LEGACY_CODE;NO_PMGID
2025-12,FlashReport_December_2025.pdf,07f56e5457c63192ae7b5b4036f975f7eb058a3364a25a87cdc6ce2369082401,52,68,400152,,,RAMPUR BATURA OCP [4.0MTY],South Eastern Coalfields Limited [SECL],Coal,Madhya Pradesh,2019-07,2019-07,2026-03,,1248.93,1248.93,498.6,44.0,NO_LEGACY_CODE;NO_PMGID
2025-12,FlashReport_December_2025.pdf,07f56e5457c63192ae7b5b4036f975f7eb058a3364a25a87cdc6ce2369082401,52,69,400162,,,BLOCK B EXPANSION [3.5 TO 8.0,Northern Coalfields Limited [NCL],Coal,Madhya Pradesh,2019-07,2019-07,2023-03,2027-03,998.71,998.71,488.66,48.0,NO_LEGACY_CODE;NO_PMGID
2025-12,FlashReport_December_2025.pdf,07f56e5457c63192ae7b5b4036f975f7eb058a3364a25a87cdc6ce2369082401,52,70,400321,,,NIGAHI EXPANSION [15 TO 25 MTP,Northern Coalfields Limited [NCL],Coal,Madhya Pradesh,2020-11,2020-11,2025-03,2028-03,1729.68,1729.68,859.8,48.0,NO_LEGACY_CODE;NO_PMGID
2025-12,FlashReport_December_2025.pdf,07f56e5457c63192ae7b5b4036f975f7eb058a3364a25a87cdc6ce2369082401,52,71,613802,,,KANCHAN OC EXP,South Eastern Coalfields Limited [SECL],Coal,Madhya Pradesh,2014-12,2014-12,2026-03,2028-03,371.04,371.04,144.61,58.0,NO_LEGACY_CODE;NO_PMGID
2025-12,FlashReport_December_2025.pdf,07f56e5457c63192ae7b5b4036f975f7eb058a3364a25a87cdc6ce2369082401,52,72,613803,,,JHIRIA WEST OCP [1.5 MTY],South Eastern Coalfields Limited [SECL],Coal,Madhya Pradesh,2024-01,2024-01,2029-03,,366.94,366.94,34.12,41.0,NO_LEGACY_CODE;NO_PMGID
2025-12,FlashReport_December_2025.pdf,07f56e5457c63192ae7b5b4036f975f7eb058a3364a25a87cdc6ce2369082401,52,73,613804,,,RPR TAWA-III UG 0.84 MTY,Western Coalfields Limited [WCL],Coal,Madhya Pradesh,2021-12,2021-12,2027-03,,314.09,314.09,6.08,17.0,NO_LEGACY_CODE;NO_PMGID
2025-12,FlashReport_December_2025.pdf,07f56e5457c63192ae7b5b4036f975f7eb058a3364a25a87cdc6ce2369082401,52,74,615185,,,AMALGAMATED DHANKASA & JAMUNIA,Western Coalfields Limited [WCL],Coal,Madhya Pradesh,2022-09,2022-09,2027-03,,399.2,399.2,96.21,66.0,NO_LEGACY_CODE;NO_PMGID
2025-12,FlashReport_December_2025.pdf,07f56e5457c63192ae7b5b4036f975f7eb058a3364a25a87cdc6ce2369082401,52,75,615187,,,RPR OF VISHNUPURI UG TO OC,Western Coalfields Limited [WCL],Coal,Madhya Pradesh,2022-11,2022-11,2029-03,,220.62,220.62,0.0,11.0,NO_LEGACY_CODE;NO_PMGID
2025-12,FlashReport_December_2025.pdf,07f56e5457c63192ae7b5b4036f975f7eb058a3364a25a87cdc6ce2369082401,52,76,615194,,,URDHAN EXPANSION OC COST PLUS,Western Coalfields Limited [WCL],Coal,Madhya Pradesh,2022-07,2023-01,2031-03,,206.88,206.88,27.19,0.0,NO_LEGACY_CODE;NO_PMGID
2025-12,FlashReport_December_2025.pdf,07f56e5457c63192ae7b5b4036f975f7eb058a3364a25a87cdc6ce2369082401,52,77,615195,,,SHARDA UG MINE,Western Coalfields Limited [WCL],Coal,Madhya Pradesh,2022-07,2023-09,2028-03,,166.25,166.25,4.41,9.0,NO_LEGACY_CODE;NO_PMGID
2025-12,FlashReport_December_2025.pdf,07f56e5457c63192ae7b5b4036f975f7eb058a3364a25a87cdc6ce2369082401,52,78,615206,,,GANDHIGRAM UG MINE,Western Coalfields Limited [WCL],Coal,Madhya Pradesh,2019-08,2019-08,2026-03,,414.15,414.15,18.04,56.0,NO_LEGACY_CODE;NO_PMGID
2025-12,FlashReport_December_2025.pdf,07f56e5457c63192ae7b5b4036f975f7eb058a3364a25a87cdc6ce2369082401,52,79,400033,,,BHATADI EXPANSION OC,Western Coalfields Limited [WCL],Coal,Maharashtra,2020-02,2022-05,2028-03,,580.61,580.61,84.73,31.0,NO_LEGACY_CODE;NO_PMGID
2025-12,FlashReport_December_2025.pdf,07f56e5457c63192ae7b5b4036f975f7eb058a3364a25a87cdc6ce2369082401,52,80,400177,,,AMALGAMATED YEKONA I & YEKONA,Western Coalfields Limited [WCL],Coal,Maharashtra,2015-08,2015-08,2025-03,2026-03,727.28,727.28,539.9,80.0,NO_LEGACY_CODE;NO_PMGID
2025-12,FlashReport_December_2025.pdf,07f56e5457c63192ae7b5b4036f975f7eb058a3364a25a87cdc6ce2369082401,52,81,400178,,,DINESH[MAKARDHOKRA-III] OC,Western Coalfields Limited [WCL],Coal,Maharashtra,2020-02,2020-02,2027-03,,822.88,822.88,623.1,34.0,NO_LEGACY_CODE;NO_PMGID
2025-12,FlashReport_December_2025.pdf,07f56e5457c63192ae7b5b4036f975f7eb058a3364a25a87cdc6ce2369082401,52,82,400353,,,DHUPTALA OC [SASTI UG TO OC ],Western Coalfields Limited [WCL],Coal,Maharashtra,2019-02,2021-10,2028-03,,711.01,711.01,169.79,19.0,NO_LEGACY_CODE;NO_PMGID
2025-12,FlashReport_December_2025.pdf,07f56e5457c63192ae7b5b4036f975f7eb058a3364a25a87cdc6ce2369082401,52,83,615184,,,SAONER UG MINE -1 EXPANSION 1.,Western Coalfields Limited [WCL],Coal,Maharashtra,2022-01,2022-01,2028-03,,228.64,228.64,146.08,68.0,NO_LEGACY_CODE;NO_PMGID
2025-12,FlashReport_December_2025.pdf,07f56e5457c63192ae7b5b4036f975f7eb058a3364a25a87cdc6ce2369082401,52,84,615186,,,SASTI EXPANSION OPENCAST,Western Coalfields Limited [WCL],Coal,Maharashtra,2020-08,2020-08,2026-03,,319.04,319.04,91.82,20.0,NO_LEGACY_CODE;NO_PMGID
2025-12,FlashReport_December_2025.pdf,07f56e5457c63192ae7b5b4036f975f7eb058a3364a25a87cdc6ce2369082401,52,85,615188,,,NEW MAJRI UG TO OC 3 MTY COST,Western Coalfields Limited [WCL],Coal,Maharashtra,2019-05,2022-09,2027-03,,402.27,402.27,60.25,24.0,NO_LEGACY_CODE;NO_PMGID
2025-12,FlashReport_December_2025.pdf,07f56e5457c63192ae7b5b4036f975f7eb058a3364a25a87cdc6ce2369082401,53,86,615189,,,MAKARDHOKRA EXPN OC 4.9 MTY,Western Coalfields Limited [WCL],Coal,Maharashtra,2022-06,2022-06,2026-03,,361.87,361.87,85.39,11.0,NO_LEGACY_CODE;NO_PMGID
2025-12,FlashReport_December_2025.pdf,07f56e5457c63192ae7b5b4036f975f7eb058a3364a25a87cdc6ce2369082401,53,87,615190,,,SINGHORI DEEP OC MIN 2.0 MTY,Western Coalfields Limited [WCL],Coal,Maharashtra,2022-05,2022-05,2029-03,,335.75,335.75,35.89,6.0,NO_LEGACY_CODE;NO_PMGID
2025-12,FlashReport_December_2025.pdf,07f56e5457c63192ae7b5b4036f975f7eb058a3364a25a87cdc6ce2369082401,53,88,615192,,,GOKUL EXTENSION OC MINE,Western Coalfields Limited [WCL],Coal,Maharashtra,2021-04,2021-04,2026-03,,309.58,309.58,46.56,8.0,NO_LEGACY_CODE;NO_PMGID
2025-12,FlashReport_December_2025.pdf,07f56e5457c63192ae7b5b4036f975f7eb058a3364a25a87cdc6ce2369082401,53,89,615199,,,KOLGAON EXPANSION DEEP OC MINE,Western Coalfields Limited [WCL],Coal,Maharashtra,2023-01,2023-09,2027-03,,198.71,198.71,12.89,2.0,NO_LEGACY_CODE;NO_PMGID
2025-12,FlashReport_December_2025.pdf,07f56e5457c63192ae7b5b4036f975f7eb058a3364a25a87cdc6ce2369082401,53,90,615330,,,BALLARPUR NORTH WEST OC MINE,Western Coalfields Limited [WCL],Coal,Maharashtra,2022-12,2022-12,2029-03,,360.81,360.81,0.02,4.0,NO_LEGACY_CODE;NO_PMGID
2025-12,FlashReport_December_2025.pdf,07f56e5457c63192ae7b5b4036f975f7eb058a3364a25a87cdc6ce2369082401,53,91,615331,,,GADEGAON OC 3 MTY,Western Coalfields Limited [WCL],Coal,Maharashtra,2023-10,2023-10,2030-03,,497.41,497.41,0.08,0.0,NO_LEGACY_CODE;NO_PMGID
2025-12,FlashReport_December_2025.pdf,07f56e5457c63192ae7b5b4036f975f7eb058a3364a25a87cdc6ce2369082401,53,92,615914,,,GHONSA EXPANSION DEEP OC MINE,Western Coalfields Limited [WCL],Coal,Maharashtra,2021-03,2021-03,2029-03,,184.71,184.71,14.88,5.0,NO_LEGACY_CODE;NO_PMGID
2025-12,FlashReport_December_2025.pdf,07f56e5457c63192ae7b5b4036f975f7eb058a3364a25a87cdc6ce2369082401,53,93,615916,,,AMLG GAURI PAUNI EXPANSION OC,Western Coalfields Limited [WCL],Coal,Maharashtra,2024-04,2024-04,2030-03,,1225.21,1225.21,80.14,2.0,NO_LEGACY_CODE;NO_PMGID
2025-12,FlashReport_December_2025.pdf,07f56e5457c63192ae7b5b4036f975f7eb058a3364a25a87cdc6ce2369082401,53,94,615917,,,GAURIDEEP/GAURI CENTRAL OCP 7.,Western Coalfields Limited [WCL],Coal,Maharashtra,2023-08,2024-06,2030-03,,973.07,973.07,0.67,0.0,NO_LEGACY_CODE;NO_PMGID
2025-12,FlashReport_December_2025.pdf,07f56e5457c63192ae7b5b4036f975f7eb058a3364a25a87cdc6ce2369082401,53,95,615918,,,RPR OF BHANEGAON OC,Western Coalfields Limited [WCL],Coal,Maharashtra,2017-02,2022-09,2028-03,,405.2,405.2,12.64,7.0,NO_LEGACY_CODE;NO_PMGID
2025-12,FlashReport_December_2025.pdf,07f56e5457c63192ae7b5b4036f975f7eb058a3364a25a87cdc6ce2369082401,53,96,615919,,,N. EXTN. MUNGOLI NIRGUDA D OCP,Western Coalfields Limited [WCL],Coal,Maharashtra,2024-06,2024-06,2029-03,,1024.91,1024.91,175.86,0.0,NO_LEGACY_CODE;NO_PMGID
2025-12,FlashReport_December_2025.pdf,07f56e5457c63192ae7b5b4036f975f7eb058a3364a25a87cdc6ce2369082401,53,97,615982,,,NILJAI EXPANSION DEEP OCP,Western Coalfields Limited [WCL],Coal,Maharashtra,2016-08,2016-08,2022-03,2026-03,319.75,319.75,187.1,79.0,NO_LEGACY_CODE;NO_PMGID
2025-12,FlashReport_December_2025.pdf,07f56e5457c63192ae7b5b4036f975f7eb058a3364a25a87cdc6ce2369082401,53,98,616044,,,UKNI DEEP OC MINE -COST PLUS,Western Coalfields Limited [WCL],Coal,Maharashtra,2018-11,2019-01,2021-03,2026-03,237.06,237.06,165.81,87.0,NO_LEGACY_CODE;NO_PMGID
2025-12,FlashReport_December_2025.pdf,07f56e5457c63192ae7b5b4036f975f7eb058a3364a25a87cdc6ce2369082401,53,99,616050,,,AMALGAMATED INDER-KAMPTEE DEEP,Western Coalfields Limited [WCL],Coal,Maharashtra,2018-09,2018-09,2024-03,2026-03,235.9,235.9,132.25,98.0,NO_LEGACY_CODE;NO_PMGID
2025-12,FlashReport_December_2025.pdf,07f56e5457c63192ae7b5b4036f975f7eb058a3364a25a87cdc6ce2369082401,53,100,616223,,,ADASA UG TO OC MINE,Western Coalfields Limited [WCL],Coal,Maharashtra,2018-11,2018-11,2024-03,2026-03,316.0,316.0,208.73,86.0,NO_LEGACY_CODE;NO_PMGID
2025-12,FlashReport_December_2025.pdf,07f56e5457c63192ae7b5b4036f975f7eb058a3364a25a87cdc6ce2369082401,53,101,616229,,,AMAL GONDEGAON GHATROHANA EXPN,Western Coalfields Limited [WCL],Coal,Maharashtra,2024-09,2024-09,2029-03,,668.54,668.54,1.19,0.0,NO_LEGACY_CODE;NO_PMGID
2025-12,FlashReport_December_2025.pdf,07f56e5457c63192ae7b5b4036f975f7eb058a3364a25a87cdc6ce2369082401,53,102,617233,,,WAGHODA UG MINE [1.02 MTY],Western Coalfields Limited [WCL],Coal,Maharashtra,2024-01,2025-01,2030-03,,379.3,379.3,0.0,0.0,NO_LEGACY_CODE;NO_PMGID
2025-12,FlashReport_December_2025.pdf,07f56e5457c63192ae7b5b4036f975f7eb058a3364a25a87cdc6ce2369082401,53,103,617278,,,KOLARPIMPRI EXPANSION OC [2.5,Western Coalfields Limited [WCL],Coal,Maharashtra,2024-06,2025-02,2030-03,,630.37,630.37,0.0,0.0,NO_LEGACY_CODE;NO_PMGID
2025-12,FlashReport_December_2025.pdf,07f56e5457c63192ae7b5b4036f975f7eb058a3364a25a87cdc6ce2369082401,53,104,400313,,,Master Plan for Jharia and Raniganj Coalfields,Bharat Coking Coal Limited [BCCL],Coal,"Multi-States (Jharkhand, West Bengal)",2009-08,2009-08,2019-08,2028-12,2661.73,2661.73,792.93,43.0,NO_LEGACY_CODE;NO_PMGID;MULTILINE_STATE
2025-12,FlashReport_December_2025.pdf,07f56e5457c63192ae7b5b4036f975f7eb058a3364a25a87cdc6ce2369082401,53,105,400369,,,BINA KAKRI AMALGAMATION EXPANS,Northern Coalfields Limited [NCL],Coal,"Multi-States (Madhya Pradesh, Uttar Pradesh)",2020-08,2020-08,2024-03,2027-03,836.42,836.42,829.04,89.0,NO_LEGACY_CODE;NO_PMGID;MULTILINE_STATE
2025-12,FlashReport_December_2025.pdf,07f56e5457c63192ae7b5b4036f975f7eb058a3364a25a87cdc6ce2369082401,53,106,615183,,,KHADIA EXPANSION [10 TO 16 MTP,Northern Coalfields Limited [NCL],Coal,"Multi-States (Madhya Pradesh, Uttar Pradesh)",2021-06,2021-06,2025-03,2027-03,491.67,491.67,258.02,52.0,NO_LEGACY_CODE;NO_PMGID;MULTILINE_STATE
2025-12,FlashReport_December_2025.pdf,07f56e5457c63192ae7b5b4036f975f7eb058a3364a25a87cdc6ce2369082401,53,107,400165,,,SUBHADRA OCP,Mahanadi Coalfields Limited [MCL],Coal,Odisha,2021-05,2021-05,2032-04,,1693.81,1693.81,1326.59,42.0,NO_LEGACY_CODE;NO_PMGID
2025-12,FlashReport_December_2025.pdf,07f56e5457c63192ae7b5b4036f975f7eb058a3364a25a87cdc6ce2369082401,53,108,400166,,,SIARMAL OCP,Mahanadi Coalfields Limited [MCL],Coal,Odisha,2021-02,2021-02,2029-03,,5194.95,5194.95,3462.73,57.0,NO_LEGACY_CODE;NO_PMGID
2025-12,FlashReport_December_2025.pdf,07f56e5457c63192ae7b5b4036f975f7eb058a3364a25a87cdc6ce2369082401,53,109,400183,,,BALARAM EXPANSION OCP,MCL,Coal,Odisha,2020-08,2020-08,2029-03,,3504.21,3504.21,927.17,53.0,NO_LEGACY_CODE;NO_PMGID
2025-12,FlashReport_December_2025.pdf,07f56e5457c63192ae7b5b4036f975f7eb058a3364a25a87cdc6ce2369082401,53,110,400185,,,GOPALJI KANIHA OCP [10 TO 30 M,MCL - CIL,Coal,Odisha,2022-04,2022-04,2030-03,,8416.19,6107.87,1745.72,17.0,NO_LEGACY_CODE;NO_PMGID
2025-12,FlashReport_December_2025.pdf,07f56e5457c63192ae7b5b4036f975f7eb058a3364a25a87cdc6ce2369082401,53,111,400187,,,INTEGRATED LAKHANPUR-BELPAHAR-,Mahanadi Coalfields Limited [MCL],Coal,Odisha,2018-05,2018-05,2027-03,,2434.75,2434.75,1859.96,71.0,NO_LEGACY_CODE;NO_PMGID
2025-12,FlashReport_December_2025.pdf,07f56e5457c63192ae7b5b4036f975f7eb058a3364a25a87cdc6ce2369082401,53,112,400392,,,BHARATPUR RE-ORGANIZATION OCP,Mahanadi Coalfields Limited [MCL],Coal,Odisha,2018-11,2018-11,2029-03,,2838.86,2838.86,1676.51,48.0,NO_LEGACY_CODE;NO_PMGID
2025-12,FlashReport_December_2025.pdf,07f56e5457c63192ae7b5b4036f975f7eb058a3364a25a87cdc6ce2369082401,53,113,615193,,,BASUNDHARA WEST EXTENSION OPEN,MCL - CIL,Coal,Odisha,2014-05,2014-05,2019-03,2029-03,479.15,479.15,275.1,65.0,NO_LEGACY_CODE;NO_PMGID
2025-12,FlashReport_December_2025.pdf,07f56e5457c63192ae7b5b4036f975f7eb058a3364a25a87cdc6ce2369082401,53,114,615857,,,Naini Coal Mine,Singareni Collieries Company Limited [SCCL],Coal,Odisha,2020-03,2020-03,2026-03,,494.3,494.3,491.33,80.0,NO_LEGACY_CODE;NO_PMGID
2025-12,FlashReport_December_2025.pdf,07f56e5457c63192ae7b5b4036f975f7eb058a3364a25a87cdc6ce2369082401,53,115,616226,,,INTEGRATED KULDA GARJANBAHAL O,Mahanadi Coalfields Limited [MCL],Coal,Odisha,2023-04,2023-04,2033-03,,3563.5,3563.5,604.11,3.0,NO_LEGACY_CODE;NO_PMGID
2025-12,FlashReport_December_2025.pdf,07f56e5457c63192ae7b5b4036f975f7eb058a3364a25a87cdc6ce2369082401,53,116,616231,,,BHUBANESWARI EXPN OCP 50 MTY,MCL - CIL,Coal,Odisha,2024-03,2024-03,2033-03,,5366.27,5366.27,472.43,29.0,NO_LEGACY_CODE;NO_PMGID
2025-12,FlashReport_December_2025.pdf,07f56e5457c63192ae7b5b4036f975f7eb058a3364a25a87cdc6ce2369082401,54,117,616232,,,HINGULA II OC EXPN PH III 15 M,MCL - CIL,Coal,Odisha,2022-11,2022-11,2029-03,,1561.85,1561.85,274.97,24.0,NO_LEGACY_CODE;NO_PMGID
2025-12,FlashReport_December_2025.pdf,07f56e5457c63192ae7b5b4036f975f7eb058a3364a25a87cdc6ce2369082401,54,118,616233,,,BALABHADRA OCP,MCL - CIL,Coal,Odisha,2023-04,2023-04,2030-03,,978.44,978.44,214.56,12.0,NO_LEGACY_CODE;NO_PMGID
2025-12,FlashReport_December_2025.pdf,07f56e5457c63192ae7b5b4036f975f7eb058a3364a25a87cdc6ce2369082401,54,119,618982,,,Talabira II & III OCP - FMC,NLC India Limited [NLCIL],Coal,Odisha,2022-10,2023-05,2026-06,,522.45,522.45,311.28,68.0,NO_LEGACY_CODE;NO_PMGID
2025-12,FlashReport_December_2025.pdf,07f56e5457c63192ae7b5b4036f975f7eb058a3364a25a87cdc6ce2369082401,54,120,615818,,,Jawahar Khani Open Cast Mine,Singareni Collieries Company Limited [SCCL],Coal,Telangana,2021-12,2021-12,2025-03,2027-03,297.88,297.88,47.06,20.0,NO_LEGACY_CODE;NO_PMGID
2025-12,FlashReport_December_2025.pdf,07f56e5457c63192ae7b5b4036f975f7eb058a3364a25a87cdc6ce2369082401,54,121,615858,,,Kalyanikhani Opencast Project,Singareni Collieries Company Limited [SCCL],Coal,Telangana,2016-03,2017-05,2026-03,,384.32,384.32,284.94,75.0,NO_LEGACY_CODE;NO_PMGID
2025-12,FlashReport_December_2025.pdf,07f56e5457c63192ae7b5b4036f975f7eb058a3364a25a87cdc6ce2369082401,54,122,615860,,,Godavarikhani Coal Mine - 5,Singareni Collieries Company Limited [SCCL],Coal,Telangana,2019-07,2019-05,2025-03,2026-03,607.04,607.04,196.67,71.0,NO_LEGACY_CODE;NO_PMGID
2025-12,FlashReport_December_2025.pdf,07f56e5457c63192ae7b5b4036f975f7eb058a3364a25a87cdc6ce2369082401,54,123,615861,,,Indaram Opencast Project,Singareni Collieries Company Limited [SCCL],Coal,Telangana,2017-08,2022-12,2025-03,2026-03,424.81,424.81,405.12,80.0,NO_LEGACY_CODE;NO_PMGID
2025-12,FlashReport_December_2025.pdf,07f56e5457c63192ae7b5b4036f975f7eb058a3364a25a87cdc6ce2369082401,54,124,615862,,,Goleti Opencast Mine,Singareni Collieries Company Limited [SCCL],Coal,Telangana,2021-07,2021-08,2026-03,,345.6,345.6,80.24,21.0,NO_LEGACY_CODE;NO_PMGID
2025-12,FlashReport_December_2025.pdf,07f56e5457c63192ae7b5b4036f975f7eb058a3364a25a87cdc6ce2369082401,54,125,615863,,,Venkatesh Khani Coal Mine,Singareni Collieries Company Limited [SCCL],Coal,Telangana,2020-10,2020-06,2026-03,,484.5,484.5,477.14,97.0,NO_LEGACY_CODE;NO_PMGID
2025-12,FlashReport_December_2025.pdf,07f56e5457c63192ae7b5b4036f975f7eb058a3364a25a87cdc6ce2369082401,54,126,615865,,,Kakatiyakhani OC - 2 Project,Singareni Collieries Company Limited [SCCL],Coal,Telangana,2017-08,2017-09,2025-03,2026-03,442.42,442.42,230.39,63.0,NO_LEGACY_CODE;NO_PMGID
2025-12,FlashReport_December_2025.pdf,07f56e5457c63192ae7b5b4036f975f7eb058a3364a25a87cdc6ce2369082401,54,127,400173,,,MOHANPUR EXPANSION OC -PHASE I,Eastern Coal Fields Limited [ECL],Coal,West Bengal,2020-11,2020-11,2026-03,2030-03,888.99,888.99,119.09,30.0,NO_LEGACY_CODE;NO_PMGID
2025-12,FlashReport_December_2025.pdf,07f56e5457c63192ae7b5b4036f975f7eb058a3364a25a87cdc6ce2369082401,54,128,400180,,,BONJEMEHARI EXPANSION OCP,Eastern Coal Fields Limited [ECL],Coal,West Bengal,2021-08,2021-08,2026-03,2030-03,570.11,570.11,83.36,16.0,NO_LEGACY_CODE;NO_PMGID
2025-12,FlashReport_December_2025.pdf,07f56e5457c63192ae7b5b4036f975f7eb058a3364a25a87cdc6ce2369082401,54,129,400181,,,NAKRAKONDA KUMARDIH- B OCP,Eastern Coal Fields Limited [ECL],Coal,West Bengal,2018-08,2018-08,2029-03,,502.68,502.67,71.85,26.0,NO_LEGACY_CODE;NO_PMGID
2025-12,FlashReport_December_2025.pdf,07f56e5457c63192ae7b5b4036f975f7eb058a3364a25a87cdc6ce2369082401,54,130,400182,,,SIDULI [OC & UG],ECL - CIL,Coal,West Bengal,2018-05,2018-05,2027-03,2030-03,535.18,535.17,5.32,14.0,NO_LEGACY_CODE;NO_PMGID
2025-12,FlashReport_December_2025.pdf,07f56e5457c63192ae7b5b4036f975f7eb058a3364a25a87cdc6ce2369082401,54,131,400186,,,TILABONI UG,Eastern Coal Fields Limited [ECL],Coal,West Bengal,2023-01,2023-01,2029-03,,749.08,749.07,52.89,10.0,NO_LEGACY_CODE;NO_PMGID
2025-12,FlashReport_December_2025.pdf,07f56e5457c63192ae7b5b4036f975f7eb058a3364a25a87cdc6ce2369082401,54,132,400312,,,JHANJRA EXPANSION UG,Eastern Coal Fields Limited [ECL],Coal,West Bengal,2020-04,2020-04,2029-03,,1210.12,1210.12,550.2,44.0,NO_LEGACY_CODE;NO_PMGID
2025-12,FlashReport_December_2025.pdf,07f56e5457c63192ae7b5b4036f975f7eb058a3364a25a87cdc6ce2369082401,54,133,400315,,,SONEPUR BAZARI EXPANSION OCP [,Eastern Coal Fields Limited [ECL],Coal,West Bengal,2021-07,2021-07,2029-03,,5365.88,5365.88,596.74,17.0,NO_LEGACY_CODE;NO_PMGID
2025-12,FlashReport_December_2025.pdf,07f56e5457c63192ae7b5b4036f975f7eb058a3364a25a87cdc6ce2369082401,54,134,611016,,,2.0 MTPA BHOJUDIH NLW WASHERY,Ministry of Coal,Coal,West Bengal,2015-12,2019-03,2020-09,2025-12,384.57,384.57,358.11,97.0,NO_LEGACY_CODE;NO_PMGID
2025-12,FlashReport_December_2025.pdf,07f56e5457c63192ae7b5b4036f975f7eb058a3364a25a87cdc6ce2369082401,54,135,612816,,,ITAPARA OCP,Eastern Coal Fields Limited [ECL],Coal,West Bengal,2023-12,2023-12,2030-03,,929.1,929.1,69.88,7.0,NO_LEGACY_CODE;NO_PMGID
2025-12,FlashReport_December_2025.pdf,07f56e5457c63192ae7b5b4036f975f7eb058a3364a25a87cdc6ce2369082401,54,136,613793,,,SHYAMSUNDARPUR UG INCLUDING SA,Eastern Coal Fields Limited [ECL],Coal,West Bengal,2020-04,2020-04,2026-03,2028-03,483.65,483.65,61.75,16.0,NO_LEGACY_CODE;NO_PMGID
2025-12,FlashReport_December_2025.pdf,07f56e5457c63192ae7b5b4036f975f7eb058a3364a25a87cdc6ce2369082401,54,137,613794,,,PARASEA-BELBAID UG PROJECT,Eastern Coal Fields Limited [ECL],Coal,West Bengal,2023-01,2023-01,2028-03,,389.1,389.1,132.48,21.0,NO_LEGACY_CODE;NO_PMGID
2025-12,FlashReport_December_2025.pdf,07f56e5457c63192ae7b5b4036f975f7eb058a3364a25a87cdc6ce2369082401,54,138,616230,,,PARASCOLE JAMBAD OCP,Eastern Coal Fields Limited [ECL],Coal,West Bengal,2024-11,2024-11,2037-03,,1193.55,1193.55,10.9,0.0,NO_LEGACY_CODE;NO_PMGID
2025-12,FlashReport_December_2025.pdf,07f56e5457c63192ae7b5b4036f975f7eb058a3364a25a87cdc6ce2369082401,54,139,617299,,,50 MW Wind Power Project,NLC India Limited [NLCIL],Electricity Generation,Gujarat,2022-07,2024-01,2025-06,2026-01,383.84,383.84,323.92,51.0,NO_LEGACY_CODE;NO_PMGID
2025-12,FlashReport_December_2025.pdf,07f56e5457c63192ae7b5b4036f975f7eb058a3364a25a87cdc6ce2369082401,54,140,617730,,,600 MW Khavda Solar Power Project,NLC India Limited [NLCIL],Electricity Generation,Gujarat,2023-08,2024-06,2026-06,,3335.85,3335.85,1143.13,25.0,NO_LEGACY_CODE;NO_PMGID
2025-12,FlashReport_December_2025.pdf,07f56e5457c63192ae7b5b4036f975f7eb058a3364a25a87cdc6ce2369082401,54,141,618991,,,200 MW SPP part of 510 MW CPSU scheme,NLC India Limited [NLCIL],Electricity Generation,Gujarat,2022-07,2024-03,2026-12,,1221.41,1221.41,61.81,0.0,NO_LEGACY_CODE;NO_PMGID
2025-12,FlashReport_December_2025.pdf,07f56e5457c63192ae7b5b4036f975f7eb058a3364a25a87cdc6ce2369082401,54,142,618992,,,100 MW SPP part of SECI 150 MW Hybrid,NLC India Limited [NLCIL],Electricity Generation,Gujarat,2022-07,2024-04,2026-12,,480.68,480.68,2.52,1.0,NO_LEGACY_CODE;NO_PMGID
2025-12,FlashReport_December_2025.pdf,07f56e5457c63192ae7b5b4036f975f7eb058a3364a25a87cdc6ce2369082401,54,143,400231,,,NLC Talabira Thermal Power Project,NLC India Limited [NLCIL],Electricity Generation,Odisha,2017-01,2024-01,2030-03,,27212.96,27213.0,2607.89,1.0,NO_LEGACY_CODE;NO_PMGID
2025-12,FlashReport_December_2025.pdf,07f56e5457c63192ae7b5b4036f975f7eb058a3364a25a87cdc6ce2369082401,54,144,612819,,,300 MW SPP part of 510 MW CPSU scheme,NLC India Limited [NLCIL],Electricity Generation,Rajasthan,2022-07,2023-03,2024-09,2025-12,1813.0,1813.0,1627.06,93.0,NO_LEGACY_CODE;NO_PMGID
2025-12,FlashReport_December_2025.pdf,07f56e5457c63192ae7b5b4036f975f7eb058a3364a25a87cdc6ce2369082401,54,145,615327,,,50 MW Solar PP Minedout Area,NLC India Limited [NLCIL],Electricity Generation,Tamil Nadu,2023-08,2024-02,2025-03,2025-12,218.03,218.03,165.5,85.0,NO_LEGACY_CODE;NO_PMGID
2025-12,FlashReport_December_2025.pdf,07f56e5457c63192ae7b5b4036f975f7eb058a3364a25a87cdc6ce2369082401,54,146,400259,,,Ghatampur Thermal Power Plant 3 X 660 MW,NLC India Limited [NLCIL],Electricity Generation,Uttar Pradesh,2016-07,2016-08,2020-11,2026-03,17237.8,21780.9,20743.86,94.0,NO_LEGACY_CODE;NO_PMGID
2025-12,FlashReport_December_2025.pdf,07f56e5457c63192ae7b5b4036f975f7eb058a3364a25a87cdc6ce2369082401,55,147,400203,,,Dharamjaigarh-Korba,Railway,Railways,Chhattisgarh,2018-05,2017-03,2026-12,2026-08,1686.22,1686.22,484.26,42.0,NO_LEGACY_CODE;NO_PMGID
2025-12,FlashReport_December_2025.pdf,07f56e5457c63192ae7b5b4036f975f7eb058a3364a25a87cdc6ce2369082401,55,148,400416,,,Shivpur-Kathautia New Rail [BG] Line [49 km] [Package II of Tori-Shivpur-Kathautia line],Ministry of Coal,Railways,Jharkhand,2018-02,2022-05,2025-06,2026-06,1799.64,2564.34,1489.74,64.0,NO_LEGACY_CODE;NO_PMGID
2025-12,FlashReport_December_2025.pdf,07f56e5457c63192ae7b5b4036f975f7eb058a3364a25a87cdc6ce2369082401,55,149,400192,,,Tubed Coal Mine,Damodar Valley Corporation,Coal,Jharkhand,2016-07,2016-10,2026-05,2026-05,1581.0,1581.0,599.18,36.0,NO_LEGACY_CODE;NO_PMGID
2025-12,FlashReport_December_2025.pdf,07f56e5457c63192ae7b5b4036f975f7eb058a3364a25a87cdc6ce2369082401,55,150,603293,,,Badam Coal Mining project of NTPC,National Thermal Power Corporation [NTPC],Coal,Jharkhand,2019-02,2019-09,2056-12,2027-04,502.0,784.0,388.29,59.0,NO_LEGACY_CODE;NO_PMGID
2025-12,FlashReport_December_2025.pdf,07f56e5457c63192ae7b5b4036f975f7eb058a3364a25a87cdc6ce2369082401,55,151,602182,,,Dibang Multipurpose Project,NHPC,Electricity Generation,Arunachal Pradesh,2023-02,2023-02,2032-02,2032-02,31876.39,31876.4,3861.98,16.0,NO_LEGACY_CODE;NO_PMGID
2025-12,FlashReport_December_2025.pdf,07f56e5457c63192ae7b5b4036f975f7eb058a3364a25a87cdc6ce2369082401,55,152,611698,,,240MW Heo HE Project,North Eastern Electric Power Corporation Limited,Electricity Generation,Arunachal Pradesh,2024-12,2025-05,2029-07,,1938.85,1938.85,66.73,3.0,NO_LEGACY_CODE;NO_PMGID
2025-12,FlashReport_December_2025.pdf,07f56e5457c63192ae7b5b4036f975f7eb058a3364a25a87cdc6ce2369082401,55,153,611699,,,186 MW Tato-I H E Project,North Eastern Electric Power Corporation Limited,Electricity Generation,Arunachal Pradesh,2024-12,2025-05,2029-07,,1750.07,1750.07,61.45,2.0,NO_LEGACY_CODE;NO_PMGID
2025-12,FlashReport_December_2025.pdf,07f56e5457c63192ae7b5b4036f975f7eb058a3364a25a87cdc6ce2369082401,55,154,602579,,,Buxar Thermal Power Project [1320 MW],Satluj Jal Vidyut Nigam [SJVN] Thermal Limited,Electricity Generation,Bihar,2019-03,2019-06,2024-01,2025-12,10439.09,13756.6,12911.13,93.0,NO_LEGACY_CODE;NO_PMGID
2025-12,FlashReport_December_2025.pdf,07f56e5457c63192ae7b5b4036f975f7eb058a3364a25a87cdc6ce2369082401,55,155,611930,,,Lara Super Thermal Power Project Stage-II [2 x 800 MW],National Thermal Power Corporation [NTPC],Electricity Generation,Chhattisgarh,2023-08,2023-08,2028-06,2028-09,15530.0,16106.0,3498.35,21.0,NO_LEGACY_CODE;NO_PMGID
2025-12,FlashReport_December_2025.pdf,07f56e5457c63192ae7b5b4036f975f7eb058a3364a25a87cdc6ce2369082401,55,156,617188,,,"Sipat Super Thermal Power Project, Stage-III [1x800 MW]",National Thermal Power Corporation [NTPC],Electricity Generation,Chhattisgarh,2024-09,2024-09,2029-09,,9791.0,9791.0,1054.25,8.0,NO_LEGACY_CODE;NO_PMGID
2025-12,FlashReport_December_2025.pdf,07f56e5457c63192ae7b5b4036f975f7eb058a3364a25a87cdc6ce2369082401,55,157,709747,,,Bagodara Solar Power Project,Satluj Jal Vidyut Nigam [SJVN] Thermal Limited,Electricity Generation,Gujarat,2021-03,2021-05,2025-12,2025-12,339.35,339.35,317.59,51.0,NO_LEGACY_CODE;NO_PMGID
2025-12,FlashReport_December_2025.pdf,07f56e5457c63192ae7b5b4036f975f7eb058a3364a25a87cdc6ce2369082401,55,158,602582,,,Dhaulasidh Hydro Electric Project [66 MW],Satluj Jal Vidyut Nigam [SJVN] Thermal Limited,Electricity Generation,Himachal Pradesh,2020-10,2021-05,2025-11,2027-03,687.97,1561.21,1027.23,72.0,NO_LEGACY_CODE;NO_PMGID
2025-12,FlashReport_December_2025.pdf,07f56e5457c63192ae7b5b4036f975f7eb058a3364a25a87cdc6ce2369082401,55,159,602593,,,Luhri Stage-I Hydro Electric Project [210 MW],Satluj Jal Vidyut Nigam [SJVN] Thermal Limited,Electricity Generation,Himachal Pradesh,2020-11,2020-11,2026-01,2030-02,1810.56,4681.64,1841.71,51.0,NO_LEGACY_CODE;NO_PMGID
2025-12,FlashReport_December_2025.pdf,07f56e5457c63192ae7b5b4036f975f7eb058a3364a25a87cdc6ce2369082401,55,160,602633,,,382 MW Sunni Dam HEP,Satluj Jal Vidyut Nigam [SJVN] Thermal Limited,Electricity Generation,Himachal Pradesh,,2018-04,2027-03,,2615.0,2615.0,495.57,0.5,NO_LEGACY_CODE;NO_PMGID;DATE_PARSE_FAIL
2025-12,FlashReport_December_2025.pdf,07f56e5457c63192ae7b5b4036f975f7eb058a3364a25a87cdc6ce2369082401,55,161,611586,,,Sunni Dam Hydro Electric Project [382 MW],Satluj Jal Vidyut Nigam [SJVN] Thermal Limited,Electricity Generation,Himachal Pradesh,2023-01,2023-01,2028-04,2029-12,2614.51,4925.87,1025.3,31.0,NO_LEGACY_CODE;NO_PMGID
2025-12,FlashReport_December_2025.pdf,07f56e5457c63192ae7b5b4036f975f7eb058a3364a25a87cdc6ce2369082401,55,162,602525,,,"Pakal Dul [Drangdhuran] Hydroelectric Project, 1000 MW",National Hydroelectric Power Corporation Limited [NHPC],Electricity Generation,Jammu and Kashmir,2014-10,2018-02,2020-04,2026-12,8112.12,12728.0,8057.69,77.0,NO_LEGACY_CODE;NO_PMGID;MULTILINE_STATE
2025-12,FlashReport_December_2025.pdf,07f56e5457c63192ae7b5b4036f975f7eb058a3364a25a87cdc6ce2369082401,55,163,602532,,,Kiru HE Project,National Hydroelectric Power Corporation Limited [NHPC],Electricity Generation,Jammu and Kashmir,2019-03,2020-02,2023-09,2026-12,4287.59,5409.0,3313.59,75.0,NO_LEGACY_CODE;NO_PMGID;MULTILINE_STATE
2025-12,FlashReport_December_2025.pdf,07f56e5457c63192ae7b5b4036f975f7eb058a3364a25a87cdc6ce2369082401,55,164,602535,,,"Ratle HE Project - 850 MW, Ratle Hydroelectric Power Corporation Limited.",National Hydroelectric Power Corporation Limited [NHPC],Electricity Generation,Jammu and Kashmir,2021-02,2022-01,2026-02,2028-11,5281.94,5281.94,1384.07,26.0,NO_LEGACY_CODE;NO_PMGID;MULTILINE_STATE
2025-12,FlashReport_December_2025.pdf,07f56e5457c63192ae7b5b4036f975f7eb058a3364a25a87cdc6ce2369082401,55,165,605155,,,Kwar HE Project,National Hydroelectric Power Corporation Limited [NHPC],Electricity Generation,Jammu and Kashmir,2022-05,2022-11,2026-11,2028-03,4526.12,4526.12,1203.55,26.0,NO_LEGACY_CODE;NO_PMGID;MULTILINE_STATE
2025-12,FlashReport_December_2025.pdf,07f56e5457c63192ae7b5b4036f975f7eb058a3364a25a87cdc6ce2369082401,55,166,400261,,,Patratu Thermal Power Station Expansion Project Phase-I [3x800 MW],National Thermal Power Corporation [NTPC],Electricity Generation,Jharkhand,2017-11,2017-11,2023-03,2027-02,18668.0,20302.0,18166.0,86.0,NO_LEGACY_CODE;NO_PMGID
2025-12,FlashReport_December_2025.pdf,07f56e5457c63192ae7b5b4036f975f7eb058a3364a25a87cdc6ce2369082401,55,167,611509,,,"Koderma Thermal Power Station Phase II [2X800 MW] At Koderma, Jharkhand",Damodar Valley Corporation,Electricity Generation,Jharkhand,2023-04,2024-11,2029-03,,14358.0,14358.0,1538.88,6.0,NO_LEGACY_CODE;NO_PMGID
2025-12,FlashReport_December_2025.pdf,07f56e5457c63192ae7b5b4036f975f7eb058a3364a25a87cdc6ce2369082401,55,168,618976,,,"Gadarwara Super Thermal Power Project, Stage-II [3x800 MW]",National Thermal Power Corporation [NTPC],Electricity Generation,Madhya Pradesh,2024-11,2025-05,2030-03,,20446.0,20446.0,1145.83,4.0,NO_LEGACY_CODE;NO_PMGID
2025-12,FlashReport_December_2025.pdf,07f56e5457c63192ae7b5b4036f975f7eb058a3364a25a87cdc6ce2369082401,55,169,602096,,,Subansiri Lower HE Project [2000 MW],NHPC,Electricity Generation,"Multi-States (Arunachal Pradesh, Assam)",2003-09,2005-01,2010-09,2026-05,6285.33,26075.5,25718.57,97.0,NO_LEGACY_CODE;NO_PMGID;MULTILINE_STATE
2025-12,FlashReport_December_2025.pdf,07f56e5457c63192ae7b5b4036f975f7eb058a3364a25a87cdc6ce2369082401,55,170,602961,,,Talcher Thermal Power Station Stage III [2 x 660 MW] Expansion,National Thermal Power Corporation [NTPC],Electricity Generation,Odisha,2022-08,2022-09,2027-05,2028-03,11843.75,12543.0,5347.06,44.0,NO_LEGACY_CODE;NO_PMGID
2025-12,FlashReport_December_2025.pdf,07f56e5457c63192ae7b5b4036f975f7eb058a3364a25a87cdc6ce2369082401,55,171,602181,,,"TEESTA-VI HE PROJECT, SIKKIM [500 MW], executed by LANCO TEESTA HYDRO POWER LIMITED [A wholly owned Subsidiary of NHPC LTD. acquired through NCLT]",NHPC,Electricity Generation,Sikkim,2019-03,2020-03,2024-03,2027-12,5748.04,5748.04,3972.89,71.0,NO_LEGACY_CODE;NO_PMGID
2025-12,FlashReport_December_2025.pdf,07f56e5457c63192ae7b5b4036f975f7eb058a3364a25a87cdc6ce2369082401,55,172,605156,,,Rangit-IV HE Project [120 MW] executed by Jal Power Corporation Ltd. [JPCL] - A wholly owned subsidiary of NHPC Ltd. acquired through NCLT,NHPC,Electricity Generation,Sikkim,2021-03,2021-08,2024-05,2025-12,938.29,1828.11,1531.04,94.0,NO_LEGACY_CODE;NO_PMGID
2025-12,FlashReport_December_2025.pdf,07f56e5457c63192ae7b5b4036f975f7eb058a3364a25a87cdc6ce2369082401,55,173,612142,,,"Singrauli Super Thermal Power Project, Stage-III [2x800 MW]",National Thermal Power Corporation [NTPC],Electricity Generation,Uttar Pradesh,2024-03,2024-03,2030-02,,17195.0,17195.0,2418.36,13.0,NO_LEGACY_CODE;NO_PMGID
2025-12,FlashReport_December_2025.pdf,07f56e5457c63192ae7b5b4036f975f7eb058a3364a25a87cdc6ce2369082401,56,174,602185,,,Tapovan-Vishnugad HEP [4x130 MW],National Thermal Power Corporation [NTPC],Electricity Generation,Uttarakhand,,2006-11,2013-03,2029-04,2978.0,10907.3,6769.58,77.0,NO_LEGACY_CODE;NO_PMGID;DATE_PARSE_FAIL
2025-12,FlashReport_December_2025.pdf,07f56e5457c63192ae7b5b4036f975f7eb058a3364a25a87cdc6ce2369082401,56,175,602193,,,Tehri Pumped Storage Plant Project [4x250 MW],THDC India Limited,Electricity Generation,Uttarakhand,2006-07,2011-06,2022-06,2026-03,4825.6,8339.0,8169.51,98.0,NO_LEGACY_CODE;NO_PMGID
2025-12,FlashReport_December_2025.pdf,07f56e5457c63192ae7b5b4036f975f7eb058a3364a25a87cdc6ce2369082401,56,176,602195,,,Vishnugad Pipalkoti Hydro Electric Project [444 MW],THDC India Limited,Electricity Generation,Uttarakhand,2008-08,2014-01,2022-12,2027-09,3860.35,6405.08,5004.46,74.0,NO_LEGACY_CODE;NO_PMGID
2025-12,FlashReport_December_2025.pdf,07f56e5457c63192ae7b5b4036f975f7eb058a3364a25a87cdc6ce2369082401,56,177,400062,,,"Raghunathpur Thermal Power Station Phase II [2X660 MW] at Raghunathpur, Purulia, West Bengal",Damodar Valley Corporation,Electricity Generation,West Bengal,2023-01,2025-02,2029-06,,17673.0,17673.0,1479.89,4.0,NO_LEGACY_CODE;NO_PMGID
2025-12,FlashReport_December_2025.pdf,07f56e5457c63192ae7b5b4036f975f7eb058a3364a25a87cdc6ce2369082401,56,178,602184,,,Rammam-III HEPP [3x40 MW],National Thermal Power Corporation [NTPC],Electricity Generation,West Bengal,2014-09,2014-09,2019-09,2029-03,1381.84,2865.56,1431.94,52.0,NO_LEGACY_CODE;NO_PMGID
2025-12,FlashReport_December_2025.pdf,07f56e5457c63192ae7b5b4036f975f7eb058a3364a25a87cdc6ce2369082401,56,179,602538,,,Installation of FGD for 4x210 & 2x250 MW MTPS U 1-6,Damodar Valley Corporation,Electricity Generation,West Bengal,2019-06,2021-02,2024-01,2025-12,1037.0,1106.0,1115.65,93.0,NO_LEGACY_CODE;NO_PMGID
2025-12,FlashReport_December_2025.pdf,07f56e5457c63192ae7b5b4036f975f7eb058a3364a25a87cdc6ce2369082401,56,180,611967,,,Transmission Scheme for Solar Energy Zone in Ananthpuram 2500MW and Kurnool 1000MW,Power Grid Corporation of India Limited [POWERGRID],Transmission & Distribution,Andhra Pradesh,2023-09,2023-09,2025-09,2026-03,1248.69,1248.69,1077.61,91.0,NO_LEGACY_CODE;NO_PMGID
2025-12,FlashReport_December_2025.pdf,07f56e5457c63192ae7b5b4036f975f7eb058a3364a25a87cdc6ce2369082401,56,181,612856,,,Augmentation of 1x1500 MVA 3rd 765/400 kV transformation capacity at Kurnool New Substation,Power Grid Corporation of India Limited [POWERGRID],Transmission & Distribution,Andhra Pradesh,2023-05,2023-12,2025-09,2026-03,163.61,163.61,111.04,82.0,NO_LEGACY_CODE;NO_PMGID
2025-12,FlashReport_December_2025.pdf,07f56e5457c63192ae7b5b4036f975f7eb058a3364a25a87cdc6ce2369082401,56,182,617183,,,Transmission system strengthening at Kurnool- III PS for integration of additional RE generation projects [POWERGRID Kurnool III PS RE Transmission Limited],Power Grid Corporation of India Limited [POWERGRID],Transmission & Distribution,Andhra Pradesh,2025-03,2025-03,2027-12,,2886.0,2886.0,155.84,4.0,NO_LEGACY_CODE;NO_PMGID
2025-12,FlashReport_December_2025.pdf,07f56e5457c63192ae7b5b4036f975f7eb058a3364a25a87cdc6ce2369082401,56,183,617375,,,North Eastern Region Expansion Scheme-XXIII [NERES-XXIII],Power Grid Corporation of India Limited [POWERGRID],Transmission & Distribution,Arunachal Pradesh,2025-08,2025-08,2028-02,,209.38,209.38,0.04,0.0,NO_LEGACY_CODE;NO_PMGID
2025-12,FlashReport_December_2025.pdf,07f56e5457c63192ae7b5b4036f975f7eb058a3364a25a87cdc6ce2369082401,56,184,611657,,,Transmission scheme for evacuation of 4.5GW RE injection at Khavda PS under Phase II- Part C,Power Grid Corporation of India Limited [POWERGRID],Transmission & Distribution,Gujarat,2023-03,2023-03,2025-03,2026-01,2820.99,2820.99,2783.19,98.0,NO_LEGACY_CODE;NO_PMGID
2025-12,FlashReport_December_2025.pdf,07f56e5457c63192ae7b5b4036f975f7eb058a3364a25a87cdc6ce2369082401,56,185,612139,,,Transmission system for Evacuation of Additional 7 GW RE power from Khavda RE park under Phase-III Part B [Vataman Transmission Limited],Power Grid Corporation of India Limited [POWERGRID],Transmission & Distribution,Gujarat,2023-12,2023-12,2025-12,2026-12,3751.82,3751.82,2101.02,38.0,NO_LEGACY_CODE;NO_PMGID
2025-12,FlashReport_December_2025.pdf,07f56e5457c63192ae7b5b4036f975f7eb058a3364a25a87cdc6ce2369082401,56,186,612151,,,Transmission System for Evacuation of Power from potential Renewable Energy zone in Khavda Area of Gujarat under Phase IV [7 GW] Part E3,Power Grid Corporation of India Limited [POWERGRID],Transmission & Distribution,Gujarat,2023-07,2023-07,2025-07,2026-03,334.0,334.0,236.17,78.0,NO_LEGACY_CODE;NO_PMGID
2025-12,FlashReport_December_2025.pdf,07f56e5457c63192ae7b5b4036f975f7eb058a3364a25a87cdc6ce2369082401,56,187,612855,,,Transmission System for Evacuation of Power from Potential Energy Renewable Zone in Khavda Area of Gujarat under Ph-IV [7GW] Part E2,Power Grid Corporation of India Limited [POWERGRID],Transmission & Distribution,Gujarat,2024-05,2024-05,2026-05,2026-06,679.0,679.0,176.54,31.0,NO_LEGACY_CODE;NO_PMGID
2025-12,FlashReport_December_2025.pdf,07f56e5457c63192ae7b5b4036f975f7eb058a3364a25a87cdc6ce2369082401,56,188,615342,,,Augmentation of Transformation Capacity at jam Khambhaliya PS [GIS] [SPV Name POWERGRID Jam Khambhaliya Transmission Limited],Power Grid Corporation of India Limited [POWERGRID],Transmission & Distribution,Gujarat,2024-10,2024-10,2026-07,,329.0,329.0,14.67,5.0,NO_LEGACY_CODE;NO_PMGID
2025-12,FlashReport_December_2025.pdf,07f56e5457c63192ae7b5b4036f975f7eb058a3364a25a87cdc6ce2369082401,56,189,615343,,,Provision of Dynamic Reactive Compensation at Khavda pooling Station 1 [KPS1] and Khavda Pooling station 3 [KPS3],Power Grid Corporation of India Limited [POWERGRID],Transmission & Distribution,Gujarat,2024-11,2024-11,2026-11,,501.0,501.0,8.11,2.0,NO_LEGACY_CODE;NO_PMGID
2025-12,FlashReport_December_2025.pdf,07f56e5457c63192ae7b5b4036f975f7eb058a3364a25a87cdc6ce2369082401,56,190,615345,,,Transmission System for Evacuation of Power from Potential Renewable Energy Zone in Khavda area of Gujarat under Phase-IV [7GW] Part B [SPV Name POWERGRID South Olpad Transmission Limited],Power Grid Corporation of India Limited [POWERGRID],Transmission & Distribution,Gujarat,2024-10,2024-10,2026-10,2027-03,4766.0,4766.0,1048.56,12.0,NO_LEGACY_CODE;NO_PMGID
2025-12,FlashReport_December_2025.pdf,07f56e5457c63192ae7b5b4036f975f7eb058a3364a25a87cdc6ce2369082401,56,191,617069,,,Augmentation of Transformation Capacity at KPS1 [GIS] and KPS2 [GIS] [Phase-V Part B1 and Part B2 Scheme] [SPV Name- POWERGRID KPS1 and 2 Augmentation Transmission Limited],Power Grid Corporation of India Limited [POWERGRID],Transmission & Distribution,Gujarat,2025-02,2025-02,2027-02,,466.0,466.0,23.99,1.0,NO_LEGACY_CODE;NO_PMGID
2025-12,FlashReport_December_2025.pdf,07f56e5457c63192ae7b5b4036f975f7eb058a3364a25a87cdc6ce2369082401,56,192,617182,,,Augmentation of Banaskantha [Raghanesda] PS [GIS] [POWERGRID Banaskantha Transco Limited],Power Grid Corporation of India Limited [POWERGRID],Transmission & Distribution,Gujarat,2025-03,2025-03,2027-03,,172.0,172.0,20.64,19.0,NO_LEGACY_CODE;NO_PMGID
2025-12,FlashReport_December_2025.pdf,07f56e5457c63192ae7b5b4036f975f7eb058a3364a25a87cdc6ce2369082401,56,193,617391,,,Augmentation of Transformation Capacity at Bhuj-II PS [GIS],Power Grid Corporation of India Limited [POWERGRID],Transmission & Distribution,Gujarat,2025-02,2025-02,2026-11,2027-03,488.29,488.29,0.98,0.0,NO_LEGACY_CODE;NO_PMGID
2025-12,FlashReport_December_2025.pdf,07f56e5457c63192ae7b5b4036f975f7eb058a3364a25a87cdc6ce2369082401,56,194,617405,,,Jamnagar Transmission Limited,Adani Transmission Limited,Transmission & Distribution,Gujarat,,2024-10,2026-10,,4000.0,4000.0,268.0,16.0,NO_LEGACY_CODE;NO_PMGID;DATE_PARSE_FAIL
2025-12,FlashReport_December_2025.pdf,07f56e5457c63192ae7b5b4036f975f7eb058a3364a25a87cdc6ce2369082401,56,195,617801,,,Provision of ICT Augmentation & Bus Reactor at Bhuj-II PS,Power Grid Corporation of India Limited [POWERGRID],Transmission & Distribution,Gujarat,2025-03,2025-03,2026-12,2027-03,581.74,581.74,1.16,0.0,NO_LEGACY_CODE;NO_PMGID
2025-12,FlashReport_December_2025.pdf,07f56e5457c63192ae7b5b4036f975f7eb058a3364a25a87cdc6ce2369082401,56,196,617272,,,Implementation of LILO of both circuits of 400KV vindhyachal PS-Sasan D/C Line at Hindalco Switchyard,Power Grid Corporation of India Limited [POWERGRID],Transmission & Distribution,Haryana,2024-06,2024-06,2026-12,,370.0,370.0,22.2,6.0,NO_LEGACY_CODE;NO_PMGID
2025-12,FlashReport_December_2025.pdf,07f56e5457c63192ae7b5b4036f975f7eb058a3364a25a87cdc6ce2369082401,56,197,617179,,,Transmission Scheme for evacuation of Power from Ratle HEP [850 MW] & kiru [624 MW] Part B,Power Grid Corporation of India Limited [POWERGRID],Transmission & Distribution,Jammu and Kashmir,2024-07,2024-07,2026-07,2027-03,218.6,218.6,2.71,0.0,NO_LEGACY_CODE;NO_PMGID;MULTILINE_STATE
2025-12,FlashReport_December_2025.pdf,07f56e5457c63192ae7b5b4036f975f7eb058a3364a25a87cdc6ce2369082401,57,198,617326,,,Implementation of Transmission Systems in the State of Jharkhand consisting of 400/220/132/33 kV transmission lines and substations under Jharkhand Consultancy Project,Power Grid Corporation of India Limited [POWERGRID],Transmission & Distribution,Jharkhand,2012-02,2012-02,2026-03,2026-08,1842.25,1842.25,1648.05,95.0,NO_LEGACY_CODE;NO_PMGID
2025-12,FlashReport_December_2025.pdf,07f56e5457c63192ae7b5b4036f975f7eb058a3364a25a87cdc6ce2369082401,57,199,612140,,,Transmission Scheme for Integration of Renewable Energy Zone [Phase II] in Koppal II [Phase A&B] and gadag II[Phase A] in Karnataka [POWERGRID KOPPAL GADAG TRANSMISSION LIMITED],Power Grid Corporation of India Limited [POWERGRID],Transmission & Distribution,Karnataka,2023-12,2023-12,2025-12,2026-06,2889.39,2889.39,1841.69,68.0,NO_LEGACY_CODE;NO_PMGID
2025-12,FlashReport_December_2025.pdf,07f56e5457c63192ae7b5b4036f975f7eb058a3364a25a87cdc6ce2369082401,57,200,616672,,,System Strengthening at Koppal-II and GadagII for integration of RE generation projects [SPV Name POWERGRID Koppal Gadag Augmentation Transmission Limited],Power Grid Corporation of India Limited [POWERGRID],Transmission & Distribution,Karnataka,2025-01,2025-01,2027-06,,1354.0,1354.0,49.15,6.0,NO_LEGACY_CODE;NO_PMGID
2025-12,FlashReport_December_2025.pdf,07f56e5457c63192ae7b5b4036f975f7eb058a3364a25a87cdc6ce2369082401,57,201,617068,,,"Augmentation of Transformation Capacity by 3x500 MVA, 400/220 KV ICTS [6th-8th] and 1x1500 MVA, 765/400 KV ICT [4th] at Bidar PS [SPV Name- POWERGRID Bidar Augmentation Transmission Limited]",Power Grid Corporation of India Limited [POWERGRID],Transmission & Distribution,Karnataka,2025-02,2025-02,2027-06,,288.0,288.0,7.41,3.0,NO_LEGACY_CODE;NO_PMGID
2025-12,FlashReport_December_2025.pdf,07f56e5457c63192ae7b5b4036f975f7eb058a3364a25a87cdc6ce2369082401,57,202,617184,,,Transmission Scheme for integration of Davanagere/ Chitradurga and Bellary REZ in Karnataka [POWERGRID Chitradurga Bellary REZ Transmission Limited],Power Grid Corporation of India Limited [POWERGRID],Transmission & Distribution,Karnataka,2025-03,2025-03,2027-09,,3453.0,3453.0,69.06,3.0,NO_LEGACY_CODE;NO_PMGID
2025-12,FlashReport_December_2025.pdf,07f56e5457c63192ae7b5b4036f975f7eb058a3364a25a87cdc6ce2369082401,57,203,617803,,,Transmission System Strengthening at Davanagere for Integration of RE Generation [SPV Name - POWERGRID Davanagere Power Transmission Limited],Power Grid Corporation of India Limited [POWERGRID],Transmission & Distribution,Karnataka,2025-09,2025-09,2027-09,,379.0,379.0,7.58,0.0,NO_LEGACY_CODE;NO_PMGID
2025-12,FlashReport_December_2025.pdf,07f56e5457c63192ae7b5b4036f975f7eb058a3364a25a87cdc6ce2369082401,57,204,615344,,,Transmission System for Evacuation of Power from Rajasthan REZ Ph-IV [Part-2 5.5GW] [Jaisalmer/Barmer Complex] Part H1 [POWERGRID KURAWAR TRANSMISSION LIMITED],Power Grid Corporation of India Limited [POWERGRID],Transmission & Distribution,Madhya Pradesh,2024-10,2024-10,2026-10,2027-03,3674.0,3674.0,1099.98,24.0,NO_LEGACY_CODE;NO_PMGID
2025-12,FlashReport_December_2025.pdf,07f56e5457c63192ae7b5b4036f975f7eb058a3364a25a87cdc6ce2369082401,57,205,615346,,,Transmission System for Evacuation of Power from Rajasthan REZ Ph-IV [Part-2 5.5 GW] [Jaisalmer/Barmer Complex] Part C [SPV Name POWERGRID Mandsaur Transmission Limited],Power Grid Corporation of India Limited [POWERGRID],Transmission & Distribution,Madhya Pradesh,2024-08,2024-08,2026-08,2026-12,2708.0,2708.0,1110.22,47.0,NO_LEGACY_CODE;NO_PMGID
2025-12,FlashReport_December_2025.pdf,07f56e5457c63192ae7b5b4036f975f7eb058a3364a25a87cdc6ce2369082401,57,206,617279,,,Transmission System for evacuation of power from Mahan Energen Limited Generating Station in Madhya Pradesh [SPV Name - POWERGRID MEL Power Transmission Limited],Power Grid Corporation of India Limited [POWERGRID],Transmission & Distribution,Madhya Pradesh,2025-06,2025-06,2027-12,,558.0,558.0,33.48,2.0,NO_LEGACY_CODE;NO_PMGID
2025-12,FlashReport_December_2025.pdf,07f56e5457c63192ae7b5b4036f975f7eb058a3364a25a87cdc6ce2369082401,57,207,617802,,,Augmentation of Transformation Capacity and Implementation of Line Bays at Mandsaur S/S for RE Interconnection [SPV Name- POWERGRID Mandsaur I RE Transmission Limited],Power Grid Corporation of India Limited [POWERGRID],Transmission & Distribution,Madhya Pradesh,2025-10,2025-10,2028-03,,319.0,319.0,1.1,0.0,NO_LEGACY_CODE;NO_PMGID
2025-12,FlashReport_December_2025.pdf,07f56e5457c63192ae7b5b4036f975f7eb058a3364a25a87cdc6ce2369082401,57,208,611966,,,Transmission System for Evacuation of power from Potential RE Zone in Khavda Area of Gujarat under phase IV 7GW-Part E4,Power Grid Corporation of India Limited [POWERGRID],Transmission & Distribution,Maharashtra,2023-11,2023-11,2025-07,2026-03,224.41,224.41,109.96,49.0,NO_LEGACY_CODE;NO_PMGID
2025-12,FlashReport_December_2025.pdf,07f56e5457c63192ae7b5b4036f975f7eb058a3364a25a87cdc6ce2369082401,57,209,617185,,,Transmission System for Integration of Kurnool-IV REZ Phase-I [for 4.5 GW] [POWERGRID Kurnool-IV Transmission Limited],Power Grid Corporation of India Limited [POWERGRID],Transmission & Distribution,"Multi-States (Andhra Pradesh, Karnataka)",2025-03,2025-03,2027-03,,5550.0,5550.0,610.0,4.0,NO_LEGACY_CODE;NO_PMGID;MULTILINE_STATE
2025-12,FlashReport_December_2025.pdf,07f56e5457c63192ae7b5b4036f975f7eb058a3364a25a87cdc6ce2369082401,57,210,617806,,,Transmission System for Integration of Ananthapur 2 REZ Phase 1 for 4.5 GW. SPV Name Anantapuram 2 REZ Transmission Ltd,Sterlite Power,Transmission & Distribution,"Multi-States (Andhra Pradesh, Karnataka)",2024-08,2025-03,2027-03,,4535.99,4535.99,401.57,32.0,NO_LEGACY_CODE;NO_PMGID;MULTILINE_STATE
2025-12,FlashReport_December_2025.pdf,07f56e5457c63192ae7b5b4036f975f7eb058a3364a25a87cdc6ce2369082401,57,211,900808,,,Transmission System for Kurnool Wind Energy Zone/ Solar Energy Zone Part-A and Part-B,Power Grid Corporation of India Limited [POWERGRID],Transmission & Distribution,"Multi-States (Andhra Pradesh, Telangana)",2022-11,2023-03,2024-11,2026-03,3546.94,3546.94,3440.49,98.0,NO_LEGACY_CODE;NO_PMGID;MULTILINE_STATE
2025-12,FlashReport_December_2025.pdf,07f56e5457c63192ae7b5b4036f975f7eb058a3364a25a87cdc6ce2369082401,57,212,602223,,,Comprehensive Scheme for Strengthening of Transmission and Distribution [T&D] Systems [CSST&DS] in Arunachal Pradesh and Sikkim,Power Grid Corporation of India Limited [POWERGRID],Transmission & Distribution,"Multi-States (Arunachal Pradesh, Sikkim)",2014-10,2014-10,2018-12,2027-03,4754.42,9129.32,7809.22,82.0,NO_LEGACY_CODE;NO_PMGID;MULTILINE_STATE
2025-12,FlashReport_December_2025.pdf,07f56e5457c63192ae7b5b4036f975f7eb058a3364a25a87cdc6ce2369082401,57,213,607709,,,NORTH EASTERN REGION POWER SYSTEM IMPROVEMENT PROJECT [NERPSIP],Power Grid Corporation of India Limited [POWERGRID],Transmission & Distribution,"Multi-States (Assam, Manipur, Meghalaya, Mizoram, Nagaland, Tripura)",2014-12,2016-03,2018-12,2026-03,5111.33,6700.0,5442.41,96.0,NO_LEGACY_CODE;NO_PMGID;MULTILINE_STATE
2025-12,FlashReport_December_2025.pdf,07f56e5457c63192ae7b5b4036f975f7eb058a3364a25a87cdc6ce2369082401,57,214,617271,,,Eastern Region Expansion Scheme-43 [ERES-43],Power Grid Corporation of India Limited [POWERGRID],Transmission & Distribution,"Multi-States (Bihar, Odisha, West Bengal)",2024-09,2024-09,2026-03,2026-06,342.69,342.69,6.85,4.0,NO_LEGACY_CODE;NO_PMGID;MULTILINE_STATE
2025-12,FlashReport_December_2025.pdf,07f56e5457c63192ae7b5b4036f975f7eb058a3364a25a87cdc6ce2369082401,57,215,617807,,,Inter-regional [NR-WR] Transmission System strengthening to relieve the loading of 765 kV Vindhyachal-Varanasi D/c line,Power Grid Corporation of India Limited [POWERGRID],Transmission & Distribution,"Multi-States (Bihar, Uttar Pradesh)",2025-10,2025-10,2027-10,,2368.0,2368.0,3.0,0.0,NO_LEGACY_CODE;NO_PMGID;MULTILINE_STATE
2025-12,FlashReport_December_2025.pdf,07f56e5457c63192ae7b5b4036f975f7eb058a3364a25a87cdc6ce2369082401,57,216,617270,,,Eastern Region Expansion Scheme-44 [ERES-44],Power Grid Corporation of India Limited [POWERGRID],Transmission & Distribution,"Multi-States (Bihar, West Bengal)",2024-11,2024-11,2026-05,2027-03,408.94,408.94,0.4,0.0,NO_LEGACY_CODE;NO_PMGID;MULTILINE_STATE
2025-12,FlashReport_December_2025.pdf,07f56e5457c63192ae7b5b4036f975f7eb058a3364a25a87cdc6ce2369082401,57,217,400005,,,Transmission Network Expansion in Gujarat to increase its ATC from ISTS Part B,Power Grid Corporation of India Limited [POWERGRID],Transmission & Distribution,"Multi-States (Dadra & Nagar Haveli and Daman & Diu, Gujarat, Maharashtra)",2022-01,2022-07,2023-06,2026-03,4546.26,4546.26,4358.49,95.0,NO_LEGACY_CODE;NO_PMGID;MULTILINE_STATE
2025-12,FlashReport_December_2025.pdf,07f56e5457c63192ae7b5b4036f975f7eb058a3364a25a87cdc6ce2369082401,57,218,611735,,,Transmission system for evacuation of power from REZ in Rajasthan 20GW under Phase-III Part J,Power Grid Corporation of India Limited [POWERGRID],Transmission & Distribution,"Multi-States (Delhi, Rajasthan)",2022-12,2022-12,2025-03,2026-07,331.0,331.0,142.84,42.0,NO_LEGACY_CODE;NO_PMGID;MULTILINE_STATE
2025-12,FlashReport_December_2025.pdf,07f56e5457c63192ae7b5b4036f975f7eb058a3364a25a87cdc6ce2369082401,57,219,612132,,,Transmission Scheme for Evacuation of power from REZ in Rajasthan [20 GW] under Phase-III Part D [Sikar Khetri Transmission Ltd],Power Grid Corporation of India Limited [POWERGRID],Transmission & Distribution,"Multi-States (Delhi, Rajasthan)",2024-02,2024-02,2025-08,2026-06,2000.0,2000.0,1565.4,76.0,NO_LEGACY_CODE;NO_PMGID;MULTILINE_STATE
2025-12,FlashReport_December_2025.pdf,07f56e5457c63192ae7b5b4036f975f7eb058a3364a25a87cdc6ce2369082401,58,220,615347,,,TRANSMISSION SYSTEM FOR EVACUATION OF POWER FROM POTENTIAL RENEWABLE ENERGY ZONE IN KHAVDA AREA OF GUJARAT UNDER PHASE-V [8 GW] PART A [SPV Name POWERGRID West Central Transmission Limited],Power Grid Corporation of India Limited [POWERGRID],Transmission & Distribution,"Multi-States (Gujarat, Maharashtra)",2024-11,2024-11,2029-05,,24819.0,24819.0,1985.98,5.0,NO_LEGACY_CODE;NO_PMGID;MULTILINE_STATE
2025-12,FlashReport_December_2025.pdf,07f56e5457c63192ae7b5b4036f975f7eb058a3364a25a87cdc6ce2369082401,58,221,615339,,,Transmission system for evacuation of power from Rajasthan REZ Ph-IV [Part- 3/6GW] [Bikaner complex] Part A [SPV Name POWERGRID Bikaner IV Transmission Limited],Power Grid Corporation of India Limited [POWERGRID],Transmission & Distribution,"Multi-States (Haryana, Punjab, Rajasthan)",2024-11,2024-11,2026-11,2027-03,5969.0,5969.0,837.04,14.0,NO_LEGACY_CODE;NO_PMGID;MULTILINE_STATE
2025-12,FlashReport_December_2025.pdf,07f56e5457c63192ae7b5b4036f975f7eb058a3364a25a87cdc6ce2369082401,58,222,615340,,,TRANSMISSION SYSTEM FOR EVACUATION OF POWER FROM RAJASTHAN REZ PH-IV [PART-3/ 6 GW] [BIKANER COMPLEX] PART B [SPV Name POWERGRID Siwani Transmission Limited],Power Grid Corporation of India Limited [POWERGRID],Transmission & Distribution,"Multi-States (Haryana, Rajasthan)",2024-11,2024-11,2026-11,2027-03,5357.0,5357.0,785.56,21.0,NO_LEGACY_CODE;NO_PMGID;MULTILINE_STATE
2025-12,FlashReport_December_2025.pdf,07f56e5457c63192ae7b5b4036f975f7eb058a3364a25a87cdc6ce2369082401,58,223,617808,,,Inter-Regional Strengthening between SR Grid and WR Grid,Power Grid Corporation of India Limited [POWERGRID],Transmission & Distribution,"Multi-States (Karnataka, Maharashtra)",2025-10,2025-10,2027-10,,1007.0,1007.0,5.03,0.0,NO_LEGACY_CODE;NO_PMGID;MULTILINE_STATE
2025-12,FlashReport_December_2025.pdf,07f56e5457c63192ae7b5b4036f975f7eb058a3364a25a87cdc6ce2369082401,58,224,612138,,,"Transmission Scheme for Solar Energy Zone in Bidar [2500 MW], Karnataka [Bidar Transmission Ltd]",Power Grid Corporation of India Limited [POWERGRID],Transmission & Distribution,"Multi-States (Karnataka, Telangana)",2024-02,2024-02,2026-02,2026-06,2147.62,2147.62,1685.45,79.0,NO_LEGACY_CODE;NO_PMGID;MULTILINE_STATE
2025-12,FlashReport_December_2025.pdf,07f56e5457c63192ae7b5b4036f975f7eb058a3364a25a87cdc6ce2369082401,58,225,615333,,,Transmission System for Evacuation of Power from Rajasthan REZ Ph-IV [Part-2 5.5 GW] [Jaisalmer/Barmer Complex] Part D [SPV Name POWERGRID Beawar Mandsaur Transmission Limited],Power Grid Corporation of India Limited [POWERGRID],Transmission & Distribution,"Multi-States (Madhya Pradesh, Rajasthan)",2024-08,2024-08,2026-08,,2227.0,2227.0,846.22,29.0,NO_LEGACY_CODE;NO_PMGID;MULTILINE_STATE
2025-12,FlashReport_December_2025.pdf,07f56e5457c63192ae7b5b4036f975f7eb058a3364a25a87cdc6ce2369082401,58,226,615334,,,Transmission System for Evacuation of Power from Rajasthan REZ Ph-IV [Part-2 5.5 GW] [Jaisalmer/Barmer Complex] Part E [SPV Name POWERGRID Mewar Transmission Limited],Power Grid Corporation of India Limited [POWERGRID],Transmission & Distribution,"Multi-States (Madhya Pradesh, Rajasthan)",2024-08,2024-08,2026-08,2027-03,3251.0,3251.0,1202.85,32.0,NO_LEGACY_CODE;NO_PMGID;MULTILINE_STATE
2025-12,FlashReport_December_2025.pdf,07f56e5457c63192ae7b5b4036f975f7eb058a3364a25a87cdc6ce2369082401,58,227,617186,,,Rajasthan REZ Ph-V [Part-1- 4 GW] [Sirohi/Nagaur] Complex [Rajasthan V Power Transmission Limited],Power Grid Corporation of India Limited [POWERGRID],Transmission & Distribution,"Multi-States (Madhya Pradesh, Rajasthan)",2025-03,2025-03,2027-03,,5028.0,5028.0,411.29,9.0,NO_LEGACY_CODE;NO_PMGID;MULTILINE_STATE
2025-12,FlashReport_December_2025.pdf,07f56e5457c63192ae7b5b4036f975f7eb058a3364a25a87cdc6ce2369082401,58,228,612133,,,Transmission System for Evacuation of power from Rajasthan REZ Ph-IV [Part-1] [Bikaner Complex] Part D [Neemrana Bareilly Transmission Ltd],Power Grid Corporation of India Limited [POWERGRID],Transmission & Distribution,"Multi-States (Rajasthan, Uttar Pradesh)",2023-12,2023-12,2025-12,2026-06,2056.0,2056.0,1644.8,66.0,NO_LEGACY_CODE;NO_PMGID;MULTILINE_STATE
2025-12,FlashReport_December_2025.pdf,07f56e5457c63192ae7b5b4036f975f7eb058a3364a25a87cdc6ce2369082401,58,229,616670,,,Transmission System for evacuation of Power from Rajasthan REZ Ph-IV [Part-4 3.5 GW] Part A [SPV name POWERGRID Ghiror Transmission Limited],Power Grid Corporation of India Limited [POWERGRID],Transmission & Distribution,"Multi-States (Rajasthan, Uttar Pradesh)",2024-12,2024-12,2026-12,2027-03,5846.0,5846.0,744.68,15.0,NO_LEGACY_CODE;NO_PMGID;MULTILINE_STATE
2025-12,FlashReport_December_2025.pdf,07f56e5457c63192ae7b5b4036f975f7eb058a3364a25a87cdc6ce2369082401,58,230,611947,,,Transmission System for Evacuation of Power from REZ in Rajasthan 20GW under Phase III- Part E2,Power Grid Corporation of India Limited [POWERGRID],Transmission & Distribution,Rajasthan,2023-11,2023-11,2025-06,2026-03,428.3,428.3,334.08,82.0,NO_LEGACY_CODE;NO_PMGID
2025-12,FlashReport_December_2025.pdf,07f56e5457c63192ae7b5b4036f975f7eb058a3364a25a87cdc6ce2369082401,58,231,611948,,,Transmission system for evacuation of power from REZ in Rajasthan 20 GW under Phase-III part H,Power Grid Corporation of India Limited [POWERGRID],Transmission & Distribution,Rajasthan,2023-10,2023-10,2025-04,2026-03,2211.29,2211.29,2081.24,94.0,NO_LEGACY_CODE;NO_PMGID
2025-12,FlashReport_December_2025.pdf,07f56e5457c63192ae7b5b4036f975f7eb058a3364a25a87cdc6ce2369082401,58,232,611949,,,Transmission system for evacuation of power from REZ in Rajasthan 20 GW under Phase-III part C1,Power Grid Corporation of India Limited [POWERGRID],Transmission & Distribution,Rajasthan,2023-10,2023-10,2025-04,2026-03,1796.02,1796.02,1621.79,94.0,NO_LEGACY_CODE;NO_PMGID
2025-12,FlashReport_December_2025.pdf,07f56e5457c63192ae7b5b4036f975f7eb058a3364a25a87cdc6ce2369082401,58,233,611950,,,Transmission system for evacuation of power from REZ in Rajasthan 20 GW under Phase-III part B1,Power Grid Corporation of India Limited [POWERGRID],Transmission & Distribution,Rajasthan,2023-09,2023-09,2025-04,2026-01,2190.54,2190.54,2079.44,98.0,NO_LEGACY_CODE;NO_PMGID
2025-12,FlashReport_December_2025.pdf,07f56e5457c63192ae7b5b4036f975f7eb058a3364a25a87cdc6ce2369082401,58,234,611951,,,Transmission system for evacuation of power from REZ in Rajasthan 20GW under Phase-III Part E1,Power Grid Corporation of India Limited [POWERGRID],Transmission & Distribution,Rajasthan,2021-12,2023-08,2025-02,2026-01,688.74,688.74,685.29,99.0,NO_LEGACY_CODE;NO_PMGID
2025-12,FlashReport_December_2025.pdf,07f56e5457c63192ae7b5b4036f975f7eb058a3364a25a87cdc6ce2369082401,58,235,612134,,,Transmission System for Evacuation of power from Rajasthan REZ Ph-IV [Part-1] [Bikaner Complex] Part A [Bikaner Neemrana Transmission Ltd],Power Grid Corporation of India Limited [POWERGRID],Transmission & Distribution,Rajasthan,2023-12,2023-12,2025-12,2026-06,2998.34,2998.34,2158.8,62.0,NO_LEGACY_CODE;NO_PMGID
2025-12,FlashReport_December_2025.pdf,07f56e5457c63192ae7b5b4036f975f7eb058a3364a25a87cdc6ce2369082401,58,236,615332,,,Transmission System for Evacuation of Power from Rajasthan REZ Ph-IV [Part-2 5.5 GW][Jaisalmer/Barmer Complex] Part B [SPV Name POWERGRID Sirohi Transmission Limited],Power Grid Corporation of India Limited [POWERGRID],Transmission & Distribution,Rajasthan,2024-08,2024-08,2026-08,2026-12,3279.0,3279.0,1260.05,32.0,NO_LEGACY_CODE;NO_PMGID
2025-12,FlashReport_December_2025.pdf,07f56e5457c63192ae7b5b4036f975f7eb058a3364a25a87cdc6ce2369082401,58,237,615335,,,Transmission System Strengthening for Interconnections of Bhadla-III & Bikaner III Complex [SPV Name POWERGRID BHADLA BIKANER TRANSMISSION LIMITED],Power Grid Corporation of India Limited [POWERGRID],Transmission & Distribution,Rajasthan,2024-08,2024-08,2026-08,2026-12,1382.0,1382.0,290.08,18.0,NO_LEGACY_CODE;NO_PMGID
2025-12,FlashReport_December_2025.pdf,07f56e5457c63192ae7b5b4036f975f7eb058a3364a25a87cdc6ce2369082401,58,238,615337,,,Additional Transmission System for evacuation of Power from Bhadla-III PS as part of Rajasthan REZ Phase III Scheme [20 GW] [SPV Name POWERGRID Bhadla-III Power Transmission Limited],Power Grid Corporation of India Limited [POWERGRID],Transmission & Distribution,Rajasthan,2024-08,2024-08,2026-02,2026-03,369.0,369.0,129.49,38.0,NO_LEGACY_CODE;NO_PMGID
2025-12,FlashReport_December_2025.pdf,07f56e5457c63192ae7b5b4036f975f7eb058a3364a25a87cdc6ce2369082401,58,239,615338,,,TRANSMISSION SYSTEM FOR EVACUATION OF POWER FROM RAJASTHAN REZ PH -IV [PART-2 5.5 GW] [JAISALMER/BARMER COMPLEX] PART F [SPV Name POWERGRID BARMER I TRANSMISSION LIMITED],Power Grid Corporation of India Limited [POWERGRID],Transmission & Distribution,Rajasthan,2024-11,2024-11,2026-11,2027-06,2735.0,2735.0,656.05,22.0,NO_LEGACY_CODE;NO_PMGID
2025-12,FlashReport_December_2025.pdf,07f56e5457c63192ae7b5b4036f975f7eb058a3364a25a87cdc6ce2369082401,58,240,617181,,,"Augmentation at Fatehgarh-II PS, Fatehgarh-IV PS [Section-II] and Barmer-I PS [POWERGRID Fatehgarh Barmer Augmentation Transmission Limited]",Power Grid Corporation of India Limited [POWERGRID],Transmission & Distribution,Rajasthan,2025-03,2025-03,2026-12,2027-03,404.0,404.0,20.2,2.0,NO_LEGACY_CODE;NO_PMGID
2025-12,FlashReport_December_2025.pdf,07f56e5457c63192ae7b5b4036f975f7eb058a3364a25a87cdc6ce2369082401,58,241,616671,,,Transmission System under ISTS for evacuation of Power from Kudankulam Unit-3&4 [2x1000 MW] [SPV Name POWERGRID Kudankulam Tarnsmission Limited],Power Grid Corporation of India Limited [POWERGRID],Transmission & Distribution,Tamil Nadu,2025-01,2025-01,2026-12,2026-12,548.0,548.0,102.46,12.0,NO_LEGACY_CODE;NO_PMGID
2025-12,FlashReport_December_2025.pdf,07f56e5457c63192ae7b5b4036f975f7eb058a3364a25a87cdc6ce2369082401,59,242,617269,,,Transmission System for Strengthening to facilitate evacuation of power from Bhadla/Bikaner Complex,Power Grid Corporation of India Limited [POWERGRID],Transmission & Distribution,Uttar Pradesh,2024-12,2024-12,2026-06,2026-08,212.81,212.81,2.1,0.0,NO_LEGACY_CODE;NO_PMGID
2025-12,FlashReport_December_2025.pdf,07f56e5457c63192ae7b5b4036f975f7eb058a3364a25a87cdc6ce2369082401,59,243,617412,,,"Construction of One Tower of Office Complex and another Tower of Residential quarters consisting of 10Nos. Type-V, 10Nos. Type-VI & 1No.Type-VII Quarters i/c internal water supply, sanitary installation and all development and bulk services, Horticulture works on EPC Mode-I basis i/c comprehensive operation and maintenance of Civil, E&M services for 7 years after completion of original construction work for Ranga Reddy, Secunderabad, Medchal, AuditI, Audit-II Commissionerates of Central Tax at Khajaguda, Serilingampally, Hyderabad.",Central Public Works Department - CPWD,Construction,Telangana,2024-03,2024-11,2027-09,,644.0,644.0,116.18,10.0,NO_LEGACY_CODE;NO_PMGID
2025-12,FlashReport_December_2025.pdf,07f56e5457c63192ae7b5b4036f975f7eb058a3364a25a87cdc6ce2369082401,59,244,707229,,,"Integrated Command control Center [ICCC] - Construction and Development of Integrated Command Control Center with Security, Surveillance, ITMS, Connecting Port, Ship Service, Smart Solid Waste Management, Smart Public Transport System",ministry of housing and urban affairs,Real Estate,Andaman & Nicobar,2021-07,2021-11,2023-05,,209.88,209.88,0.0,70.0,NO_LEGACY_CODE;NO_PMGID;MULTILINE_STATE
2025-12,FlashReport_December_2025.pdf,07f56e5457c63192ae7b5b4036f975f7eb058a3364a25a87cdc6ce2369082401,59,245,400188,,,Redevelopment of Seven General Pool Residential Accommodation [GPRA] Colonies in Delhi,National Buildings Construction Corporation [NBCC],Real Estate,Delhi,2016-07,2018-05,2025-12,2025-12,32850.0,32850.0,0.0,0.0,NO_LEGACY_CODE;NO_PMGID
2025-12,FlashReport_December_2025.pdf,07f56e5457c63192ae7b5b4036f975f7eb058a3364a25a87cdc6ce2369082401,59,246,701719,,,Rehablitation in Junavadaj Area Smart City Project,ministry of housing and urban affairs,Real Estate,Gujarat,2016-02,2016-06,2022-07,,539.0,539.0,39.63,50.0,NO_LEGACY_CODE;NO_PMGID
2025-12,FlashReport_December_2025.pdf,07f56e5457c63192ae7b5b4036f975f7eb058a3364a25a87cdc6ce2369082401,59,247,701766,,,Green Building Development Project,ministry of housing and urban affairs,Real Estate,Uttarakhand,2019-11,2019-08,2023-11,,150.97,150.97,18.95,31.0,NO_LEGACY_CODE;NO_PMGID
2025-12,FlashReport_December_2025.pdf,07f56e5457c63192ae7b5b4036f975f7eb058a3364a25a87cdc6ce2369082401,59,248,702627,,,Patna Metro Rail Project,Patna Metro Rail Corporation Ltd. [PMRCL],Urban Public Transport,Bihar,2019-02,2019-02,2024-02,2027-06,13365.77,13365.8,4670.21,48.0,NO_LEGACY_CODE;NO_PMGID
2025-12,FlashReport_December_2025.pdf,07f56e5457c63192ae7b5b4036f975f7eb058a3364a25a87cdc6ce2369082401,59,249,617207,,,Delhi Metro Rail Phase-IV [2 Corridors],Delhi Metro Rail Corporation Limited [DMRC],Urban Public Transport,Delhi,2024-03,2024-03,2029-03,,8399.81,8399.81,67.13,0.0,NO_LEGACY_CODE;NO_PMGID
2025-12,FlashReport_December_2025.pdf,07f56e5457c63192ae7b5b4036f975f7eb058a3364a25a87cdc6ce2369082401,59,250,702632,,,DMRTS Phase - IV [3 Priority Corridors],Delhi Metro Rail Corporation Limited [DMRC],Urban Public Transport,Delhi,2019-07,2019-07,2025-03,2026-03,24948.65,24948.7,18390.81,74.0,NO_LEGACY_CODE;NO_PMGID
2025-12,FlashReport_December_2025.pdf,07f56e5457c63192ae7b5b4036f975f7eb058a3364a25a87cdc6ce2369082401,59,251,702630,,,Surat Metro Rail Project,Gujarat Metro Rail Corporation Limited [GMRCL],Urban Public Transport,Gujarat,2019-03,2019-04,2024-03,2026-06,12020.32,12020.3,8232.16,75.0,NO_LEGACY_CODE;NO_PMGID
2025-12,FlashReport_December_2025.pdf,07f56e5457c63192ae7b5b4036f975f7eb058a3364a25a87cdc6ce2369082401,59,252,702631,,,"Ahmedabad Metro Rail Project, Phase-II",Gujarat Metro Rail Corporation Limited [GMRCL],Urban Public Transport,Gujarat,2019-03,2019-03,2024-03,2025-12,5384.17,5384.17,4816.5,97.0,NO_LEGACY_CODE;NO_PMGID
2025-12,FlashReport_December_2025.pdf,07f56e5457c63192ae7b5b4036f975f7eb058a3364a25a87cdc6ce2369082401,59,253,702639,,,Ahmedabad Metro Rail Project [Phase-I],Gujarat Metro Rail Corporation Limited [GMRCL],Urban Public Transport,Gujarat,2014-11,2015-02,2018-03,2026-01,10773.0,12924.5,12266.48,99.0,NO_LEGACY_CODE;NO_PMGID
2025-12,FlashReport_December_2025.pdf,07f56e5457c63192ae7b5b4036f975f7eb058a3364a25a87cdc6ce2369082401,59,254,702635,,,Construction of Bangalore Metro Rail Project Phase 2.,Bengaluru Metro Rail,Urban Public Transport,Karnataka,2014-02,2016-02,2021-03,2026-09,26405.14,30695.1,29687.97,95.0,NO_LEGACY_CODE;NO_PMGID
2025-12,FlashReport_December_2025.pdf,07f56e5457c63192ae7b5b4036f975f7eb058a3364a25a87cdc6ce2369082401,59,255,702665,,,Construction Bangalore Metro Rail Project Phase-2A & 2B,Bengaluru Metro Rail,Urban Public Transport,Karnataka,2021-06,2019-01,2026-06,2026-06,14788.1,14788.1,9313.22,60.0,NO_LEGACY_CODE;NO_PMGID
2025-12,FlashReport_December_2025.pdf,07f56e5457c63192ae7b5b4036f975f7eb058a3364a25a87cdc6ce2369082401,59,256,702664,,,Kochi Metro Rail Phase 2 Development Project,CSPCC Projects,Urban Public Transport,Kerala,2022-11,2022-11,2026-11,2026-11,1957.05,1957.05,516.92,24.0,NO_LEGACY_CODE;NO_PMGID
2025-12,FlashReport_December_2025.pdf,07f56e5457c63192ae7b5b4036f975f7eb058a3364a25a87cdc6ce2369082401,59,257,702625,,,Bhopal Metro Rail Project,Madhya Pradesh Metro Rail Co Limited [MPMRCL],Urban Public Transport,Madhya Pradesh,2018-11,2018-11,2022-11,2028-06,6941.4,6941.4,3846.45,51.0,NO_LEGACY_CODE;NO_PMGID
2025-12,FlashReport_December_2025.pdf,07f56e5457c63192ae7b5b4036f975f7eb058a3364a25a87cdc6ce2369082401,59,258,702626,,,Indore Metro Rail Project,Madhya Pradesh Metro Rail Co Limited [MPMRCL],Urban Public Transport,Madhya Pradesh,2018-11,2018-11,2022-11,2028-12,7500.8,7500.8,4416.11,58.0,NO_LEGACY_CODE;NO_PMGID
2025-12,FlashReport_December_2025.pdf,07f56e5457c63192ae7b5b4036f975f7eb058a3364a25a87cdc6ce2369082401,59,259,617225,,,PCMC To Nigdi- Extension Of North South Corridor Of Phase-1,Maharashtra Metro Rail Corporation Limited [MMRCL],Urban Public Transport,Maharashtra,2023-10,2023-10,2027-01,,910.18,910.18,196.77,32.0,NO_LEGACY_CODE;NO_PMGID
2025-12,FlashReport_December_2025.pdf,07f56e5457c63192ae7b5b4036f975f7eb058a3364a25a87cdc6ce2369082401,59,260,617226,,,Pune Metro Phase-1 Extension line towards south from Swargate to Katraj,Maharashtra Metro Rail Corporation Limited [MMRCL],Urban Public Transport,Maharashtra,2024-09,2024-09,2029-03,,2954.53,2954.53,25.24,4.0,NO_LEGACY_CODE;NO_PMGID
2025-12,FlashReport_December_2025.pdf,07f56e5457c63192ae7b5b4036f975f7eb058a3364a25a87cdc6ce2369082401,59,261,617327,,,Thane Integral Ring Metro Rail Project,Maharashtra Metro Rail Corporation Limited [MMRCL],Urban Public Transport,Maharashtra,2024-09,2024-09,2029-09,,12200.1,12200.1,8.98,5.0,NO_LEGACY_CODE;NO_PMGID
2025-12,FlashReport_December_2025.pdf,07f56e5457c63192ae7b5b4036f975f7eb058a3364a25a87cdc6ce2369082401,59,262,618971,,,Pune Metro Rail Project Phase-2 Corridor 2A Vanaz to Chandani Chowk and Corridor 2B Ramwadi to Wagholi/Vitthalwadi,Maharashtra Metro Rail Corporation Limited [MMRCL],Urban Public Transport,Maharashtra,2025-07,2025-07,2029-07,,3626.24,3626.24,0.41,0.0,NO_LEGACY_CODE;NO_PMGID
2025-12,FlashReport_December_2025.pdf,07f56e5457c63192ae7b5b4036f975f7eb058a3364a25a87cdc6ce2369082401,59,263,618985,,,Pune Metro Rail Project Phase-2 Line-4 Kharadi to Khadakwasla with Spur Line 4A Nal Stop - Warje - Manikbaug,Maharashtra Metro Rail Corporation Limited [MMRCL],Urban Public Transport,Maharashtra,2025-12,2025-12,2030-12,,9857.85,9857.85,0.0,0.0,NO_LEGACY_CODE;NO_PMGID
2025-12,FlashReport_December_2025.pdf,07f56e5457c63192ae7b5b4036f975f7eb058a3364a25a87cdc6ce2369082401,59,264,701745,,,New Suburba Station Development Project,ministry of housing and urban affairs,Urban Public Transport,Maharashtra,2018-04,2019-03,2022-07,,262.76,262.76,17.62,6.0,NO_LEGACY_CODE;NO_PMGID
2025-12,FlashReport_December_2025.pdf,07f56e5457c63192ae7b5b4036f975f7eb058a3364a25a87cdc6ce2369082401,59,265,701991,,,Kalyan Station Precinct Imporvement Project,ministry of housing and urban affairs,Urban Public Transport,Maharashtra,2018-04,2020-07,2023-07,,600.0,600.0,272.42,70.0,NO_LEGACY_CODE;NO_PMGID
2025-12,FlashReport_December_2025.pdf,07f56e5457c63192ae7b5b4036f975f7eb058a3364a25a87cdc6ce2369082401,60,266,702637,,,Mumbai Metro Line 3,Mumbai Metro Rail Corporation Limited [MMRC],Urban Public Transport,Maharashtra,2013-07,2016-06,2023-03,2025-08,23136.0,37276.0,32609.9,97.0,NO_LEGACY_CODE;NO_PMGID
2025-12,FlashReport_December_2025.pdf,07f56e5457c63192ae7b5b4036f975f7eb058a3364a25a87cdc6ce2369082401,60,267,702658,,,Nagpur Metro Rail Phase II Development Project,Maharashtra Metro Rail Corporation Limited [MMRCL],Urban Public Transport,Maharashtra,2022-12,2022-12,2027-12,,6708.0,6708.0,1472.03,31.0,NO_LEGACY_CODE;NO_PMGID
2025-12,FlashReport_December_2025.pdf,07f56e5457c63192ae7b5b4036f975f7eb058a3364a25a87cdc6ce2369082401,60,268,617206,,,Delhi Metro Rail Phase-IV [Rithala - Kundli Corridor],Delhi Metro Rail Corporation Limited [DMRC],Urban Public Transport,"Multi-States (Delhi, Haryana)",2025-01,2025-01,2029-01,,6230.99,6230.99,72.43,0.0,NO_LEGACY_CODE;NO_PMGID;MULTILINE_STATE
2025-12,FlashReport_December_2025.pdf,07f56e5457c63192ae7b5b4036f975f7eb058a3364a25a87cdc6ce2369082401,60,269,702633,,,Delhi-Ghaziabad-Meerut Regional Rapid Transit System [RRTS] corridor,National Capital Region Transport Corporation [NCRTC],Urban Public Transport,"Multi-States (Delhi, Uttar Pradesh)",2019-03,2019-03,2025-06,2026-01,30274.0,30274.0,27312.17,96.0,NO_LEGACY_CODE;NO_PMGID;MULTILINE_STATE
2025-12,FlashReport_December_2025.pdf,07f56e5457c63192ae7b5b4036f975f7eb058a3364a25a87cdc6ce2369082401,60,270,702668,,,Chennai Metro Rail Phase-II Development Project,Chennai Metro Rail Limited [CMRL],Urban Public Transport,Tamil Nadu,2024-10,2020-11,2029-08,,63246.0,63246.0,30211.38,48.0,NO_LEGACY_CODE;NO_PMGID
2025-12,FlashReport_December_2025.pdf,07f56e5457c63192ae7b5b4036f975f7eb058a3364a25a87cdc6ce2369082401,60,271,702628,,,Kanpur Metro Rail Project,Uttar Pradesh metro rail corporation [UPMRC],Urban Public Transport,Uttar Pradesh,2019-05,2019-11,2024-05,2027-03,11076.48,11076.5,9089.89,76.0,NO_LEGACY_CODE;NO_PMGID
2025-12,FlashReport_December_2025.pdf,07f56e5457c63192ae7b5b4036f975f7eb058a3364a25a87cdc6ce2369082401,60,272,702629,,,Agra Metro Rail Project,Uttar Pradesh metro rail corporation [UPMRC],Urban Public Transport,Uttar Pradesh,2019-05,2020-12,2024-05,2027-06,8379.62,8379.62,6062.03,65.0,NO_LEGACY_CODE;NO_PMGID
2025-12,FlashReport_December_2025.pdf,07f56e5457c63192ae7b5b4036f975f7eb058a3364a25a87cdc6ce2369082401,60,273,702674,,,"ESR - 8 nos., distribution system - 216 Km, new house service connections - 38760 nos. upgrading of feeder mains, pumping station etc. - Phase II",Ministry of Housing & Urban Affairs,Waste & Water,Andhra Pradesh,2017-02,2018-07,2023-03,2026-03,172.22,172.22,88.86,82.0,NO_LEGACY_CODE;NO_PMGID
2025-12,FlashReport_December_2025.pdf,07f56e5457c63192ae7b5b4036f975f7eb058a3364a25a87cdc6ce2369082401,60,274,702699,,,Muzaffarpur Storm Water Drainage Phase-I Project,Ministry of Housing & Urban Affairs,Waste & Water,Bihar,2016-11,2019-02,2023-10,2026-03,158.78,158.78,69.52,83.0,NO_LEGACY_CODE;NO_PMGID
2025-12,FlashReport_December_2025.pdf,07f56e5457c63192ae7b5b4036f975f7eb058a3364a25a87cdc6ce2369082401,60,275,702355,,,Storm water drainag Development Project,ministry of housing and urban affairs,Waste & Water,Dadra & Nagar Haveli and Daman & Diu,2020-08,2021-12,2024-03,,210.0,210.0,0.0,20.0,NO_LEGACY_CODE;NO_PMGID;MULTILINE_STATE
2025-12,FlashReport_December_2025.pdf,07f56e5457c63192ae7b5b4036f975f7eb058a3364a25a87cdc6ce2369082401,60,276,707267,,,Upgradation of Sewerage system in Gandhinagar City,ministry of housing and urban affairs,Waste & Water,Gujarat,2020-07,2021-03,2023-06,,200.0,200.0,100.0,10.0,NO_LEGACY_CODE;NO_PMGID
2025-12,FlashReport_December_2025.pdf,07f56e5457c63192ae7b5b4036f975f7eb058a3364a25a87cdc6ce2369082401,60,277,702734,,,Sewerage Management Scheme Part-3 Implementation,Ministry of Housing & Urban Affairs,Waste & Water,Haryana,2017-03,2017-11,2023-09,2026-03,278.01,278.01,218.89,88.0,NO_LEGACY_CODE;NO_PMGID
2025-12,FlashReport_December_2025.pdf,07f56e5457c63192ae7b5b4036f975f7eb058a3364a25a87cdc6ce2369082401,60,278,702735,,,Sewerage Management Scheme Part-3 Implementation,Ministry of Housing & Urban Affairs,Waste & Water,Haryana,2017-03,2018-10,2023-03,2026-01,213.19,213.19,168.14,91.0,NO_LEGACY_CODE;NO_PMGID
2025-12,FlashReport_December_2025.pdf,07f56e5457c63192ae7b5b4036f975f7eb058a3364a25a87cdc6ce2369082401,60,279,702741,,,Dhanbad Water Supply Infrastructure Project,Ministry of Housing & Urban Affairs,Waste & Water,Jharkhand,2017-02,2018-12,2023-03,2026-03,216.55,216.55,129.16,74.0,NO_LEGACY_CODE;NO_PMGID
2025-12,FlashReport_December_2025.pdf,07f56e5457c63192ae7b5b4036f975f7eb058a3364a25a87cdc6ce2369082401,60,280,702742,,,SAAP-3 Water Supply Infrastructure SAAP-3 Project,Ministry of Housing & Urban Affairs,Waste & Water,Jharkhand,2017-02,2018-12,2023-10,2026-03,159.31,159.31,87.5,66.0,NO_LEGACY_CODE;NO_PMGID
2025-12,FlashReport_December_2025.pdf,07f56e5457c63192ae7b5b4036f975f7eb058a3364a25a87cdc6ce2369082401,60,281,702746,,,Augmentation and Strenghthning of Urban Water Supply Phase 1 - SAAP 3,Ministry of Housing & Urban Affairs,Waste & Water,Jharkhand,2017-02,2018-12,2023-03,2026-03,278.28,278.28,186.5,79.0,NO_LEGACY_CODE;NO_PMGID
2025-12,FlashReport_December_2025.pdf,07f56e5457c63192ae7b5b4036f975f7eb058a3364a25a87cdc6ce2369082401,60,282,702760,,,Belgavi Improvement in Sewerage System Project,Ministry of Housing & Urban Affairs,Waste & Water,Karnataka,2015-12,2016-10,2023-07,2026-03,162.73,162.73,85.71,80.0,NO_LEGACY_CODE;NO_PMGID
2025-12,FlashReport_December_2025.pdf,07f56e5457c63192ae7b5b4036f975f7eb058a3364a25a87cdc6ce2369082401,60,283,702764,,,24/7 water supply under AMRUT for Davanagere,Ministry of Housing & Urban Affairs,Waste & Water,Karnataka,2016-11,2018-01,2023-03,2026-03,174.96,174.96,93.18,65.0,NO_LEGACY_CODE;NO_PMGID
2025-12,FlashReport_December_2025.pdf,07f56e5457c63192ae7b5b4036f975f7eb058a3364a25a87cdc6ce2369082401,60,284,702793,,,Indore Water Supply Infrastructure Project,Ministry of Housing & Urban Affairs,Waste & Water,Madhya Pradesh,2016-12,2017-11,2023-03,2026-01,287.17,287.17,252.5,99.0,NO_LEGACY_CODE;NO_PMGID
2025-12,FlashReport_December_2025.pdf,07f56e5457c63192ae7b5b4036f975f7eb058a3364a25a87cdc6ce2369082401,60,285,702798,,,Jabalpur Sewerage Management and Treatment Infrastructure Project,Ministry of Housing & Urban Affairs,Waste & Water,Madhya Pradesh,2018-10,2017-12,2023-03,2026-01,362.31,362.31,322.31,96.0,NO_LEGACY_CODE;NO_PMGID
2025-12,FlashReport_December_2025.pdf,07f56e5457c63192ae7b5b4036f975f7eb058a3364a25a87cdc6ce2369082401,60,286,702808,,,Satna Sewerage Management and Treatment Infrastructure Project,Ministry of Housing & Urban Affairs,Waste & Water,Madhya Pradesh,2015-11,2016-12,2024-03,2026-03,191.56,215.89,191.79,88.0,NO_LEGACY_CODE;NO_PMGID
2025-12,FlashReport_December_2025.pdf,07f56e5457c63192ae7b5b4036f975f7eb058a3364a25a87cdc6ce2369082401,60,287,702810,,,Singrauli Sewerage Management and Treatment Infrastructure Project,Ministry of Housing & Urban Affairs,Waste & Water,Madhya Pradesh,2016-05,2017-11,2023-03,2026-03,402.01,402.01,357.68,90.0,NO_LEGACY_CODE;NO_PMGID
2025-12,FlashReport_December_2025.pdf,07f56e5457c63192ae7b5b4036f975f7eb058a3364a25a87cdc6ce2369082401,60,288,702833,,,Kalyan-Dombivali Water Supply Infrastructure Project,Ministry of Housing & Urban Affairs,Waste & Water,Maharashtra,2016-07,2019-09,2023-10,2026-03,194.2,194.2,136.56,75.0,NO_LEGACY_CODE;NO_PMGID
2025-12,FlashReport_December_2025.pdf,07f56e5457c63192ae7b5b4036f975f7eb058a3364a25a87cdc6ce2369082401,60,289,702840,,,Mira-Bhayandar Water Supply Infrastructure Project,Ministry of Housing & Urban Affairs,Waste & Water,Maharashtra,2016-11,2018-08,2023-03,2026-02,204.55,204.55,186.13,99.0,NO_LEGACY_CODE;NO_PMGID
2025-12,FlashReport_December_2025.pdf,07f56e5457c63192ae7b5b4036f975f7eb058a3364a25a87cdc6ce2369082401,60,290,702851,,,Pune Water Supply Infrastructure Project,Ministry of Housing & Urban Affairs,Waste & Water,Maharashtra,2017-03,2017-07,2023-03,2026-03,235.95,235.95,184.98,95.0,NO_LEGACY_CODE;NO_PMGID
2025-12,FlashReport_December_2025.pdf,07f56e5457c63192ae7b5b4036f975f7eb058a3364a25a87cdc6ce2369082401,60,291,702854,,,Solapur Sewerage Management Infrastructure Project,Ministry of Housing & Urban Affairs,Waste & Water,Maharashtra,2017-03,2018-04,2023-03,2026-03,180.24,180.24,155.01,91.0,NO_LEGACY_CODE;NO_PMGID
2025-12,FlashReport_December_2025.pdf,07f56e5457c63192ae7b5b4036f975f7eb058a3364a25a87cdc6ce2369082401,60,292,703021,,,Jalandhar Water Supply Infrastructure Project,Ministry of Housing & Urban Affairs,Waste & Water,Punjab,2016-11,2020-08,2023-08,2026-03,258.53,258.53,161.02,58.0,NO_LEGACY_CODE;NO_PMGID
2025-12,FlashReport_December_2025.pdf,07f56e5457c63192ae7b5b4036f975f7eb058a3364a25a87cdc6ce2369082401,60,293,703057,,,Patiala Water Supply Infrastructure Part-2 Project,Ministry of Housing & Urban Affairs,Waste & Water,Punjab,2016-11,2020-08,2023-10,2026-02,287.0,287.0,213.64,99.0,NO_LEGACY_CODE;NO_PMGID
2025-12,FlashReport_December_2025.pdf,07f56e5457c63192ae7b5b4036f975f7eb058a3364a25a87cdc6ce2369082401,60,294,702948,,,Jaunpur Sewerage Management Infrastructure Project,Ministry of Housing & Urban Affairs,Waste & Water,Uttar Pradesh,2017-03,2019-08,2023-06,2026-02,235.73,235.73,221.27,99.0,NO_LEGACY_CODE;NO_PMGID
2025-12,FlashReport_December_2025.pdf,07f56e5457c63192ae7b5b4036f975f7eb058a3364a25a87cdc6ce2369082401,60,295,702949,,,Jhansi Water Supply Infrastructure Phase-II Project,Ministry of Housing & Urban Affairs,Waste & Water,Uttar Pradesh,2017-03,2019-06,2023-07,2026-02,561.74,561.74,485.91,93.0,NO_LEGACY_CODE;NO_PMGID
2025-12,FlashReport_December_2025.pdf,07f56e5457c63192ae7b5b4036f975f7eb058a3364a25a87cdc6ce2369082401,61,296,617280,,,"Construction of Basement + Ground Floor+ 10 Storeyed building for State of the Art Director General, GSI Building at plot No.GN-40, Sector-V, Salt Lake, Kolkata",CPWD,Construction,West Bengal,2019-04,2020-02,2026-08,,255.37,255.37,93.39,50.0,NO_LEGACY_CODE;NO_PMGID
2025-12,FlashReport_December_2025.pdf,07f56e5457c63192ae7b5b4036f975f7eb058a3364a25a87cdc6ce2369082401,61,297,400426,,,Expansion of Malanjkhand Copper Project,Hindustan Copper Limited [HCL],Metals & Mining,Madhya Pradesh,2011-09,2015-04,2020-04,2026-04,1856.36,1856.36,950.94,82.0,NO_LEGACY_CODE;NO_PMGID
2025-12,FlashReport_December_2025.pdf,07f56e5457c63192ae7b5b4036f975f7eb058a3364a25a87cdc6ce2369082401,61,298,400141,,,Expansion of Alumina Refinery Plant with addition of 5th Stream having capacity enhancement of 1.0 Million Tonee Per Annum,National Aluminium Company Limited [NALCO],Metals & Mining,Odisha,2017-04,2017-04,2022-12,2025-09,4103.0,5677.4,4449.07,80.0,NO_LEGACY_CODE;NO_PMGID
2025-12,FlashReport_December_2025.pdf,07f56e5457c63192ae7b5b4036f975f7eb058a3364a25a87cdc6ce2369082401,61,299,400299,,,Pottangi Bauxite Mines Project,National Aluminium Company Limited [NALCO],Metals & Mining,Odisha,2018-05,2018-05,2025-03,2026-05,1381.0,1960.77,650.04,51.0,NO_LEGACY_CODE;NO_PMGID
2025-12,FlashReport_December_2025.pdf,07f56e5457c63192ae7b5b4036f975f7eb058a3364a25a87cdc6ce2369082401,61,300,709830,,,CONVERSION OF FLAT BOTTOM SETTLERS AND WASHERS WITH A SINGLE TRAIN OF HRDS AND DCWS IN STREAMS 1 AND,Ministry of Mines,Metals & Mining,Odisha,,2017-04,2026-11,,355.0,581.0,163.55,12.0,NO_LEGACY_CODE;NO_PMGID;DATE_PARSE_FAIL
2025-12,FlashReport_December_2025.pdf,07f56e5457c63192ae7b5b4036f975f7eb058a3364a25a87cdc6ce2369082401,61,301,709831,,,SOURCING OF BAUXITE ARRANGEMENT FOR 5TH STREAM ALUMINA REFINERY FROM SOUTH BLOCK MINING LEASE OF PANCHPATMAILI MINES,National Aluminium Company Limited [NALCO],Metals & Mining,Odisha,2017-11,2019-11,2025-05,2026-06,483.0,483.0,417.31,91.0,NO_LEGACY_CODE;NO_PMGID
2025-12,FlashReport_December_2025.pdf,07f56e5457c63192ae7b5b4036f975f7eb058a3364a25a87cdc6ce2369082401,61,302,709832,,,25.5 MW WIND POWER PROJECT AT KAYATHAR IN TAMILNADU,National Aluminium Company Limited [NALCO],Metals & Mining,Tamil Nadu,2017-09,2017-12,2025-03,2026-03,166.0,166.0,135.0,66.0,NO_LEGACY_CODE;NO_PMGID
2025-12,FlashReport_December_2025.pdf,07f56e5457c63192ae7b5b4036f975f7eb058a3364a25a87cdc6ce2369082401,61,303,613008,,,Construction of Permanent Campus of Central Tribal University of Andhra Pradesh Phase-1,Central Tribal University of Andhra Pradesh,Education,Andhra Pradesh,2019-09,2023-12,2027-06,,305.0,305.0,51.33,38.0,NO_LEGACY_CODE;NO_PMGID
2025-12,FlashReport_December_2025.pdf,07f56e5457c63192ae7b5b4036f975f7eb058a3364a25a87cdc6ce2369082401,61,304,612898,,,Construction of Permanent Campus of National Institute of Technology Arunachal Pradesh,"National Institute of Technology, Arunachal Pradesh",Education,Arunachal Pradesh,2009-09,2013-03,2026-08,2024-08,592.61,592.61,550.61,80.0,NO_LEGACY_CODE;NO_PMGID
2025-12,FlashReport_December_2025.pdf,07f56e5457c63192ae7b5b4036f975f7eb058a3364a25a87cdc6ce2369082401,61,305,606112,,,Tezpur University Projects,Tezpur University,Education,Assam,2019-05,2021-06,2023-11,2025-12,153.71,153.71,125.03,97.0,NO_LEGACY_CODE;NO_PMGID
2025-12,FlashReport_December_2025.pdf,07f56e5457c63192ae7b5b4036f975f7eb058a3364a25a87cdc6ce2369082401,61,306,606013,,,Additional Campus of NITPatna,NIT Patna,Education,Bihar,2022-07,2022-08,2024-07,2026-01,499.21,499.21,445.97,97.0,NO_LEGACY_CODE;NO_PMGID
2025-12,FlashReport_December_2025.pdf,07f56e5457c63192ae7b5b4036f975f7eb058a3364a25a87cdc6ce2369082401,61,307,617877,,,Phase B of Construction of Permanent Campus of IIT Bhilai,"Indian Institute of Technology, Bhilai",Education,Chhattisgarh,2025-05,2026-01,2028-10,,1188.97,1188.97,0.0,0.0,NO_LEGACY_CODE;NO_PMGID
2025-12,FlashReport_December_2025.pdf,07f56e5457c63192ae7b5b4036f975f7eb058a3364a25a87cdc6ce2369082401,61,308,612851,,,"Phase 1B - Construction of Academic Block, Hostel, Residential Tower, Directors Residence and External Development works at National Institute of Technology, Delhi Campus on Engineering, Procurement and Construction basis",National Institute of Technology Delhi,Education,Delhi,2009-09,2022-11,2025-09,2026-01,333.49,336.42,297.65,97.0,NO_LEGACY_CODE;NO_PMGID
2025-12,FlashReport_December_2025.pdf,07f56e5457c63192ae7b5b4036f975f7eb058a3364a25a87cdc6ce2369082401,61,309,616886,,,Delhi University Eastern Campus at Surajmal Vihar,Delhi University,Education,Delhi,2024-09,2025-03,2026-10,,373.0,373.0,27.63,10.0,NO_LEGACY_CODE;NO_PMGID
2025-12,FlashReport_December_2025.pdf,07f56e5457c63192ae7b5b4036f975f7eb058a3364a25a87cdc6ce2369082401,61,310,612916,,,"Construction of permanent campus of Central University of Gujarat at Village kundhela, Dist. Vadodara, Gujarat.",Central University of Gujarat,Education,Gujarat,2020-12,2021-02,2025-03,2026-03,490.63,490.63,316.05,83.0,NO_LEGACY_CODE;NO_PMGID
2025-12,FlashReport_December_2025.pdf,07f56e5457c63192ae7b5b4036f975f7eb058a3364a25a87cdc6ce2369082401,61,311,602099,,,Establishment of Permanent campus Phase 1 of IIM Sirmaur,"Indian Institute of Management, Sirmaur",Education,Himachal Pradesh,2018-09,2020-08,2023-10,2026-02,392.51,454.78,328.83,95.0,NO_LEGACY_CODE;NO_PMGID
2025-12,FlashReport_December_2025.pdf,07f56e5457c63192ae7b5b4036f975f7eb058a3364a25a87cdc6ce2369082401,61,312,612128,,,Hostel blocks & dining hall block,"Indian Institute of Technology, Mandi",Education,Himachal Pradesh,2023-03,2024-03,2026-03,2026-03,166.66,166.66,102.52,76.0,NO_LEGACY_CODE;NO_PMGID
2025-12,FlashReport_December_2025.pdf,07f56e5457c63192ae7b5b4036f975f7eb058a3364a25a87cdc6ce2369082401,61,313,612894,,,"Construction of Permanent Campus of Central University of Himachal Pradesh at Dehra, District - Kangra, [H.P.] on Engineering. Procurement and Construction [EPC Mode 1] Basis.","Central University, Himachal Pradesh",Education,Himachal Pradesh,2021-03,2022-08,2024-11,2026-03,251.98,300.45,221.2,82.0,NO_LEGACY_CODE;NO_PMGID
2025-12,FlashReport_December_2025.pdf,07f56e5457c63192ae7b5b4036f975f7eb058a3364a25a87cdc6ce2369082401,61,314,602098,,,"Construction of Permanent Campus for IIM Jammu Phase-1 at Jagti, Nagrota, Jammu, J&K","Indian Institute of Management, Jammu",Education,Jammu and Kashmir,2019-03,2020-10,2023-06,2025-11,424.93,500.91,484.52,96.0,NO_LEGACY_CODE;NO_PMGID;MULTILINE_STATE
2025-12,FlashReport_December_2025.pdf,07f56e5457c63192ae7b5b4036f975f7eb058a3364a25a87cdc6ce2369082401,61,315,606431,,,CONSTRUCTION OF PERMANENT CAMPUS FOR IIT PALAKKAD UNDER PHASE 1A,INDIAN INSTITUTE OF TECHNOLOGY PALAKKAD,Education,Kerala,2017-07,2020-03,2022-06,2026-06,1006.45,1217.4,663.4,79.0,NO_LEGACY_CODE;NO_PMGID
2025-12,FlashReport_December_2025.pdf,07f56e5457c63192ae7b5b4036f975f7eb058a3364a25a87cdc6ce2369082401,61,316,617878,,,Phase B of Construction of Permanent Campus of IIT Palakkad,INDIAN INSTITUTE OF TECHNOLOGY PALAKKAD,Education,Kerala,2025-05,2026-01,2028-10,,1527.0,1527.0,9.8,0.0,NO_LEGACY_CODE;NO_PMGID
2025-12,FlashReport_December_2025.pdf,07f56e5457c63192ae7b5b4036f975f7eb058a3364a25a87cdc6ce2369082401,61,317,611957,,,"Phase III A works at IIT Indore [03 Hostels, 01 Studio Apartment, 01 Housing, Heavy & Sophisticated lab complex, Academic POD and Infrastructure for center of excellence]","Indian Institute of Technology, Indore",Education,Madhya Pradesh,2023-12,2024-04,2027-02,,496.28,496.28,56.35,37.0,NO_LEGACY_CODE;NO_PMGID
2025-12,FlashReport_December_2025.pdf,07f56e5457c63192ae7b5b4036f975f7eb058a3364a25a87cdc6ce2369082401,62,318,612885,,,Construction and Developement of National Institute of Technology Meghalaya Permanent Campus at Sohra,"National Institute of Technology, Meghalaya",Education,Meghalaya,2009-09,2014-09,2022-03,2026-10,494.52,429.7,426.07,91.0,NO_LEGACY_CODE;NO_PMGID
2025-12,FlashReport_December_2025.pdf,07f56e5457c63192ae7b5b4036f975f7eb058a3364a25a87cdc6ce2369082401,62,319,612876,,,"Construction of Permanent Campus for NIT Mizoram at Lengpui, Aizawl",NIT Mizoram,Education,Mizoram,2009-09,2014-06,2029-12,2022-03,474.23,474.23,167.55,4.0,NO_LEGACY_CODE;NO_PMGID
2025-12,FlashReport_December_2025.pdf,07f56e5457c63192ae7b5b4036f975f7eb058a3364a25a87cdc6ce2369082401,62,320,613013,,,Establishment of NIT Nagaland,NIT Nagaland,Education,Nagaland,2009-09,2014-12,2025-12,,275.63,275.63,261.7,97.0,NO_LEGACY_CODE;NO_PMGID
2025-12,FlashReport_December_2025.pdf,07f56e5457c63192ae7b5b4036f975f7eb058a3364a25a87cdc6ce2369082401,62,321,610315,,,IISER BERHAMPUR,"Indian Institutes of Science Education and Research, Behrampur",Education,Odisha,2018-10,2019-09,2021-03,2026-06,1229.32,843.09,835.6,98.0,NO_LEGACY_CODE;NO_PMGID
2025-12,FlashReport_December_2025.pdf,07f56e5457c63192ae7b5b4036f975f7eb058a3364a25a87cdc6ce2369082401,62,322,612877,,,Establishment of NIT Puducherry Permanent Campus [Phase-I and Phase-II],"National Institute of Technology, Puducherry",Education,Puducherry,2009-09,2013-07,2024-12,2025-08,618.34,544.34,530.45,97.0,NO_LEGACY_CODE;NO_PMGID
2025-12,FlashReport_December_2025.pdf,07f56e5457c63192ae7b5b4036f975f7eb058a3364a25a87cdc6ce2369082401,62,323,605292,,,"Construction of Permanent Campus of Indian Institute of Management [IIM] Amritsar, Punjab, Phase-I","Indian intitue of Management, Amritsar",Education,Punjab,2019-10,2020-07,2023-06,2025-12,348.31,348.31,290.39,91.0,NO_LEGACY_CODE;NO_PMGID
2025-12,FlashReport_December_2025.pdf,07f56e5457c63192ae7b5b4036f975f7eb058a3364a25a87cdc6ce2369082401,62,324,617221,,,"Construction of Girls Hostel 400 seater, Boys Hostel 600 seater, Academic Block, International Hostel 100 seater, VC Residence and Purchase of Equipment",Central University of Punjab,Education,Punjab,2024-08,2025-04,2027-10,,210.99,210.99,30.0,19.0,NO_LEGACY_CODE;NO_PMGID
2025-12,FlashReport_December_2025.pdf,07f56e5457c63192ae7b5b4036f975f7eb058a3364a25a87cdc6ce2369082401,62,325,609736,,,"Construction of Sikkim University Campus Phase-I Package-II at Yangang, South Sikkim",Sikkim University,Education,Sikkim,2020-08,2022-01,2025-01,2026-03,314.06,314.06,238.22,85.0,NO_LEGACY_CODE;NO_PMGID
2025-12,FlashReport_December_2025.pdf,07f56e5457c63192ae7b5b4036f975f7eb058a3364a25a87cdc6ce2369082401,62,326,612883,,,Establishment of Permanent Campus of NIT SIkkim at Khamdong-Gangtok District,NIT Sikkim,Education,Sikkim,2024-02,2024-03,2028-02,2026-12,685.76,610.76,171.56,24.0,NO_LEGACY_CODE;NO_PMGID
2025-12,FlashReport_December_2025.pdf,07f56e5457c63192ae7b5b4036f975f7eb058a3364a25a87cdc6ce2369082401,62,327,609996,,,Construction of Precast housing and hostels at IIT Hyderabad,"Indian Institute of Technology, Hyderabad",Education,Telangana,2022-09,2022-11,2024-10,2026-01,262.0,262.0,194.37,83.0,NO_LEGACY_CODE;NO_PMGID
2025-12,FlashReport_December_2025.pdf,07f56e5457c63192ae7b5b4036f975f7eb058a3364a25a87cdc6ce2369082401,62,328,606479,,,Banaras Hindu University [ Kayakalp of Institute of Medical Sciences],Banaras Hindu University,Education,Uttar Pradesh,2020-06,2020-06,2022-09,2026-03,246.0,246.0,199.71,97.0,NO_LEGACY_CODE;NO_PMGID
2025-12,FlashReport_December_2025.pdf,07f56e5457c63192ae7b5b4036f975f7eb058a3364a25a87cdc6ce2369082401,62,329,611963,,,"Construction & Development of Infrastructural Facilities in the main campus of NIT Uttarakhand at Sumari, Pauri Garhwal",National Institute of Technology Uttarakhand,Education,Uttarakhand,2020-06,2024-04,2027-09,,650.85,650.85,261.11,40.0,NO_LEGACY_CODE;NO_PMGID
2025-12,FlashReport_December_2025.pdf,07f56e5457c63192ae7b5b4036f975f7eb058a3364a25a87cdc6ce2369082401,62,330,609019,,,"HEFA projects on development of student hostels, playgrounds, departmental buildings, class room complex and other campus facilities in IIT Kharagpur","Indian Institute of Technology, Kharagpur",Education,West Bengal,2018-06,2019-04,2023-03,2026-03,500.0,442.0,401.6,92.0,NO_LEGACY_CODE;NO_PMGID
2025-12,FlashReport_December_2025.pdf,07f56e5457c63192ae7b5b4036f975f7eb058a3364a25a87cdc6ce2369082401,62,331,400081,,,"National Sports University [NSU], Imphal [Manipur]",Department of Sports & Youth Affairs,Education,Manipur,,2022-01,2024-08,2026-08,906.47,611.74,565.17,95.0,NO_LEGACY_CODE;NO_PMGID;DATE_PARSE_FAIL
2025-12,FlashReport_December_2025.pdf,07f56e5457c63192ae7b5b4036f975f7eb058a3364a25a87cdc6ce2369082401,62,332,616235,,,Construction of Aviation Fuel farm Facilities at Bhogapuram Airport,Ministry of Petroleum & Natural Gas,Energy Storage,Andhra Pradesh,2024-08,2024-08,2026-03,2026-03,240.0,240.0,134.94,89.0,NO_LEGACY_CODE;NO_PMGID
2025-12,FlashReport_December_2025.pdf,07f56e5457c63192ae7b5b4036f975f7eb058a3364a25a87cdc6ce2369082401,62,333,709754,,,"Construction of LPG Facilities at Kamardanga, Assam",Hindustan Petroleum Corporation Limited,Energy Storage,Assam,2023-03,2023-03,2027-07,2027-07,156.36,156.36,74.46,55.0,NO_LEGACY_CODE;NO_PMGID
2025-12,FlashReport_December_2025.pdf,07f56e5457c63192ae7b5b4036f975f7eb058a3364a25a87cdc6ce2369082401,62,334,709755,,,"Setting up of new rail fed POL facility at Kamardanga, Assam",Hindustan Petroleum Corporation Limited [HPCL],Energy Storage,Assam,2023-03,2023-03,2027-07,2027-07,384.04,384.04,168.47,67.0,NO_LEGACY_CODE;NO_PMGID
2025-12,FlashReport_December_2025.pdf,07f56e5457c63192ae7b5b4036f975f7eb058a3364a25a87cdc6ce2369082401,62,335,617839,,,Capacity Augmentation of Kandla LPG Import Terminal [KLIT] from 0.6 MMTPA to 2.5 MMTPA,Ministry of Petroleum & Natural Gas,Energy Storage,Gujarat,2023-05,2023-05,2026-07,2026-07,356.86,304.4,90.44,60.0,NO_LEGACY_CODE;NO_PMGID
2025-12,FlashReport_December_2025.pdf,07f56e5457c63192ae7b5b4036f975f7eb058a3364a25a87cdc6ce2369082401,62,336,400235,,,"Setting up a common user Petroleum Terminal at Jammu, J&K for resitement of existing PSU OMC's Depots from Jammu City",Bharat Petroleum Corporation Limited [BPCL],Energy Storage,Jammu and Kashmir,2023-04,2023-04,2025-03,2026-01,676.89,715.89,576.69,91.0,NO_LEGACY_CODE;NO_PMGID;MULTILINE_STATE
2025-12,FlashReport_December_2025.pdf,07f56e5457c63192ae7b5b4036f975f7eb058a3364a25a87cdc6ce2369082401,62,337,604833,,,"Andheri Residential Towers, Mumbai",Ministry of Petroleum & Natural Gas,Energy Storage,Maharashtra,2017-06,2017-06,2025-05,2026-06,281.35,389.67,249.5,56.0,NO_LEGACY_CODE;NO_PMGID
2025-12,FlashReport_December_2025.pdf,07f56e5457c63192ae7b5b4036f975f7eb058a3364a25a87cdc6ce2369082401,62,338,617829,,,LPG Bottling Plant at Mualkhang,Ministry of Petroleum & Natural Gas,Energy Storage,Mizoram,2024-07,2024-07,2028-10,2027-11,225.71,225.71,16.32,26.0,NO_LEGACY_CODE;NO_PMGID
2025-12,FlashReport_December_2025.pdf,07f56e5457c63192ae7b5b4036f975f7eb058a3364a25a87cdc6ce2369082401,62,339,701343,,,Srikakulam Angul Gas Pipeline Project,Ministry of Petroleum & Natural Gas,Energy Storage,"Multi-States (Andhra Pradesh, Odisha)",2019-09,2019-09,2022-07,2026-06,2658.34,2810.0,2282.98,96.0,NO_LEGACY_CODE;NO_PMGID;MULTILINE_STATE
2025-12,FlashReport_December_2025.pdf,07f56e5457c63192ae7b5b4036f975f7eb058a3364a25a87cdc6ce2369082401,62,340,701349,,,Paradip-Numaligarh Crude Oil Pipeline [PNCPL] & Crude Oil Import Terminal [COIT] at Paradip,Ministry of Petroleum & Natural Gas,Energy Storage,"Multi-States (Assam, Bihar, Jharkhand, Odisha, West Bengal)",2019-01,2019-01,2024-07,2026-06,10228.0,11407.0,10270.18,89.0,NO_LEGACY_CODE;NO_PMGID;MULTILINE_STATE
2025-12,FlashReport_December_2025.pdf,07f56e5457c63192ae7b5b4036f975f7eb058a3364a25a87cdc6ce2369082401,62,341,400078,,,New Mundra Panipat Crude Oil Pipeline,Ministry of Petroleum & Natural Gas,Energy Storage,"Multi-States (Gujarat, Haryana, Rajasthan)",2021-12,2021-12,2024-12,2026-06,9028.0,9028.0,7394.54,88.0,NO_LEGACY_CODE;NO_PMGID;MULTILINE_STATE
2025-12,FlashReport_December_2025.pdf,07f56e5457c63192ae7b5b4036f975f7eb058a3364a25a87cdc6ce2369082401,62,342,400012,,,Kandla Gorakhpur LPG Pipeline,Ministry of Petroleum & Natural Gas,Energy Storage,"Multi-States (Gujarat, Madhya Pradesh, Uttar Pradesh)",2018-12,2018-12,2021-12,2026-03,10088.0,10088.0,8217.69,94.0,NO_LEGACY_CODE;NO_PMGID;MULTILINE_STATE
2025-12,FlashReport_December_2025.pdf,07f56e5457c63192ae7b5b4036f975f7eb058a3364a25a87cdc6ce2369082401,63,343,400301,,,Multi Product Pipeline from Irugur to Devangonthi,"Department of Water Resources, River Development & GR",Energy Storage,"Multi-States (Karnataka, Tamil Nadu)",2012-11,2012-11,2017-02,2026-09,678.0,1732.0,893.48,74.0,NO_LEGACY_CODE;NO_PMGID;MULTILINE_STATE
2025-12,FlashReport_December_2025.pdf,07f56e5457c63192ae7b5b4036f975f7eb058a3364a25a87cdc6ce2369082401,63,344,701263,,,Rajasthan Refinery Project,MinistryofPetroleumNaturalGas,Energy Storage,Rajasthan,2017-10,2017-10,2022-10,2026-03,43129.0,79459.0,63571.54,90.0,NO_LEGACY_CODE;NO_PMGID
2025-12,FlashReport_December_2025.pdf,07f56e5457c63192ae7b5b4036f975f7eb058a3364a25a87cdc6ce2369082401,63,345,709759,,,"Petrochemical evacuation marketing terminal at Barmer, Rajasthan",Hindustan Petroleum Corporation Limited [HPCL],Energy Storage,Rajasthan,2023-12,2023-12,2026-12,2026-12,461.05,461.05,166.12,72.0,NO_LEGACY_CODE;NO_PMGID
2025-12,FlashReport_December_2025.pdf,07f56e5457c63192ae7b5b4036f975f7eb058a3364a25a87cdc6ce2369082401,63,346,400043,,,Laying of POL Pipelines in Common Corridor for proposed grass root terminal at Vallur [Chennai],Ministry of Petroleum & Natural Gas,Energy Storage,Tamil Nadu,2022-01,2022-01,2026-05,2026-05,829.0,829.0,339.98,69.0,NO_LEGACY_CODE;NO_PMGID
2025-12,FlashReport_December_2025.pdf,07f56e5457c63192ae7b5b4036f975f7eb058a3364a25a87cdc6ce2369082401,63,347,400077,,,"Grass root POL Terminal at Vallur, Chennai",Indian Oil Corporation Limited [IOCL],Energy Storage,Tamil Nadu,2022-01,2022-01,2024-12,2026-03,827.0,887.71,649.51,90.0,NO_LEGACY_CODE;NO_PMGID
2025-12,FlashReport_December_2025.pdf,07f56e5457c63192ae7b5b4036f975f7eb058a3364a25a87cdc6ce2369082401,63,348,400035,,,"Grass Root Rail-fed Depot at Sekerkote, Agartala as resitement of existing Dharmanagar Depot",Indian Oil Corporation Limited [IOCL],Energy Storage,Tripura,2022-06,2022-06,2025-09,2026-06,656.0,656.0,526.86,92.0,NO_LEGACY_CODE;NO_PMGID
2025-12,FlashReport_December_2025.pdf,07f56e5457c63192ae7b5b4036f975f7eb058a3364a25a87cdc6ce2369082401,63,349,604852,,,"Grass-root Terminal at Mirzapur, Uttar Pradesh",Ministry of Petroleum & Natural Gas,Energy Storage,Uttar Pradesh,2022-09,2022-09,2026-11,2026-11,980.45,980.45,250.55,62.0,NO_LEGACY_CODE;NO_PMGID
2025-12,FlashReport_December_2025.pdf,07f56e5457c63192ae7b5b4036f975f7eb058a3364a25a87cdc6ce2369082401,63,350,400120,,,KG-DWN-98/2 Cluster - II Development Project - NELP Block,Oil and Natural Gas Corporation Limited [ONGC],Oil & Gas,Andhra Pradesh,2016-03,2016-03,2020-06,2026-06,34012.0,34012.0,32374.37,96.0,NO_LEGACY_CODE;NO_PMGID
2025-12,FlashReport_December_2025.pdf,07f56e5457c63192ae7b5b4036f975f7eb058a3364a25a87cdc6ce2369082401,63,351,709752,,,HP-COAT [Crude to Olefins and Aromatics Technology] demo unit at Visakh Refinery,Hindustan Petroleum Corporation Limited,Oil & Gas,Andhra Pradesh,2021-09,2021-09,2024-06,2026-03,160.0,220.0,106.27,80.0,NO_LEGACY_CODE;NO_PMGID
2025-12,FlashReport_December_2025.pdf,07f56e5457c63192ae7b5b4036f975f7eb058a3364a25a87cdc6ce2369082401,63,352,709766,,,"City Gas Distribution Project at Kurnool, Guntur & Prakasam Districts",MinistryofPetroleumNaturalGas,Oil & Gas,Andhra Pradesh,2022-03,2022-03,2030-03,2030-03,1420.0,1420.0,170.7,6.0,NO_LEGACY_CODE;NO_PMGID
2025-12,FlashReport_December_2025.pdf,07f56e5457c63192ae7b5b4036f975f7eb058a3364a25a87cdc6ce2369082401,63,353,604791,,,Numaligarh Refinery Expansion Project,Ministry of Petroleum & Natural Gas,Oil & Gas,Assam,2020-07,2020-07,2024-07,2026-09,12366.0,22494.0,18147.42,80.0,NO_LEGACY_CODE;NO_PMGID
2025-12,FlashReport_December_2025.pdf,07f56e5457c63192ae7b5b4036f975f7eb058a3364a25a87cdc6ce2369082401,63,354,604863,,,Development of Surface Facilities for production and evacuation of Crude Oil and Natural Gas from Nadua and East Khagorija,Ministry of Petroleum & Natural Gas,Oil & Gas,Assam,2018-01,2018-01,2020-02,2026-06,682.9,726.93,493.53,94.0,NO_LEGACY_CODE;NO_PMGID
2025-12,FlashReport_December_2025.pdf,07f56e5457c63192ae7b5b4036f975f7eb058a3364a25a87cdc6ce2369082401,63,355,607701,,,"Guwahati Refinery Expansion [1.0 to 1.2 MMTPA] along with installation of CRU, Guwahati Refinery",Ministry of Petroleum & Natural Gas,Oil & Gas,Assam,2021-05,2021-05,2023-10,2026-05,412.3,577.0,458.56,89.0,NO_LEGACY_CODE;NO_PMGID
2025-12,FlashReport_December_2025.pdf,07f56e5457c63192ae7b5b4036f975f7eb058a3364a25a87cdc6ce2369082401,63,356,616858,,,"Construction of Field Gas Gathering Station at Baghjan area for collection, processing & transportation of natural Gas to be produced from Baghjan Field",Ministry of Petroleum & Natural Gas,Oil & Gas,Assam,2020-12,2020-12,2024-03,2026-03,430.76,430.76,334.6,89.0,NO_LEGACY_CODE;NO_PMGID
2025-12,FlashReport_December_2025.pdf,07f56e5457c63192ae7b5b4036f975f7eb058a3364a25a87cdc6ce2369082401,63,357,617836,,,Coke Drum Structure Package,Ministry of Petroleum & Natural Gas,Oil & Gas,Assam,2022-12,2022-12,2025-12,2026-09,635.28,635.28,80.32,51.0,NO_LEGACY_CODE;NO_PMGID
2025-12,FlashReport_December_2025.pdf,07f56e5457c63192ae7b5b4036f975f7eb058a3364a25a87cdc6ce2369082401,63,358,709776,,,Augmentation/Revamping of Facilities at existing Guwahati Terminal at Betkuchi,MinistryofPetroleumNaturalGas,Oil & Gas,Assam,2022-04,2022-04,2026-09,2026-09,277.0,323.09,192.31,74.0,NO_LEGACY_CODE;NO_PMGID
2025-12,FlashReport_December_2025.pdf,07f56e5457c63192ae7b5b4036f975f7eb058a3364a25a87cdc6ce2369082401,63,359,709779,,,Capacity Expansion of Digboi Refinery from 0.65 to 1.0 MMTPA,MinistryofPetroleumNaturalGas,Oil & Gas,Assam,2022-06,2022-06,2026-03,2027-07,768.0,740.0,130.46,49.0,NO_LEGACY_CODE;NO_PMGID
2025-12,FlashReport_December_2025.pdf,07f56e5457c63192ae7b5b4036f975f7eb058a3364a25a87cdc6ce2369082401,63,360,709847,,,Pipeline Network Project Rudrasagar,Ministry of Petroleum & Natural Gas,Oil & Gas,Assam,2023-01,2023-01,2026-04,2026-04,344.99,344.99,220.37,50.0,NO_LEGACY_CODE;NO_PMGID
2025-12,FlashReport_December_2025.pdf,07f56e5457c63192ae7b5b4036f975f7eb058a3364a25a87cdc6ce2369082401,63,361,709850,,,Borholla GGS Life Extension Project [BLEP],Ministry of Petroleum & Natural Gas,Oil & Gas,Assam,2023-09,2023-09,2026-05,2026-05,198.7,198.7,59.75,45.0,NO_LEGACY_CODE;NO_PMGID
2025-12,FlashReport_December_2025.pdf,07f56e5457c63192ae7b5b4036f975f7eb058a3364a25a87cdc6ce2369082401,63,362,709864,,,DCU Revamp Project,NRL,Oil & Gas,Assam,2021-08,2021-08,2024-07,2026-06,370.0,370.0,274.81,68.0,NO_LEGACY_CODE;NO_PMGID
2025-12,FlashReport_December_2025.pdf,07f56e5457c63192ae7b5b4036f975f7eb058a3364a25a87cdc6ce2369082401,63,363,709865,,,Power Recovery Turbine [PRT] in PFCCU unit as an Energy Conservation Scheme,NRL,Oil & Gas,Assam,2023-04,2023-04,2024-12,2026-09,293.5,293.5,97.22,98.0,NO_LEGACY_CODE;NO_PMGID
2025-12,FlashReport_December_2025.pdf,07f56e5457c63192ae7b5b4036f975f7eb058a3364a25a87cdc6ce2369082401,63,364,617304,,,"Setting up of LPG Plant with Rail Unloading Facility at Hathua, Dist. Gopalganj, Bihar",MinistryofPetroleumNaturalGas,Oil & Gas,Bihar,2023-10,2023-10,2027-03,2027-03,340.15,340.15,124.9,39.0,NO_LEGACY_CODE;NO_PMGID
2025-12,FlashReport_December_2025.pdf,07f56e5457c63192ae7b5b4036f975f7eb058a3364a25a87cdc6ce2369082401,63,365,701324,,,Barauni Refinery Capacity Expansion from 6.0 to 9.0 MMTPA,Ministry of Petroleum & Natural Gas,Oil & Gas,Bihar,2020-01,2020-01,2023-04,2026-08,14810.0,16724.0,12484.41,89.0,NO_LEGACY_CODE;NO_PMGID
2025-12,FlashReport_December_2025.pdf,07f56e5457c63192ae7b5b4036f975f7eb058a3364a25a87cdc6ce2369082401,63,366,709777,,,Installation of Bitumen Manufacturing Unit along with allied facilities at Barauni Refinery,MinistryofPetroleumNaturalGas,Oil & Gas,Bihar,2022-01,2022-01,2025-04,2026-10,389.35,340.0,84.81,52.0,NO_LEGACY_CODE;NO_PMGID
2025-12,FlashReport_December_2025.pdf,07f56e5457c63192ae7b5b4036f975f7eb058a3364a25a87cdc6ce2369082401,63,367,709792,,,"City Gas Distribution Projects at Darbhanga, Madhubani, Supaul, Sitamarhi and Sheohar districts",Bharat Petroleum Corporation Limited [BPCL],Oil & Gas,Bihar,2022-12,2022-12,2030-03,2030-03,3638.0,3638.0,437.06,30.0,NO_LEGACY_CODE;NO_PMGID
2025-12,FlashReport_December_2025.pdf,07f56e5457c63192ae7b5b4036f975f7eb058a3364a25a87cdc6ce2369082401,63,368,709793,,,"City Gas Distribution Projects at Gopalganj, Siwan, West Champaran, East Champaran and Deoria districts",Bharat Petroleum Corporation Limited [BPCL],Oil & Gas,Bihar,2022-12,2022-12,2030-06,2030-06,3919.0,3919.0,457.23,23.0,NO_LEGACY_CODE;NO_PMGID
2025-12,FlashReport_December_2025.pdf,07f56e5457c63192ae7b5b4036f975f7eb058a3364a25a87cdc6ce2369082401,63,369,617819,,,"City Gas Distribution [CGD] Project in Kondagaon, Bastar, Sukma, Narayanpur, Bijapur & Dantewada GA",GAIL Gas,Oil & Gas,Chhattisgarh,2022-06,2022-06,2030-06,2030-06,557.04,557.04,8.33,2.0,NO_LEGACY_CODE;NO_PMGID
2025-12,FlashReport_December_2025.pdf,07f56e5457c63192ae7b5b4036f975f7eb058a3364a25a87cdc6ce2369082401,64,370,400087,,,Redevelopment of Sobhasan Complex,Oil and Natural Gas Corporation Limited [ONGC],Oil & Gas,Gujarat,2021-08,2021-08,2026-02,2026-02,885.63,1286.67,911.57,85.0,NO_LEGACY_CODE;NO_PMGID
2025-12,FlashReport_December_2025.pdf,07f56e5457c63192ae7b5b4036f975f7eb058a3364a25a87cdc6ce2369082401,64,371,400167,,,Redevelopment of Santhal Field [Onshore-Mehsana Asset],Oil and Natural Gas Corporation Limited [ONGC],Oil & Gas,Gujarat,2017-02,2017-02,2026-03,2026-03,1162.56,1162.56,1145.85,95.0,NO_LEGACY_CODE;NO_PMGID
2025-12,FlashReport_December_2025.pdf,07f56e5457c63192ae7b5b4036f975f7eb058a3364a25a87cdc6ce2369082401,64,372,400169,,,Redevelopment of Linch Field,Oil and Natural Gas Corporation Limited [ONGC],Oil & Gas,Gujarat,2021-04,2021-04,2025-03,2026-03,631.03,860.04,600.07,88.0,NO_LEGACY_CODE;NO_PMGID
2025-12,FlashReport_December_2025.pdf,07f56e5457c63192ae7b5b4036f975f7eb058a3364a25a87cdc6ce2369082401,64,373,701329,,,Petrochemical and Lube Integration Project at Gujarat Refinery,Ministry of Petroleum & Natural Gas,Oil & Gas,Gujarat,2020-09,2020-09,2024-08,2026-06,18936.0,17825.0,13229.31,85.0,NO_LEGACY_CODE;NO_PMGID
2025-12,FlashReport_December_2025.pdf,07f56e5457c63192ae7b5b4036f975f7eb058a3364a25a87cdc6ce2369082401,64,374,709778,,,Installation of new Biturox Unit along with allied facilities at Gujarat Refinery,MinistryofPetroleumNaturalGas,Oil & Gas,Gujarat,2022-01,2022-01,2025-08,2026-09,328.29,287.0,183.45,72.0,NO_LEGACY_CODE;NO_PMGID
2025-12,FlashReport_December_2025.pdf,07f56e5457c63192ae7b5b4036f975f7eb058a3364a25a87cdc6ce2369082401,64,375,709838,,,Commercial Polymer Flooding Project in Bechraji field,Oil and Natural Gas Corporation Limited [ONGC],Oil & Gas,Gujarat,2022-01,2022-01,2024-11,2027-05,621.4,739.02,144.19,25.0,NO_LEGACY_CODE;NO_PMGID
2025-12,FlashReport_December_2025.pdf,07f56e5457c63192ae7b5b4036f975f7eb058a3364a25a87cdc6ce2369082401,64,376,709840,,,"Restoration of Gas Terminal, Phase-I [Part-A], Hazira",Oil and Natural Gas Corporation Limited [ONGC],Oil & Gas,Gujarat,2022-05,2022-05,2025-02,2026-04,249.43,249.43,210.45,95.0,NO_LEGACY_CODE;NO_PMGID
2025-12,FlashReport_December_2025.pdf,07f56e5457c63192ae7b5b4036f975f7eb058a3364a25a87cdc6ce2369082401,64,377,709841,,,Old Pipe Line Replacement [OPRP] Group-A,Oil and Natural Gas Corporation Limited [ONGC],Oil & Gas,Gujarat,2021-07,2021-07,2025-07,2026-03,173.03,169.84,154.84,89.0,NO_LEGACY_CODE;NO_PMGID
2025-12,FlashReport_December_2025.pdf,07f56e5457c63192ae7b5b4036f975f7eb058a3364a25a87cdc6ce2369082401,64,378,709842,,,"Kalol Redevelopment Project, Ahmedabad Asset",Oil and Natural Gas Corporation Limited [ONGC],Oil & Gas,Gujarat,2022-08,2022-08,2027-03,2027-03,1487.41,1487.41,938.5,63.0,NO_LEGACY_CODE;NO_PMGID
2025-12,FlashReport_December_2025.pdf,07f56e5457c63192ae7b5b4036f975f7eb058a3364a25a87cdc6ce2369082401,64,379,709845,,,"Revamping of SV Stations, Gas Terminal & Kribhco Terminal",Oil and Natural Gas Corporation Limited [ONGC],Oil & Gas,Gujarat,2022-11,2022-11,2026-08,2026-08,837.34,837.34,325.04,59.0,NO_LEGACY_CODE;NO_PMGID
2025-12,FlashReport_December_2025.pdf,07f56e5457c63192ae7b5b4036f975f7eb058a3364a25a87cdc6ce2369082401,64,380,604853,,,"Indian Oil Technology Development and Deployment Centre at R&D Campus-II, Faridabad",Ministry of Petroleum & Natural Gas,Oil & Gas,Haryana,2019-06,2019-06,2022-12,2026-10,2281.94,3200.0,1885.39,64.0,NO_LEGACY_CODE;NO_PMGID
2025-12,FlashReport_December_2025.pdf,07f56e5457c63192ae7b5b4036f975f7eb058a3364a25a87cdc6ce2369082401,64,381,611917,,,Poly Butadiene Rubber plant at Panipat,Indian Oil Corporation Limited [IOCL],Oil & Gas,Haryana,2022-03,2022-03,2025-03,2026-06,1459.0,2531.44,1435.65,79.0,NO_LEGACY_CODE;NO_PMGID
2025-12,FlashReport_December_2025.pdf,07f56e5457c63192ae7b5b4036f975f7eb058a3364a25a87cdc6ce2369082401,64,382,701289,,,Capacity Expansion of Panipat Refinery from 15 to 25 MMTPA,Ministry of Petroleum & Natural Gas,Oil & Gas,Haryana,2021-02,2021-02,2024-09,2026-06,34627.0,36225.0,27829.24,91.0,NO_LEGACY_CODE;NO_PMGID
2025-12,FlashReport_December_2025.pdf,07f56e5457c63192ae7b5b4036f975f7eb058a3364a25a87cdc6ce2369082401,64,383,709783,,,"Installation of Multiple Effect Evaporator [MEE] for ETP-1, 2 & 4 of Panipat Refinery and Petrochemical Complex.",MinistryofPetroleumNaturalGas,Oil & Gas,Haryana,2020-12,2020-12,2023-06,2026-06,165.13,247.69,155.76,79.0,NO_LEGACY_CODE;NO_PMGID
2025-12,FlashReport_December_2025.pdf,07f56e5457c63192ae7b5b4036f975f7eb058a3364a25a87cdc6ce2369082401,64,384,709773,,,"City Gas Distribution Project at Jammu, Udhampur, Reasi, Samba and Kathua Districts",MinistryofPetroleumNaturalGas,Oil & Gas,Jammu and Kashmir,2022-03,2022-03,2032-03,2032-03,538.0,538.0,4.11,0.0,NO_LEGACY_CODE;NO_PMGID;MULTILINE_STATE
2025-12,FlashReport_December_2025.pdf,07f56e5457c63192ae7b5b4036f975f7eb058a3364a25a87cdc6ce2369082401,64,385,610984,,,Development of Jharia CBM Block [Phase-1],Oil and Natural Gas Corporation Limited [ONGC],Oil & Gas,Jharkhand,2019-11,2019-11,2024-01,2026-03,431.0,431.0,228.44,61.0,NO_LEGACY_CODE;NO_PMGID
2025-12,FlashReport_December_2025.pdf,07f56e5457c63192ae7b5b4036f975f7eb058a3364a25a87cdc6ce2369082401,64,386,709785,,,Laying of Natural Gas Pipeline from Hazaribagh to Ranchi [HRPL],MinistryofPetroleumNaturalGas,Oil & Gas,Jharkhand,2023-02,2023-02,2026-02,2027-03,202.07,202.07,61.84,50.0,NO_LEGACY_CODE;NO_PMGID
2025-12,FlashReport_December_2025.pdf,07f56e5457c63192ae7b5b4036f975f7eb058a3364a25a87cdc6ce2369082401,64,387,612790,,,Power System Upgradation Project,Mangalore Refinary and Petrochemicals Limited,Oil & Gas,Karnataka,2023-10,2023-10,2025-11,2026-05,385.0,385.0,178.36,74.0,NO_LEGACY_CODE;NO_PMGID
2025-12,FlashReport_December_2025.pdf,07f56e5457c63192ae7b5b4036f975f7eb058a3364a25a87cdc6ce2369082401,64,388,616879,,,Demo Bio-ATF Project,Ministry of Petroleum & Natural Gas,Oil & Gas,Karnataka,2024-03,2024-03,2027-01,2027-01,364.0,364.0,49.39,26.0,NO_LEGACY_CODE;NO_PMGID
2025-12,FlashReport_December_2025.pdf,07f56e5457c63192ae7b5b4036f975f7eb058a3364a25a87cdc6ce2369082401,64,389,709774,,,Revamping/ Augmentation of facilities at existing port terminal at Mangalore,Ministry of Petroleum & Natural Gas,Oil & Gas,Karnataka,2022-01,2022-01,2025-12,2027-06,463.0,500.62,301.09,76.0,NO_LEGACY_CODE;NO_PMGID
2025-12,FlashReport_December_2025.pdf,07f56e5457c63192ae7b5b4036f975f7eb058a3364a25a87cdc6ce2369082401,64,390,617838,,,Augmentation of CCKPL and IDPL Pipelines capacity along with setting up of Palakkad TOP,Ministry of Petroleum & Natural Gas,Oil & Gas,Kerala,2024-09,2024-09,2028-08,2028-08,1130.0,1130.0,189.61,20.0,NO_LEGACY_CODE;NO_PMGID
2025-12,FlashReport_December_2025.pdf,07f56e5457c63192ae7b5b4036f975f7eb058a3364a25a87cdc6ce2369082401,64,391,709790,,,Replacement and Extension of Jetty Pipelines [REJP] at KR,Bharat Petroleum Corporation Limited [BPCL],Oil & Gas,Kerala,2023-03,2023-03,2026-03,2026-03,621.87,372.0,459.74,93.0,NO_LEGACY_CODE;NO_PMGID
2025-12,FlashReport_December_2025.pdf,07f56e5457c63192ae7b5b4036f975f7eb058a3364a25a87cdc6ce2369082401,64,392,709799,,,Setting up Polypropylene Unit at Kochi Refinery,MinistryofPetroleumNaturalGas,Oil & Gas,Kerala,2023-12,2023-12,2027-10,2027-10,4460.0,4460.0,399.96,20.0,NO_LEGACY_CODE;NO_PMGID
2025-12,FlashReport_December_2025.pdf,07f56e5457c63192ae7b5b4036f975f7eb058a3364a25a87cdc6ce2369082401,64,393,617830,,,C2/C3 Vijaipur Pata Pipeline,Ministry of Petroleum & Natural Gas,Oil & Gas,Madhya Pradesh,2024-05,2024-05,2027-01,2027-01,1792.0,1792.0,390.2,46.0,NO_LEGACY_CODE;NO_PMGID
2025-12,FlashReport_December_2025.pdf,07f56e5457c63192ae7b5b4036f975f7eb058a3364a25a87cdc6ce2369082401,64,394,709798,,,Ethylene Cracker Project at Bina Refinery including downstream Petrochemical Plants and expansion of Refinery,MinistryofPetroleumNaturalGas,Oil & Gas,Madhya Pradesh,2023-05,2023-05,2028-05,2028-05,43367.0,43367.0,2592.6,18.0,NO_LEGACY_CODE;NO_PMGID
2025-12,FlashReport_December_2025.pdf,07f56e5457c63192ae7b5b4036f975f7eb058a3364a25a87cdc6ce2369082401,64,395,400168,,,"500 KTA PDHPP Project, Usar",Ministry of Petroleum & Natural Gas,Oil & Gas,Maharashtra,2021-04,2021-04,2025-04,2026-06,8797.0,11256.0,7371.46,88.0,NO_LEGACY_CODE;NO_PMGID
2025-12,FlashReport_December_2025.pdf,07f56e5457c63192ae7b5b4036f975f7eb058a3364a25a87cdc6ce2369082401,64,396,616933,,,Lube Modernization & Bottom Upgradation Project at Mumbai Refinery,Ministry of Petroleum and Natural Gas,Oil & Gas,Maharashtra,2024-12,2024-12,2028-03,2028-03,4679.0,4679.0,222.44,7.0,NO_LEGACY_CODE;NO_PMGID
2025-12,FlashReport_December_2025.pdf,07f56e5457c63192ae7b5b4036f975f7eb058a3364a25a87cdc6ce2369082401,64,397,709760,,,HP TDAE Unit in Mumbai Refinery,Hindustan Petroleum Corporation Limited,Oil & Gas,Maharashtra,2024-06,2024-06,2026-04,2026-04,240.0,240.0,77.58,70.0,NO_LEGACY_CODE;NO_PMGID
2025-12,FlashReport_December_2025.pdf,07f56e5457c63192ae7b5b4036f975f7eb058a3364a25a87cdc6ce2369082401,64,398,709771,,,"City Gas Distribution Project at Beed, Jalgaon and Jalna Districts",MinistryofPetroleumNaturalGas,Oil & Gas,Maharashtra,2022-03,2022-03,2031-09,2031-09,865.0,865.0,74.35,3.0,NO_LEGACY_CODE;NO_PMGID
2025-12,FlashReport_December_2025.pdf,07f56e5457c63192ae7b5b4036f975f7eb058a3364a25a87cdc6ce2369082401,65,399,709780,,,Construction of Additional Tankages and Allied Facilities at JNPT Terminal,MinistryofPetroleumNaturalGas,Oil & Gas,Maharashtra,2022-04,2022-04,2026-08,2026-08,341.43,436.14,293.12,55.0,NO_LEGACY_CODE;NO_PMGID
2025-12,FlashReport_December_2025.pdf,07f56e5457c63192ae7b5b4036f975f7eb058a3364a25a87cdc6ce2369082401,65,400,709782,,,ATF Pipeline from Jawaharlal Nehru Port Trust to Navi Mumbai International Airport,Indian Oil Corporation Limited [IOCL],Oil & Gas,Maharashtra,2022-08,2022-08,2025-08,2026-03,165.0,165.0,96.61,83.0,NO_LEGACY_CODE;NO_PMGID
2025-12,FlashReport_December_2025.pdf,07f56e5457c63192ae7b5b4036f975f7eb058a3364a25a87cdc6ce2369082401,65,401,709789,,,Installation of Independent De- Aromatized Solvents [DAS] production facilities at MR,Bharat Petroleum Corporation Limited [BPCL],Oil & Gas,Maharashtra,2023-03,2023-03,2025-07,2026-02,405.0,343.0,244.2,97.0,NO_LEGACY_CODE;NO_PMGID
2025-12,FlashReport_December_2025.pdf,07f56e5457c63192ae7b5b4036f975f7eb058a3364a25a87cdc6ce2369082401,65,402,709797,,,POL & LOBS Installations with Receipt Pipelines at Rasayani,Bharat Petroleum Corporation Limited [BPCL],Oil & Gas,Maharashtra,2023-05,2023-05,2026-05,2026-05,2585.0,2585.0,936.03,80.0,NO_LEGACY_CODE;NO_PMGID
2025-12,FlashReport_December_2025.pdf,07f56e5457c63192ae7b5b4036f975f7eb058a3364a25a87cdc6ce2369082401,65,403,709846,,,Part Replacement Pipeline Project [PRPP],Oil and Natural Gas Corporation Limited [ONGC],Oil & Gas,Maharashtra,2022-11,2022-11,2024-05,2026-01,1219.48,1145.1,745.0,90.0,NO_LEGACY_CODE;NO_PMGID
2025-12,FlashReport_December_2025.pdf,07f56e5457c63192ae7b5b4036f975f7eb058a3364a25a87cdc6ce2369082401,65,404,616254,,,Visakh Raipur Pipeline Project,Ministry of Petroleum and Natural Gas,Oil & Gas,"Multi-States (Andhra Pradesh, Chhattisgarh, Odisha)",2024-09,2024-09,2027-09,2027-09,2212.0,2212.0,127.64,21.0,NO_LEGACY_CODE;NO_PMGID;MULTILINE_STATE
2025-12,FlashReport_December_2025.pdf,07f56e5457c63192ae7b5b4036f975f7eb058a3364a25a87cdc6ce2369082401,65,405,701346,,,North East Gas Grid,Ministry of Petroleum & Natural Gas,Oil & Gas,"Multi-States (Arunachal Pradesh, Assam, Manipur, Meghalaya, Mizoram, Nagaland, Sikkim, Tripura, West Bengal)",2020-04,2020-04,2024-03,2026-03,9265.0,9265.0,6622.0,86.0,NO_LEGACY_CODE;NO_PMGID;MULTILINE_STATE
2025-12,FlashReport_December_2025.pdf,07f56e5457c63192ae7b5b4036f975f7eb058a3364a25a87cdc6ce2369082401,65,406,617827,,,"Pipeline Rehabilitation Project, Phase-II",Ministry of Petroleum & Natural Gas,Oil & Gas,"Multi-States (Assam, Bihar, West Bengal)",2024-12,2024-12,2029-12,2029-12,680.0,680.0,2.32,17.0,NO_LEGACY_CODE;NO_PMGID;MULTILINE_STATE
2025-12,FlashReport_December_2025.pdf,07f56e5457c63192ae7b5b4036f975f7eb058a3364a25a87cdc6ce2369082401,65,407,701350,,,Upgradation of Facilities of Numaligarh-Siliguri Product Pipeline [NSPL] for transportation of additional products from existing 1.72 MMTPA to 5.5 MMTPA,Ministry of Petroleum & Natural Gas,Oil & Gas,"Multi-States (Assam, West Bengal)",2021-06,2021-06,2024-12,2026-03,860.0,860.0,636.92,99.0,NO_LEGACY_CODE;NO_PMGID;MULTILINE_STATE
2025-12,FlashReport_December_2025.pdf,07f56e5457c63192ae7b5b4036f975f7eb058a3364a25a87cdc6ce2369082401,65,408,709757,,,"CGD Project in Banka, Dumka, Godda, Jamtara, Pakur, Sahibganj GA ID 11A.02",Hindustan Petroleum Corporation Limited,Oil & Gas,"Multi-States (Bihar, Jharkhand)",2022-06,2022-06,2030-06,2030-06,1377.0,1377.0,350.62,32.0,NO_LEGACY_CODE;NO_PMGID;MULTILINE_STATE
2025-12,FlashReport_December_2025.pdf,07f56e5457c63192ae7b5b4036f975f7eb058a3364a25a87cdc6ce2369082401,65,409,701354,,,Mumbai Nagpur Jharsuguda Pipeline Project,Ministry of Petroleum & Natural Gas,Oil & Gas,"Multi-States (Chhattisgarh, Madhya Pradesh, Maharashtra, Odisha)",2020-06,2020-06,2023-05,2026-02,7844.25,8255.0,6857.3,97.0,NO_LEGACY_CODE;NO_PMGID;MULTILINE_STATE
2025-12,FlashReport_December_2025.pdf,07f56e5457c63192ae7b5b4036f975f7eb058a3364a25a87cdc6ce2369082401,65,410,701330,,,Mehsana-Bhatinda & Bhatinda-Jammu Natural Gas Pipeline,Ministry of Petroleum & Natural Gas,Oil & Gas,"Multi-States (Gujarat, Haryana, Punjab, Rajasthan)",2011-07,2011-07,2024-06,2026-03,7392.0,7392.0,6336.9,90.0,NO_LEGACY_CODE;NO_PMGID;MULTILINE_STATE
2025-12,FlashReport_December_2025.pdf,07f56e5457c63192ae7b5b4036f975f7eb058a3364a25a87cdc6ce2369082401,65,411,612853,,,Gurdaspur Jammu Pipeline,Gas Authority of India Limited [GAIL],Oil & Gas,"Multi-States (Jammu and Kashmir, Punjab)",2023-07,2023-07,2026-07,2026-07,521.9,521.9,249.7,43.0,NO_LEGACY_CODE;NO_PMGID;MULTILINE_STATE
2025-12,FlashReport_December_2025.pdf,07f56e5457c63192ae7b5b4036f975f7eb058a3364a25a87cdc6ce2369082401,65,412,701228,,,Kochi - Koottanad - Bangalore - Mangalore Pipeline Phase-II,Ministry of Petroleum & Natural Gas,Oil & Gas,"Multi-States (Karnataka, Kerala, Tamil Nadu)",2009-06,2009-06,2012-12,2026-03,2915.0,5909.0,4548.29,95.0,NO_LEGACY_CODE;NO_PMGID;MULTILINE_STATE
2025-12,FlashReport_December_2025.pdf,07f56e5457c63192ae7b5b4036f975f7eb058a3364a25a87cdc6ce2369082401,65,413,701338,,,City Gas Distribution Maharashtra Natural Gas Limited,Ministry of Petroleum & Natural Gas,Oil & Gas,"Multi-States (Karnataka, Maharashtra)",2006-01,2006-01,2031-06,2031-06,5535.0,5535.0,4037.28,0.0,NO_LEGACY_CODE;NO_PMGID;MULTILINE_STATE
2025-12,FlashReport_December_2025.pdf,07f56e5457c63192ae7b5b4036f975f7eb058a3364a25a87cdc6ce2369082401,65,414,701344,,,Dhamra Haldia Pipeline Project,Ministry of Petroleum & Natural Gas,Oil & Gas,"Multi-States (Odisha, West Bengal)",2020-03,2020-03,2022-11,2026-03,1030.65,1125.0,885.2,91.0,NO_LEGACY_CODE;NO_PMGID;MULTILINE_STATE
2025-12,FlashReport_December_2025.pdf,07f56e5457c63192ae7b5b4036f975f7eb058a3364a25a87cdc6ce2369082401,65,415,709794,,,"City Gas Distribution Projects at Fazilka [except area already authorized], Ganganagar and Hanumangarh districts",Bharat Petroleum Corporation Limited [BPCL],Oil & Gas,"Multi-States (Punjab, Rajasthan)",2022-12,2022-12,2030-06,2030-06,3207.0,3207.0,377.38,27.0,NO_LEGACY_CODE;NO_PMGID;MULTILINE_STATE
2025-12,FlashReport_December_2025.pdf,07f56e5457c63192ae7b5b4036f975f7eb058a3364a25a87cdc6ce2369082401,65,416,709786,,,"Augmentation/ Revamping of Dimapur Depot, Dimapur",MinistryofPetroleumNaturalGas,Oil & Gas,Nagaland,2023-08,2023-08,2027-11,2027-11,227.62,227.62,15.85,28.0,NO_LEGACY_CODE;NO_PMGID
2025-12,FlashReport_December_2025.pdf,07f56e5457c63192ae7b5b4036f975f7eb058a3364a25a87cdc6ce2369082401,65,417,604859,,,Integrated Para Xylene [PX] and Purified Terephthalic Acid [PTA] Project at Paradip Refinery,Ministry of Petroleum & Natural Gas,Oil & Gas,Odisha,2020-07,2020-07,2024-01,2026-08,13805.0,11783.0,8613.21,92.0,NO_LEGACY_CODE;NO_PMGID
2025-12,FlashReport_December_2025.pdf,07f56e5457c63192ae7b5b4036f975f7eb058a3364a25a87cdc6ce2369082401,65,418,617818,,,"City Gas Distribution [CGD] Project in Gajapati, Kandhamal, Boudh, & Sonepur GA",GAIL Gas,Oil & Gas,Odisha,2022-02,2022-02,2030-02,2030-02,514.91,514.91,19.92,4.0,NO_LEGACY_CODE;NO_PMGID
2025-12,FlashReport_December_2025.pdf,07f56e5457c63192ae7b5b4036f975f7eb058a3364a25a87cdc6ce2369082401,65,419,709800,,,"CUF POL Depot at Sadashibpur [Meramundali], Odisha",MinistryofPetroleumNaturalGas,Oil & Gas,Odisha,2021-04,2021-04,2026-03,2026-03,393.54,393.54,153.37,54.0,NO_LEGACY_CODE;NO_PMGID
2025-12,FlashReport_December_2025.pdf,07f56e5457c63192ae7b5b4036f975f7eb058a3364a25a87cdc6ce2369082401,65,420,400119,,,Life Extension of 48 well platforms of Mumbai High & Heera Fields,Oil and Natural Gas Corporation Limited [ONGC],Oil & Gas,Offshore,2015-12,2015-12,2018-04,2026-03,3190.69,3375.9,3123.2,90.0,NO_LEGACY_CODE;NO_PMGID
2025-12,FlashReport_December_2025.pdf,07f56e5457c63192ae7b5b4036f975f7eb058a3364a25a87cdc6ce2369082401,65,421,616950,,,PRP-VIII [Group-A],Ministry of Petroleum & Natural Gas,Oil & Gas,Offshore,2024-09,2024-09,2026-02,2026-05,1486.4,1486.4,394.85,30.0,NO_LEGACY_CODE;NO_PMGID
2025-12,FlashReport_December_2025.pdf,07f56e5457c63192ae7b5b4036f975f7eb058a3364a25a87cdc6ce2369082401,65,422,709839,,,Daman Upside Development Project,Oil and Natural Gas Corporation Limited [ONGC],Oil & Gas,Offshore,2022-06,2022-06,2025-10,2026-02,4144.41,6406.9,4833.7,93.0,NO_LEGACY_CODE;NO_PMGID
2025-12,FlashReport_December_2025.pdf,07f56e5457c63192ae7b5b4036f975f7eb058a3364a25a87cdc6ce2369082401,65,423,709848,,,MHN TCPP PGC BGC Project [MTPBP],Ministry of Petroleum & Natural Gas,Oil & Gas,Offshore,2022-06,2022-06,2026-05,2026-05,2329.45,2354.23,1148.9,66.0,NO_LEGACY_CODE;NO_PMGID
2025-12,FlashReport_December_2025.pdf,07f56e5457c63192ae7b5b4036f975f7eb058a3364a25a87cdc6ce2369082401,65,424,709849,,,PRP-VIII Group B [NH & BS Asset],Ministry of Petroleum & Natural Gas,Oil & Gas,Offshore,2024-06,2024-06,2026-02,2026-05,2379.84,3165.53,2115.21,77.0,NO_LEGACY_CODE;NO_PMGID
2025-12,FlashReport_December_2025.pdf,07f56e5457c63192ae7b5b4036f975f7eb058a3364a25a87cdc6ce2369082401,65,425,709851,,,Integrated Development of 4 Contract Areas under DSF-II,Ministry of Petroleum & Natural Gas,Oil & Gas,Offshore,2023-05,2023-05,2027-04,2027-04,6183.79,6183.79,895.56,28.0,NO_LEGACY_CODE;NO_PMGID
2025-12,FlashReport_December_2025.pdf,07f56e5457c63192ae7b5b4036f975f7eb058a3364a25a87cdc6ce2369082401,66,426,400171,,,2G Ethanol Biorefinery at Bathinda,Hindustan Petroleum Corporation Limited [HPCL],Oil & Gas,Punjab,2020-05,2020-05,2023-02,2026-03,1421.46,1421.46,1218.24,95.0,NO_LEGACY_CODE;NO_PMGID
2025-12,FlashReport_December_2025.pdf,07f56e5457c63192ae7b5b4036f975f7eb058a3364a25a87cdc6ce2369082401,66,427,709770,,,City Gas Distribution Project at Pathankot District,MinistryofPetroleumNaturalGas,Oil & Gas,Punjab,2022-03,2022-03,2033-09,2033-09,151.0,151.0,8.81,2.0,NO_LEGACY_CODE;NO_PMGID
2025-12,FlashReport_December_2025.pdf,07f56e5457c63192ae7b5b4036f975f7eb058a3364a25a87cdc6ce2369082401,66,428,604795,,,CBR 9 MMTPA Project,Chennai Petroleum Corporation Limited [CPCL],Oil & Gas,Tamil Nadu,2021-09,2021-09,2025-06,2028-10,31580.0,36354.0,1404.61,10.0,NO_LEGACY_CODE;NO_PMGID
2025-12,FlashReport_December_2025.pdf,07f56e5457c63192ae7b5b4036f975f7eb058a3364a25a87cdc6ce2369082401,66,429,709750,,,Laying of new 28 inch Desal Water Pipeline and 10 inch Reject Water Pipeline between CPCL Manali Refinery and CPCL Desalination plant at Ennore,Chennai Petroleum Corporation Limited [CPCL],Oil & Gas,Tamil Nadu,2024-01,2024-01,2025-09,2026-12,205.0,205.0,76.2,53.0,NO_LEGACY_CODE;NO_PMGID
2025-12,FlashReport_December_2025.pdf,07f56e5457c63192ae7b5b4036f975f7eb058a3364a25a87cdc6ce2369082401,66,430,709796,,,City Gas Distribution Projects at the Nilgiris and Erode districts,Bharat Petroleum Corporation Limited [BPCL],Oil & Gas,Tamil Nadu,2022-12,2022-12,2030-03,2030-03,3685.0,3685.0,261.81,22.0,NO_LEGACY_CODE;NO_PMGID
2025-12,FlashReport_December_2025.pdf,07f56e5457c63192ae7b5b4036f975f7eb058a3364a25a87cdc6ce2369082401,66,431,617822,,,ATF Pipeline from BPCLs Malkapur POL Installation to Hyderabad International airport,MinistryofPetroleumNaturalGas,Oil & Gas,Telangana,2025-03,2025-03,2027-09,,215.0,215.0,38.16,17.0,NO_LEGACY_CODE;NO_PMGID
2025-12,FlashReport_December_2025.pdf,07f56e5457c63192ae7b5b4036f975f7eb058a3364a25a87cdc6ce2369082401,66,432,709837,,,"Creation of Gas Dehydration Facilities, Tripura Asset",Oil and Natural Gas Corporation Limited [ONGC],Oil & Gas,Tripura,2022-03,2022-03,2024-05,2026-05,209.33,131.51,71.95,66.0,NO_LEGACY_CODE;NO_PMGID
2025-12,FlashReport_December_2025.pdf,07f56e5457c63192ae7b5b4036f975f7eb058a3364a25a87cdc6ce2369082401,66,433,400161,,,"PP Project, Pata",Gas Authority of India Limited [GAIL],Oil & Gas,Uttar Pradesh,2019-03,2019-03,2024-01,2026-12,910.56,1299.02,1066.0,99.0,NO_LEGACY_CODE;NO_PMGID
2025-12,FlashReport_December_2025.pdf,07f56e5457c63192ae7b5b4036f975f7eb058a3364a25a87cdc6ce2369082401,66,434,709781,,,Revamping / Augmentation of Facilities at Mathura Bitumen Plant,MinistryofPetroleumNaturalGas,Oil & Gas,Uttar Pradesh,2022-04,2022-04,2027-06,2026-12,260.12,260.12,10.51,36.0,NO_LEGACY_CODE;NO_PMGID
2025-12,FlashReport_December_2025.pdf,07f56e5457c63192ae7b5b4036f975f7eb058a3364a25a87cdc6ce2369082401,66,435,709795,,,"City Gas Distribution Projects at Lakhimpur Kheri , Sitapur, Bahraich, Shravasti,Balrampur, Siddharth Nagar & Maharajganj districts",Bharat Petroleum Corporation Limited [BPCL],Oil & Gas,Uttar Pradesh,2022-12,2022-12,2030-06,2030-06,16654.0,16654.0,642.18,13.0,NO_LEGACY_CODE;NO_PMGID
2025-12,FlashReport_December_2025.pdf,07f56e5457c63192ae7b5b4036f975f7eb058a3364a25a87cdc6ce2369082401,66,436,617302,,,Durgapur - Haldia Pipeline [Section-3B of JHBDPL Project],Ministry of Petroleum & Natural Gas,Oil & Gas,West Bengal,2017-03,2017-03,2020-12,2026-03,1740.0,2493.15,2314.2,93.0,NO_LEGACY_CODE;NO_PMGID
2025-12,FlashReport_December_2025.pdf,07f56e5457c63192ae7b5b4036f975f7eb058a3364a25a87cdc6ce2369082401,66,437,617828,,,Siliguri-Jhapa Pipeline Project,IOCL,Oil & Gas,West Bengal,2024-09,2024-09,2029-03,2029-03,267.0,267.0,1.37,8.0,NO_LEGACY_CODE;NO_PMGID
2025-12,FlashReport_December_2025.pdf,07f56e5457c63192ae7b5b4036f975f7eb058a3364a25a87cdc6ce2369082401,66,438,617837,,,Siliguri Marketing Terminal [SMT] Capacity Augmentation Project,Ministry of Petroleum & Natural Gas,Oil & Gas,West Bengal,2021-11,2021-11,2025-12,2026-09,484.0,484.0,293.69,82.0,NO_LEGACY_CODE;NO_PMGID
2025-12,FlashReport_December_2025.pdf,07f56e5457c63192ae7b5b4036f975f7eb058a3364a25a87cdc6ce2369082401,66,439,709753,,,Haldia Panagarh Pipeline Project,Hindustan Petroleum Corporation Limited,Oil & Gas,West Bengal,2022-11,2022-11,2025-11,2026-05,1010.0,1107.0,718.12,89.0,NO_LEGACY_CODE;NO_PMGID
2025-12,FlashReport_December_2025.pdf,07f56e5457c63192ae7b5b4036f975f7eb058a3364a25a87cdc6ce2369082401,66,440,709758,,,"CGD Project in Malda, Birbhum, Murshidabad, Dakshin Dinajpur GA ID 11A.03",Hindustan Petroleum Corporation Limited,Oil & Gas,West Bengal,2022-06,2022-06,2030-06,2030-06,2628.0,2628.0,355.85,31.0,NO_LEGACY_CODE;NO_PMGID
2025-12,FlashReport_December_2025.pdf,07f56e5457c63192ae7b5b4036f975f7eb058a3364a25a87cdc6ce2369082401,66,441,709772,,,"City Gas Distribution Project at East Mednipore, West Mednipore & Jhargram Districts",MinistryofPetroleumNaturalGas,Oil & Gas,West Bengal,2022-03,2022-03,2031-06,2031-06,609.0,609.0,59.3,2.0,NO_LEGACY_CODE;NO_PMGID
2025-12,FlashReport_December_2025.pdf,07f56e5457c63192ae7b5b4036f975f7eb058a3364a25a87cdc6ce2369082401,66,442,709791,,,City Gas Distribution Projects at Alipurduar and Cooch Behar,Bharat Petroleum Corporation Limited [BPCL],Oil & Gas,West Bengal,2022-12,2022-12,2030-03,2030-03,1017.0,1017.0,211.59,40.0,NO_LEGACY_CODE;NO_PMGID
2025-12,FlashReport_December_2025.pdf,07f56e5457c63192ae7b5b4036f975f7eb058a3364a25a87cdc6ce2369082401,66,443,701172,,,AIIMS Darbhanga,PMSSY AND Institute of NATIONAL Importance,Healthcare,Bihar,,2020-09,2024-09,,1264.0,1264.0,0.0,0.0,NO_LEGACY_CODE;NO_PMGID;DATE_PARSE_FAIL
2025-12,FlashReport_December_2025.pdf,07f56e5457c63192ae7b5b4036f975f7eb058a3364a25a87cdc6ce2369082401,66,444,617882,,,"Setting up IT Infrastructure including Network Security and Hosting at AIIMS, New Delhi",PMSSY AND Institute of NATIONAL Importance,Healthcare,Delhi,2025-09,2025-09,2026-09,,358.19,358.19,0.0,0.0,NO_LEGACY_CODE;NO_PMGID
2025-12,FlashReport_December_2025.pdf,07f56e5457c63192ae7b5b4036f975f7eb058a3364a25a87cdc6ce2369082401,66,445,617883,,,"Redevelopment of Residential colonies at Ayur Vigyan Nagar and West Ansari Nagar campuses of AIIMS, New Delhi",PMSSY AND Institute of NATIONAL Importance,Healthcare,Delhi,2016-10,2022-06,2027-06,,4441.0,4441.0,24.68,61.0,NO_LEGACY_CODE;NO_PMGID
2025-12,FlashReport_December_2025.pdf,07f56e5457c63192ae7b5b4036f975f7eb058a3364a25a87cdc6ce2369082401,66,446,701170,,,AIIMS Rajkot,PMSSY AND Institute of NATIONAL Importance,Healthcare,Gujarat,2019-01,2019-01,2026-03,2026-03,1195.0,1195.0,774.6,93.0,NO_LEGACY_CODE;NO_PMGID
2025-12,FlashReport_December_2025.pdf,07f56e5457c63192ae7b5b4036f975f7eb058a3364a25a87cdc6ce2369082401,66,447,701173,,,AIIMS Majra Rewari Haryana,PMSSY AND Institute of NATIONAL Importance,Healthcare,Haryana,2019-02,2019-02,2026-12,2026-12,1299.0,1646.43,479.98,45.0,NO_LEGACY_CODE;NO_PMGID
2025-12,FlashReport_December_2025.pdf,07f56e5457c63192ae7b5b4036f975f7eb058a3364a25a87cdc6ce2369082401,66,448,701167,,,AIIMS Kashmir at Awantipora Jammu & Kashmir,PMSSY AND Institute of NATIONAL Importance,Healthcare,Jammu and Kashmir,2019-01,2019-03,2025-12,2026-06,1828.0,2160.84,1491.97,72.0,NO_LEGACY_CODE;NO_PMGID;MULTILINE_STATE
2025-12,FlashReport_December_2025.pdf,07f56e5457c63192ae7b5b4036f975f7eb058a3364a25a87cdc6ce2369082401,66,449,701168,,,ALL India Institute of Medical Sciences-AIIMS Madurai,PMSSY AND Institute of NATIONAL Importance,Healthcare,Tamil Nadu,2018-12,2018-12,2022-08,2026-10,1264.0,2021.51,366.59,43.0,NO_LEGACY_CODE;NO_PMGID
2025-12,FlashReport_December_2025.pdf,07f56e5457c63192ae7b5b4036f975f7eb058a3364a25a87cdc6ce2369082401,66,450,701171,,,AIIMS Bibinagar,PMSSY AND Institute of NATIONAL Importance,Healthcare,Telangana,2018-12,2022-07,2026-06,2026-06,1028.0,1365.95,939.72,86.0,NO_LEGACY_CODE;NO_PMGID
2025-12,FlashReport_December_2025.pdf,07f56e5457c63192ae7b5b4036f975f7eb058a3364a25a87cdc6ce2369082401,66,451,612167,,,"Construction of 350 beds + 50 Super Specialty beds ESIC Hospital Sheelanagar, Visakhapatnam, Andhra Pradesh",Employee's State Insurance Company [ESIC],Healthcare,Andhra Pradesh,2021-02,2023-04,2025-10,2026-03,384.27,384.27,167.37,70.0,NO_LEGACY_CODE;NO_PMGID
2025-12,FlashReport_December_2025.pdf,07f56e5457c63192ae7b5b4036f975f7eb058a3364a25a87cdc6ce2369082401,67,452,612201,,,"Construction of 200 bedded ESIC Hospital with 62 Nos Staff quarters , Beltola",Employee's State Insurance Company [ESIC],Healthcare,Assam,2017-12,2021-10,2025-04,2026-02,143.23,154.75,116.08,96.0,NO_LEGACY_CODE;NO_PMGID
2025-12,FlashReport_December_2025.pdf,07f56e5457c63192ae7b5b4036f975f7eb058a3364a25a87cdc6ce2369082401,67,453,612185,,,C/o Construction of 200 bedded [Up-gradable to 300 bedded] ESI Hospital at Surat Gujarat.,Employee's State Insurance Company [ESIC],Healthcare,Gujarat,2019-06,2021-03,2025-06,2026-01,209.36,209.36,202.62,99.0,NO_LEGACY_CODE;NO_PMGID
2025-12,FlashReport_December_2025.pdf,07f56e5457c63192ae7b5b4036f975f7eb058a3364a25a87cdc6ce2369082401,67,454,612186,,,350 Bedded [Upgradable to 500 beds] ESI Hospital at Sanand,Employee's State Insurance Company [ESIC],Healthcare,Gujarat,2022-06,2023-04,2026-03,2027-05,558.12,558.12,63.62,15.0,NO_LEGACY_CODE;NO_PMGID
2025-12,FlashReport_December_2025.pdf,07f56e5457c63192ae7b5b4036f975f7eb058a3364a25a87cdc6ce2369082401,67,455,612211,,,"Demolition, Construction and upgradation of ESI Hospital, Kalol, Gujarat from 50 beds to 150 beds.",Employee's State Insurance Company [ESIC],Healthcare,Gujarat,2022-08,2023-10,2025-10,2026-06,205.87,205.87,24.06,20.0,NO_LEGACY_CODE;NO_PMGID
2025-12,FlashReport_December_2025.pdf,07f56e5457c63192ae7b5b4036f975f7eb058a3364a25a87cdc6ce2369082401,67,456,612745,,,"Construction of 200 bed ESI Hospital at Bommasandra, Karnataka",Employee's State Insurance Company [ESIC],Healthcare,Karnataka,2015-02,2024-10,2027-01,2027-05,278.0,278.0,228.61,19.0,NO_LEGACY_CODE;NO_PMGID
2025-12,FlashReport_December_2025.pdf,07f56e5457c63192ae7b5b4036f975f7eb058a3364a25a87cdc6ce2369082401,67,457,612748,,,"Construction of 100 bed ESI Hospital and Staff Quarters [32 Nos.] at Harohalli, Karnataka",Employee's State Insurance Company [ESIC],Healthcare,Karnataka,2019-07,2025-03,2027-02,,150.92,150.92,6.76,10.0,NO_LEGACY_CODE;NO_PMGID
2025-12,FlashReport_December_2025.pdf,07f56e5457c63192ae7b5b4036f975f7eb058a3364a25a87cdc6ce2369082401,67,458,612188,,,"Construction of 200 Bedded [Upgradable to 500 Bedded including 50 beds of SST] ESIC Hospital at Bibewadi, Pune",Employee's State Insurance Company [ESIC],Healthcare,Maharashtra,2018-05,2023-03,2025-09,2026-02,429.25,429.25,282.09,70.0,NO_LEGACY_CODE;NO_PMGID
2025-12,FlashReport_December_2025.pdf,07f56e5457c63192ae7b5b4036f975f7eb058a3364a25a87cdc6ce2369082401,67,459,612213,,,"Construction of 200 Bedded ESIC Hospital at Butibori, Nagpur, Maharashtra.",Employee's State Insurance Company [ESIC],Healthcare,Maharashtra,2013-10,2022-08,2025-08,2026-09,194.93,196.7,114.39,62.0,NO_LEGACY_CODE;NO_PMGID
2025-12,FlashReport_December_2025.pdf,07f56e5457c63192ae7b5b4036f975f7eb058a3364a25a87cdc6ce2369082401,67,460,616691,,,"Upgradation & Extension of ESIC Hospital and Construction of PG Hostel / Staff Housing for ESIC Hospital at Andheri, Mumbai",Employee's State Insurance Company [ESIC],Healthcare,Maharashtra,2008-12,2009-06,2025-08,2026-09,260.13,260.13,210.12,89.0,NO_LEGACY_CODE;NO_PMGID
2025-12,FlashReport_December_2025.pdf,07f56e5457c63192ae7b5b4036f975f7eb058a3364a25a87cdc6ce2369082401,67,461,612513,,,"Construction of 100 Bedded ESI Hospital at Duburi, Odisha.",Employee's State Insurance Company [ESIC],Healthcare,Odisha,2010-12,2025-02,2027-06,,164.6,164.6,16.4,7.0,NO_LEGACY_CODE;NO_PMGID
2025-12,FlashReport_December_2025.pdf,07f56e5457c63192ae7b5b4036f975f7eb058a3364a25a87cdc6ce2369082401,67,462,612178,,,"Construction of 100 Bedded ESIC Hospital building and 32 Nos Residential Quarters at Vallam Vadangal, SIPCOT, Sriperumbudur",Employee's State Insurance Company [ESIC],Healthcare,Tamil Nadu,2015-02,2023-03,2025-06,2026-01,152.95,177.01,107.83,99.0,NO_LEGACY_CODE;NO_PMGID
2025-12,FlashReport_December_2025.pdf,07f56e5457c63192ae7b5b4036f975f7eb058a3364a25a87cdc6ce2369082401,67,463,612259,,,CONSTRUCTION OF 300 BEDDED HOSPITAL AT HARIDWAR,Employee's State Insurance Company [ESIC],Healthcare,Uttarakhand,2021-02,2021-12,2024-10,2026-03,102.4,297.63,322.55,81.0,NO_LEGACY_CODE;NO_PMGID
2025-12,FlashReport_December_2025.pdf,07f56e5457c63192ae7b5b4036f975f7eb058a3364a25a87cdc6ce2369082401,67,464,708662,,,Establishment of 600 bed super specialty hospital with optional development of Medical college and further expansion on PPP basis.,Mumbai Port Trust [MPT],Healthcare,Maharashtra,2019-08,2022-01,2026-06,2027-12,693.0,693.0,58.0,11.0,NO_LEGACY_CODE;NO_PMGID
2025-12,FlashReport_December_2025.pdf,07f56e5457c63192ae7b5b4036f975f7eb058a3364a25a87cdc6ce2369082401,67,465,701565,,,Jal Marg Vikas Project,Inland Waterways Authority of India [IWAI],Inland Waterways,"Multi-States (Bihar, Jharkhand, Uttar Pradesh, West Bengal)",2018-01,2018-02,2023-12,2025-12,5369.18,5061.15,3717.08,75.0,NO_LEGACY_CODE;NO_PMGID;MULTILINE_STATE
2025-12,FlashReport_December_2025.pdf,07f56e5457c63192ae7b5b4036f975f7eb058a3364a25a87cdc6ce2369082401,67,466,611142,,,Fairway Development in West Bengal Farakka - Kahelgaon,Inland Waterways Authority of India [IWAI],Inland Waterways,Offshore,2018-01,2018-08,2023-07,2024-04,177.0,197.0,383.41,100.0,NO_LEGACY_CODE;NO_PMGID
2025-12,FlashReport_December_2025.pdf,07f56e5457c63192ae7b5b4036f975f7eb058a3364a25a87cdc6ce2369082401,67,467,609424,,,"Development of Container Terminal at Tuna-Tekra, Deendayal Port on BOT Basis Under PPP Mode",Deendayal Port Trust,Shipping,Gujarat,2022-10,2024-03,2027-03,,4243.64,4243.64,963.03,37.0,NO_LEGACY_CODE;NO_PMGID
2025-12,FlashReport_December_2025.pdf,07f56e5457c63192ae7b5b4036f975f7eb058a3364a25a87cdc6ce2369082401,67,468,701568,,,Construction of oil jetty No.8 at old kandla through internal resources,Deendayal Port Trust [DPT],Shipping,Gujarat,2018-02,2021-02,2023-02,2024-07,100.0,225.85,186.47,90.0,NO_LEGACY_CODE;NO_PMGID
2025-12,FlashReport_December_2025.pdf,07f56e5457c63192ae7b5b4036f975f7eb058a3364a25a87cdc6ce2369082401,67,469,701570,,,"Replacement and revamping of pipeline projects in oil jetty area, Kandla",Deendayal Port Trust [DPT],Shipping,Gujarat,2021-09,2021-09,2023-09,2025-03,171.0,211.61,137.51,71.0,NO_LEGACY_CODE;NO_PMGID
2025-12,FlashReport_December_2025.pdf,07f56e5457c63192ae7b5b4036f975f7eb058a3364a25a87cdc6ce2369082401,67,470,617804,,,Mechanization of Berth No.14 for handling Containers and other cargo on DBFOT basis - Phase II,New Mangalore Port Authority,Shipping,Karnataka,2023-12,2024-06,2027-03,,153.23,153.23,24.0,33.0,NO_LEGACY_CODE;NO_PMGID
2025-12,FlashReport_December_2025.pdf,07f56e5457c63192ae7b5b4036f975f7eb058a3364a25a87cdc6ce2369082401,67,471,400382,,,Rewas Port Project,Reliance Industries Ltd,Shipping,Maharashtra,2019-12,2020-01,2023-03,,6000.0,6000.0,5999.89,88.0,NO_LEGACY_CODE;NO_PMGID
2025-12,FlashReport_December_2025.pdf,07f56e5457c63192ae7b5b4036f975f7eb058a3364a25a87cdc6ce2369082401,67,472,701586,,,Setting up of a Floating Storage and Regasification Unit [FSRU] - Mumbai,Mumbai Port Trust [MPT],Shipping,Maharashtra,2020-11,2021-04,2026-11,2026-11,900.0,900.0,65.0,0.0,NO_LEGACY_CODE;NO_PMGID
2025-12,FlashReport_December_2025.pdf,07f56e5457c63192ae7b5b4036f975f7eb058a3364a25a87cdc6ce2369082401,67,473,701574,,,Deepening and Optimization of Inner Harbour facilities including development of Western Dock on BOT basis to handle Cape size vessels,Paradip Port Trust [PPT],Shipping,Odisha,2022-05,2023-01,2027-12,2028-10,3004.63,3004.63,1277.52,50.0,NO_LEGACY_CODE;NO_PMGID
2025-12,FlashReport_December_2025.pdf,07f56e5457c63192ae7b5b4036f975f7eb058a3364a25a87cdc6ce2369082401,67,474,701576,,,Berth No. 2 [previously Berth 3] of HDC Mechanization Project,"Haldia Dock Complex, Syama Prasad Mookerjee Port Authority",Shipping,West Bengal,2022-11,2023-03,2025-09,2026-01,298.26,298.26,468.23,99.0,NO_LEGACY_CODE;NO_PMGID
2025-12,FlashReport_December_2025.pdf,07f56e5457c63192ae7b5b4036f975f7eb058a3364a25a87cdc6ce2369082401,67,475,701577,,,Shalukkhali Liquid Cargo Handling Facility Development Project,"Haldia Dock Complex, Syama Prasad Mookerjee Port Authority",Shipping,West Bengal,2022-01,2022-08,2025-08,,253.65,253.65,9.28,0.0,NO_LEGACY_CODE;NO_PMGID
2025-12,FlashReport_December_2025.pdf,07f56e5457c63192ae7b5b4036f975f7eb058a3364a25a87cdc6ce2369082401,68,476,707215,,,National Maritime Heritage Complex [NMHC] Phase-I,Indian Port Rail & Ropeway Corporation Ltd. [IPRCL],"Tourism, Hospitality & Wellness",Gujarat,2019-02,2022-01,2024-03,2026-03,573.0,1238.05,545.51,73.0,NO_LEGACY_CODE;NO_PMGID
2025-12,FlashReport_December_2025.pdf,07f56e5457c63192ae7b5b4036f975f7eb058a3364a25a87cdc6ce2369082401,68,477,615202,,,Capacity expansion of Deposit-14 and 14 NMZ at Kirandul,National Mineral Development Corporation Limited [NMDC],Metals & Mining,Chhattisgarh,2021-08,2022-07,2028-12,2028-03,1700.0,1756.2,155.07,10.0,NO_LEGACY_CODE;NO_PMGID
2025-12,FlashReport_December_2025.pdf,07f56e5457c63192ae7b5b4036f975f7eb058a3364a25a87cdc6ce2369082401,68,478,617243,,,Replacement of Hot Leveller No.1 of Plate Mill at Bhilai Steel Plant,Steel Authority of India Limited [SAIL],Steel,Chhattisgarh,2024-07,2024-08,2026-07,,198.62,198.62,34.96,35.0,NO_LEGACY_CODE;NO_PMGID
2025-12,FlashReport_December_2025.pdf,07f56e5457c63192ae7b5b4036f975f7eb058a3364a25a87cdc6ce2369082401,68,479,617255,,,"Replacement of Converter Vessels, Trunnion Rings, Support System & Installation of Secondary Emission at Bhilai Steel Plant",Steel Authority of India Limited [SAIL],Steel,Chhattisgarh,2023-10,2023-12,2026-06,,471.83,471.83,193.97,55.0,NO_LEGACY_CODE;NO_PMGID
2025-12,FlashReport_December_2025.pdf,07f56e5457c63192ae7b5b4036f975f7eb058a3364a25a87cdc6ce2369082401,68,480,617256,,,Rebuilding of Coke Oven Battery No.7 & 8 at Bhilai Steel Plant,Steel Authority of India Limited [SAIL],Steel,Chhattisgarh,2023-11,2024-01,2025-10,2026-03,884.1,884.1,551.1,83.0,NO_LEGACY_CODE;NO_PMGID
2025-12,FlashReport_December_2025.pdf,07f56e5457c63192ae7b5b4036f975f7eb058a3364a25a87cdc6ce2369082401,68,481,706811,,,NMDC Slurry Pipeline Project Phase-1,National Mineral Development Corporation Limited [NMDC],Steel,Chhattisgarh,2015-11,2020-09,2023-06,2026-03,2907.0,5427.0,3336.05,90.0,NO_LEGACY_CODE;NO_PMGID
2025-12,FlashReport_December_2025.pdf,07f56e5457c63192ae7b5b4036f975f7eb058a3364a25a87cdc6ce2369082401,68,482,709826,,,SCREENING PLANT-III AT KIRANDUL,National Mineral Development Corporation Limited [NMDC],Steel,Chhattisgarh,,2021-10,2026-01,,2718.84,2718.84,1409.87,79.0,NO_LEGACY_CODE;NO_PMGID;DATE_PARSE_FAIL
2025-12,FlashReport_December_2025.pdf,07f56e5457c63192ae7b5b4036f975f7eb058a3364a25a87cdc6ce2369082401,68,483,709827,,,CONSTRUCTION OF RESIDENTIAL TOWERS AT BIOM KIRANDUL COMPLEX,National Mineral Development Corporation Limited [NMDC],Steel,Chhattisgarh,,2022-10,2025-12,,349.75,349.75,304.58,96.0,NO_LEGACY_CODE;NO_PMGID;DATE_PARSE_FAIL
2025-12,FlashReport_December_2025.pdf,07f56e5457c63192ae7b5b4036f975f7eb058a3364a25a87cdc6ce2369082401,68,484,400174,,,"New Sinter Plant at BSL, SAIL",Steel Authority of India Limited [SAIL],Steel,Jharkhand,2015-03,2015-10,2017-10,2027-06,1034.01,1752.3,928.97,53.0,NO_LEGACY_CODE;NO_PMGID
2025-12,FlashReport_December_2025.pdf,07f56e5457c63192ae7b5b4036f975f7eb058a3364a25a87cdc6ce2369082401,68,485,617249,,,Replacement of existing Grinders in CRM-I & II at Bokaro Steel Plant,Steel Authority of India Limited [SAIL],Steel,Jharkhand,2025-01,2025-02,2027-01,,211.94,211.94,21.95,16.0,NO_LEGACY_CODE;NO_PMGID
2025-12,FlashReport_December_2025.pdf,07f56e5457c63192ae7b5b4036f975f7eb058a3364a25a87cdc6ce2369082401,68,486,617250,,,Secondary Emission Control in Converters of SMS-II at Bokaro Steel Plant,Steel Authority of India Limited [SAIL],Steel,Jharkhand,2025-01,2025-02,2026-10,,207.13,207.13,21.54,12.0,NO_LEGACY_CODE;NO_PMGID
2025-12,FlashReport_December_2025.pdf,07f56e5457c63192ae7b5b4036f975f7eb058a3364a25a87cdc6ce2369082401,68,487,617253,,,Revamping of old sub-systems of Blast Furnace 3 at Bokaro Steel Plant,Steel Authority of India Limited [SAIL],Steel,Jharkhand,2023-08,2023-03,2025-07,2025-11,513.82,513.82,338.22,76.0,NO_LEGACY_CODE;NO_PMGID
2025-12,FlashReport_December_2025.pdf,07f56e5457c63192ae7b5b4036f975f7eb058a3364a25a87cdc6ce2369082401,68,488,617254,,,Replacement of remaining 04 sets of Battery Cyclones with 04 Nos. of ESPs in Sinter Plant-1 at Bokaro Steel Plant,Steel Authority of India Limited [SAIL],Steel,Jharkhand,2024-03,2024-04,2026-06,,260.37,260.37,58.19,27.0,NO_LEGACY_CODE;NO_PMGID
2025-12,FlashReport_December_2025.pdf,07f56e5457c63192ae7b5b4036f975f7eb058a3364a25a87cdc6ce2369082401,68,489,617257,,,Rebuilding of Coke Oven Battery No.6 at Bokaro Steel Plant,Steel Authority of India Limited [SAIL],Steel,Jharkhand,2023-11,2023-12,2026-11,,627.31,627.31,190.32,49.0,NO_LEGACY_CODE;NO_PMGID
2025-12,FlashReport_December_2025.pdf,07f56e5457c63192ae7b5b4036f975f7eb058a3364a25a87cdc6ce2369082401,68,490,400121,,,"Construction of Screening Plant-II for Donimalai and Kumaraswamy Iron Ore Mining Complex of NMDC Limited at Ballari Dt, Karnataka.",National Mineral Development Corporation Limited [NMDC],Steel,Karnataka,2014-11,2024-06,2026-08,,1043.63,1043.63,375.39,45.0,NO_LEGACY_CODE;NO_PMGID
2025-12,FlashReport_December_2025.pdf,07f56e5457c63192ae7b5b4036f975f7eb058a3364a25a87cdc6ce2369082401,68,491,612781,,,Rebuilding of COB 4 at Durgapur Steel Plant,Steel Authority of India Limited [SAIL],Steel,West Bengal,2023-09,2023-09,2026-12,,916.78,916.78,156.82,26.0,NO_LEGACY_CODE;NO_PMGID
2025-12,FlashReport_December_2025.pdf,07f56e5457c63192ae7b5b4036f975f7eb058a3364a25a87cdc6ce2369082401,68,492,617242,,,Installation of New Bar Mill at Durgapur Steel Plant,Steel Authority of India Limited [SAIL],Steel,West Bengal,2024-07,2024-08,2027-06,,2115.44,2115.44,276.1,41.0,NO_LEGACY_CODE;NO_PMGID
2025-12,FlashReport_December_2025.pdf,07f56e5457c63192ae7b5b4036f975f7eb058a3364a25a87cdc6ce2369082401,68,493,617246,,,Up-gradation of Blast Furnace No. 3 at Durgapur Steel Plant,Steel Authority of India Limited [SAIL],Steel,West Bengal,2024-09,2024-08,2026-06,,758.09,758.09,129.95,10.0,NO_LEGACY_CODE;NO_PMGID
2025-12,FlashReport_December_2025.pdf,07f56e5457c63192ae7b5b4036f975f7eb058a3364a25a87cdc6ce2369082401,68,494,617248,,,Third Ladle Furnace in Secondary Refinery Unit at IISCO Steel Plant,Steel Authority of India Limited [SAIL],Steel,West Bengal,2024-11,2024-12,2026-07,,227.96,227.96,45.76,39.0,NO_LEGACY_CODE;NO_PMGID
2025-12,FlashReport_December_2025.pdf,07f56e5457c63192ae7b5b4036f975f7eb058a3364a25a87cdc6ce2369082401,68,495,617251,,,Revamping of Air Pollution Control Systems of SP-1 at Durgapur Steel Plant,Steel Authority of India Limited [SAIL],Steel,West Bengal,2024-07,2024-12,2026-05,,196.4,196.4,14.55,8.0,NO_LEGACY_CODE;NO_PMGID
2025-12,FlashReport_December_2025.pdf,07f56e5457c63192ae7b5b4036f975f7eb058a3364a25a87cdc6ce2369082401,68,496,617338,,,Stamp Charge Battery No.12 Battery Proper at IISCO Steel Plant,Steel Authority of India Limited [SAIL],Steel,West Bengal,2025-01,2025-02,2028-07,,2518.39,2518.39,229.27,10.0,NO_LEGACY_CODE;NO_PMGID
2025-12,FlashReport_December_2025.pdf,07f56e5457c63192ae7b5b4036f975f7eb058a3364a25a87cdc6ce2369082401,68,497,400298,,,Nadikudi - Srikalahasti New Line,South Central Railway [SCR] - II,Railways,Andhra Pradesh,2012-03,2016-12,2027-05,2028-03,2312.0,5932.0,2421.35,54.0,NO_LEGACY_CODE;NO_PMGID
2025-12,FlashReport_December_2025.pdf,07f56e5457c63192ae7b5b4036f975f7eb058a3364a25a87cdc6ce2369082401,68,498,611752,,,GOOTY-PENDEKALLU DOUBLING 29.225 Km,South Central Railway [SCR] - II,Railways,Andhra Pradesh,2023-03,2023-06,2027-03,2027-03,351.83,351.83,18.0,25.0,NO_LEGACY_CODE;NO_PMGID
2025-12,FlashReport_December_2025.pdf,07f56e5457c63192ae7b5b4036f975f7eb058a3364a25a87cdc6ce2369082401,68,499,611754,,,GUNTAKAL WEST-MALLAPPA GATE RAIL OVER RAIL - ROR TRACK,South Central Railway [SCR] - II,Railways,Andhra Pradesh,2023-07,2023-07,2026-07,,293.3,293.3,0.0,0.0,NO_LEGACY_CODE;NO_PMGID
2025-12,FlashReport_December_2025.pdf,07f56e5457c63192ae7b5b4036f975f7eb058a3364a25a87cdc6ce2369082401,68,500,611927,,,Kurnool - Setting up facilities for coach midlife rehabilitation workshop,WPO/Patna,Railways,Andhra Pradesh,2014-01,2017-10,2023-12,,560.72,560.72,276.66,65.0,NO_LEGACY_CODE;NO_PMGID
2025-12,FlashReport_December_2025.pdf,07f56e5457c63192ae7b5b4036f975f7eb058a3364a25a87cdc6ce2369082401,69,501,612827,,,Flyover between Pendurthi and Simhachalam North to avoid surface crossing at Simhachalam 7.135 km PB 73 of 2023 24 NR,East Coast Railway [ECoR] - II,Railways,Andhra Pradesh,2023-04,2024-05,2027-04,,183.65,183.65,9.51,11.0,NO_LEGACY_CODE;NO_PMGID
2025-12,FlashReport_December_2025.pdf,07f56e5457c63192ae7b5b4036f975f7eb058a3364a25a87cdc6ce2369082401,69,502,616697,,,3rd & 4th line between Vadlapudi -Gate Jn. cabin and Tie line between Gate Junction to Gangavaram port,East Coast Railway [ECoR] - II,Railways,Andhra Pradesh,2023-04,2024-03,2026-06,,154.28,154.28,27.07,38.0,NO_LEGACY_CODE;NO_PMGID
2025-12,FlashReport_December_2025.pdf,07f56e5457c63192ae7b5b4036f975f7eb058a3364a25a87cdc6ce2369082401,69,503,617210,,,Tiupati Katpadi 104.39 kms,South Central Railway [SCR] - II,Railways,Andhra Pradesh,2025-04,2025-04,2029-03,,1215.56,1215.56,0.12,0.0,NO_LEGACY_CODE;NO_PMGID
2025-12,FlashReport_December_2025.pdf,07f56e5457c63192ae7b5b4036f975f7eb058a3364a25a87cdc6ce2369082401,69,504,617216,,,3rd Line between Gudur Renigunta 83.17 Km,South Central Railway [SCR] - II,Railways,Andhra Pradesh,2024-10,2024-10,2027-03,,877.34,877.34,45.13,0.0,NO_LEGACY_CODE;NO_PMGID
2025-12,FlashReport_December_2025.pdf,07f56e5457c63192ae7b5b4036f975f7eb058a3364a25a87cdc6ce2369082401,69,505,705253,,,Kurnool Coach Midlife Rehabilitation Project,WPO/Patna,Railways,Andhra Pradesh,2016-05,2014-07,2020-12,,563.0,563.0,120.0,0.0,NO_LEGACY_CODE;NO_PMGID
2025-12,FlashReport_December_2025.pdf,07f56e5457c63192ae7b5b4036f975f7eb058a3364a25a87cdc6ce2369082401,69,506,705436,,,Kotapalli - Narasapur New Line,South Central Railway [SCR] - II,Railways,Andhra Pradesh,2009-03,2013-09,2028-03,2028-03,2501.0,2501.0,1349.09,29.0,NO_LEGACY_CODE;NO_PMGID
2025-12,FlashReport_December_2025.pdf,07f56e5457c63192ae7b5b4036f975f7eb058a3364a25a87cdc6ce2369082401,69,507,705633,,,Guntur-Guntakal Doubling Project,South Central Railway [SCR] - II,Railways,Andhra Pradesh,2017-03,2017-11,2025-12,2026-12,3733.0,4295.0,4753.38,93.0,NO_LEGACY_CODE;NO_PMGID
2025-12,FlashReport_December_2025.pdf,07f56e5457c63192ae7b5b4036f975f7eb058a3364a25a87cdc6ce2369082401,69,508,705648,,,Vijaywada-Gudur 3rd Line,RVNL - II,Railways,Andhra Pradesh,2016-08,2018-04,2024-11,2026-03,6654.0,6654.0,6087.52,94.0,NO_LEGACY_CODE;NO_PMGID
2025-12,FlashReport_December_2025.pdf,07f56e5457c63192ae7b5b4036f975f7eb058a3364a25a87cdc6ce2369082401,69,509,705789,,,Penukonda - Dharmavaram Doubling Project [41.5 Km],South Western Railway [SWR] - II,Railways,Andhra Pradesh,2018-06,2018-12,2026-03,2026-03,307.66,307.66,294.61,87.0,NO_LEGACY_CODE;NO_PMGID
2025-12,FlashReport_December_2025.pdf,07f56e5457c63192ae7b5b4036f975f7eb058a3364a25a87cdc6ce2369082401,69,510,618986,,,Furkating-New Tinsukia[194 Km],Northeast Frontier Railway [NFR],Railways,Assam,2025-09,2025-09,2029-06,,3633.58,3633.58,0.0,0.0,NO_LEGACY_CODE;NO_PMGID
2025-12,FlashReport_December_2025.pdf,07f56e5457c63192ae7b5b4036f975f7eb058a3364a25a87cdc6ce2369082401,69,511,705572,,,Doubling of New Bonggigaon to Kamakhya via Goalpara - 176 km,Northeast Frontier Railway [NFR],Railways,Assam,2016-09,2016-09,2026-03,2026-03,4060.0,4961.0,3739.15,93.0,NO_LEGACY_CODE;NO_PMGID
2025-12,FlashReport_December_2025.pdf,07f56e5457c63192ae7b5b4036f975f7eb058a3364a25a87cdc6ce2369082401,69,512,706922,,,Guwahati-Dibrugarh via Tinsukia & Simaluguri-Dibrugarh,Central Organisation for Railway Electrification [CORE],Railways,Assam,2020-09,2018-09,2020-09,2024-06,890.36,889.36,391.73,89.0,NO_LEGACY_CODE;NO_PMGID
2025-12,FlashReport_December_2025.pdf,07f56e5457c63192ae7b5b4036f975f7eb058a3364a25a87cdc6ce2369082401,69,513,706940,,,"Mariani-Jorhat, Tinsukia-Dangri and Makum -TirapTrack Electrification Project",GM/C/ NFR,Railways,Assam,2018-09,2022-01,2024-05,,183.99,183.99,0.0,0.0,NO_LEGACY_CODE;NO_PMGID
2025-12,FlashReport_December_2025.pdf,07f56e5457c63192ae7b5b4036f975f7eb058a3364a25a87cdc6ce2369082401,69,514,706942,,,Harmuty-Murkongselek Branch Line Electrification Project,GM/C/ NFR,Railways,Assam,2018-09,2022-01,2024-05,,237.52,237.52,0.0,0.0,NO_LEGACY_CODE;NO_PMGID
2025-12,FlashReport_December_2025.pdf,07f56e5457c63192ae7b5b4036f975f7eb058a3364a25a87cdc6ce2369082401,69,515,400254,,,Sakri -Hasanpur [via Harnagar - Kusheshwar Asthan] New Railway line,East Central Railway [ECR] - I,Railways,Bihar,2023-12,1997-08,2024-12,2027-03,735.2,735.2,588.68,84.0,NO_LEGACY_CODE;NO_PMGID
2025-12,FlashReport_December_2025.pdf,07f56e5457c63192ae7b5b4036f975f7eb058a3364a25a87cdc6ce2369082401,69,516,617231,,,Construction of Bulb line at Nabinagar Ankorah of East Central Railway,East Central Railway [ECR] - I,Railways,Bihar,2024-06,2024-06,2028-06,,611.74,611.74,0.0,0.0,NO_LEGACY_CODE;NO_PMGID
2025-12,FlashReport_December_2025.pdf,07f56e5457c63192ae7b5b4036f975f7eb058a3364a25a87cdc6ce2369082401,69,517,705364,,,Khagaria-Kusheshwar Asthan [42Km] new line project,East Central Railway [ECR] - I,Railways,Bihar,2019-04,1998-12,2024-12,2027-03,614.0,1384.16,490.08,55.0,NO_LEGACY_CODE;NO_PMGID
2025-12,FlashReport_December_2025.pdf,07f56e5457c63192ae7b5b4036f975f7eb058a3364a25a87cdc6ce2369082401,69,518,705366,,,Hajipur-Sagauli New line,East Central Railway [ECR] - I,Railways,Bihar,2007-10,2004-10,2020-03,2026-12,2067.0,2087.0,2015.07,74.0,NO_LEGACY_CODE;NO_PMGID
2025-12,FlashReport_December_2025.pdf,07f56e5457c63192ae7b5b4036f975f7eb058a3364a25a87cdc6ce2369082401,69,519,705368,,,Araria Supaul New BG Line,East Central Railway [ECR] - I,Railways,Bihar,2018-06,2009-03,2024-03,2027-01,1605.0,2514.0,1611.07,42.0,NO_LEGACY_CODE;NO_PMGID
2025-12,FlashReport_December_2025.pdf,07f56e5457c63192ae7b5b4036f975f7eb058a3364a25a87cdc6ce2369082401,69,520,705373,,,"Fatuha-Islampur incl. MM for extn.of NL from Neora to Daniawan , Daniawan to Biharsharif, Biharsharif to Barbigha , Barbigha to Shekhpura",East Central Railway [ECR] - I,Railways,Bihar,2002-08,2002-03,2023-03,2025-08,1473.0,2882.0,2540.71,95.0,NO_LEGACY_CODE;NO_PMGID
2025-12,FlashReport_December_2025.pdf,07f56e5457c63192ae7b5b4036f975f7eb058a3364a25a87cdc6ce2369082401,69,521,705450,,,Jogbani-Biratnagar New Rail Line project,Indian Railway Construction International Limited [IRCON],Railways,Bihar,2010-06,2011-01,2022-03,2026-12,402.0,486.0,368.42,86.0,NO_LEGACY_CODE;NO_PMGID
2025-12,FlashReport_December_2025.pdf,07f56e5457c63192ae7b5b4036f975f7eb058a3364a25a87cdc6ce2369082401,69,522,705526,,,Samastipur-Darbhanga Doubling Railway Project,East Central Railway [ECR] - I,Railways,Bihar,2015-11,2015-12,2025-03,2025-10,519.0,519.0,53629.73,92.0,NO_LEGACY_CODE;NO_PMGID
2025-12,FlashReport_December_2025.pdf,07f56e5457c63192ae7b5b4036f975f7eb058a3364a25a87cdc6ce2369082401,69,523,705527,,,Sagauli-Valmiknagar,East Central Railway [ECR] - I,Railways,Bihar,2018-03,2017-03,2025-12,2025-12,1216.0,2222.0,2083.03,92.0,NO_LEGACY_CODE;NO_PMGID
2025-12,FlashReport_December_2025.pdf,07f56e5457c63192ae7b5b4036f975f7eb058a3364a25a87cdc6ce2369082401,69,524,705528,,,Muzaffarpur-Sugauli,East Central Railway [ECR] - I,Railways,Bihar,2018-03,2017-03,2024-06,2026-02,1586.0,1586.0,1476.13,99.0,NO_LEGACY_CODE;NO_PMGID
2025-12,FlashReport_December_2025.pdf,07f56e5457c63192ae7b5b4036f975f7eb058a3364a25a87cdc6ce2369082401,69,525,706759,,,Rampur Dumra-Tal-Rajendrapul Additional Bridge and Railway Line Doubling,Indian Railway Construction International Limited [IRCON],Railways,Bihar,2016-03,2017-05,2024-12,2025-12,2373.64,1700.24,1450.99,98.0,NO_LEGACY_CODE;NO_PMGID
2025-12,FlashReport_December_2025.pdf,07f56e5457c63192ae7b5b4036f975f7eb058a3364a25a87cdc6ce2369082401,69,526,706860,,,Barauni-Bachwara [16 km] - 3rd & 4th line incl. Barauni yard remodelling [32 km],East Central Railway [ECR] - I,Railways,Bihar,2022-10,2025-08,2025-08,2026-10,645.0,645.0,34.45,55.0,NO_LEGACY_CODE;NO_PMGID
2025-12,FlashReport_December_2025.pdf,07f56e5457c63192ae7b5b4036f975f7eb058a3364a25a87cdc6ce2369082401,69,527,900874,,,JHAJHA - BATIA,East Central Railway [ECR] - I,Railways,Bihar,2023-03,2023-03,2028-03,2030-01,588.18,588.18,1.19,0.0,NO_LEGACY_CODE;NO_PMGID
2025-12,FlashReport_December_2025.pdf,07f56e5457c63192ae7b5b4036f975f7eb058a3364a25a87cdc6ce2369082401,69,528,400220,,,Kharsia-Dharamjaygarh with Spur line [East Corridor-Phase 1],Indian Railway Construction International Limited [IRCON],Railways,Chhattisgarh,2016-03,2014-01,2018-09,2026-03,3055.0,3407.09,2609.75,94.0,NO_LEGACY_CODE;NO_PMGID
2025-12,FlashReport_December_2025.pdf,07f56e5457c63192ae7b5b4036f975f7eb058a3364a25a87cdc6ce2369082401,69,529,400291,,,Doubling of Kirandul-Jagdalpur Line [150 km],East Coast Railway [ECoR] - II,Railways,Chhattisgarh,2013-02,2013-03,2020-03,2025-12,1589.0,1798.0,1592.19,95.0,NO_LEGACY_CODE;NO_PMGID
2025-12,FlashReport_December_2025.pdf,07f56e5457c63192ae7b5b4036f975f7eb058a3364a25a87cdc6ce2369082401,69,530,602792,,,Gauge Conversion of Kendri-Dhamtari including Abhanpur - Rajim Branch line 67.20 Kms - 2nd Material Modification to Raipur Titlagarh doubling.,SECR,Railways,Chhattisgarh,2011-07,2021-05,2025-02,2026-03,1171.0,1171.0,379.64,100.0,NO_LEGACY_CODE;NO_PMGID
2025-12,FlashReport_December_2025.pdf,07f56e5457c63192ae7b5b4036f975f7eb058a3364a25a87cdc6ce2369082401,70,531,612815,,,4th line between Nipania Bhatapara 14.4 Km,South East Central Railway [SECR] - II,Railways,Chhattisgarh,2022-12,2024-05,2027-03,,170.49,170.49,2.11,6.0,NO_LEGACY_CODE;NO_PMGID
2025-12,FlashReport_December_2025.pdf,07f56e5457c63192ae7b5b4036f975f7eb058a3364a25a87cdc6ce2369082401,70,532,613003,,,Dharamjaigarh-Korba 63 km,CERL,Railways,Chhattisgarh,2023-08,2022-07,2026-08,,1686.26,1686.26,288.83,18.5,NO_LEGACY_CODE;NO_PMGID
2025-12,FlashReport_December_2025.pdf,07f56e5457c63192ae7b5b4036f975f7eb058a3364a25a87cdc6ce2369082401,70,533,617200,,,KHARSIA- NAYA RAIPUR-PARMALKASA 5th and 6th Line [278KM],CAO/C/SECR,Railways,Chhattisgarh,2025-04,2025-04,2031-03,,7853.84,7853.84,0.0,0.0,NO_LEGACY_CODE;NO_PMGID
2025-12,FlashReport_December_2025.pdf,07f56e5457c63192ae7b5b4036f975f7eb058a3364a25a87cdc6ce2369082401,70,534,617374,,,"Dallirajhara - Rowghat New Rail Line Project, Phase-I",Rail Vikas Nigam Limited,Railways,Chhattisgarh,,2009-11,2025-03,2026-02,1516.45,1881.26,2063.12,95.0,NO_LEGACY_CODE;NO_PMGID;DATE_PARSE_FAIL
2025-12,FlashReport_December_2025.pdf,07f56e5457c63192ae7b5b4036f975f7eb058a3364a25a87cdc6ce2369082401,70,535,705433,,,Dallirajhra- Rowghat New Railway Line - Phase I [95 km],Rail Vikas Nigam Limited,Railways,Chhattisgarh,2009-07,2009-12,2025-09,2025-12,1628.0,1628.0,1440.85,82.0,NO_LEGACY_CODE;NO_PMGID
2025-12,FlashReport_December_2025.pdf,07f56e5457c63192ae7b5b4036f975f7eb058a3364a25a87cdc6ce2369082401,70,536,705444,,,Gevra Road-Pendra Road New Railway Line [135 km],Indian Railway Construction International Limited [IRCON],Railways,Chhattisgarh,2014-04,2014-04,2022-03,2025-12,4970.0,7448.52,4797.72,76.0,NO_LEGACY_CODE;NO_PMGID
2025-12,FlashReport_December_2025.pdf,07f56e5457c63192ae7b5b4036f975f7eb058a3364a25a87cdc6ce2369082401,70,537,706854,,,Boridand - Ambikapur Doubling Line Project,South East Central Railway [SECR] - II,Railways,Chhattisgarh,2022-06,2022-04,2030-06,2030-06,1376.0,1576.72,155.09,22.0,NO_LEGACY_CODE;NO_PMGID
2025-12,FlashReport_December_2025.pdf,07f56e5457c63192ae7b5b4036f975f7eb058a3364a25a87cdc6ce2369082401,70,538,709815,,,4TH LINE - BHATAPARA-HATHBAND [8.8 KM] [PB-72/NR/2022-23],SECR,Railways,Chhattisgarh,2022-09,2024-05,2027-01,2027-12,177.03,177.03,0.0,4.0,NO_LEGACY_CODE;NO_PMGID
2025-12,FlashReport_December_2025.pdf,07f56e5457c63192ae7b5b4036f975f7eb058a3364a25a87cdc6ce2369082401,70,539,709816,,,4TH LINE - BHILAI-BHILAI NAGAR [8.8 KM] [PB-72/NR/2022-23],SECR,Railways,Chhattisgarh,2022-09,2024-05,2027-02,2027-02,177.34,177.34,1.66,6.0,NO_LEGACY_CODE;NO_PMGID
2025-12,FlashReport_December_2025.pdf,07f56e5457c63192ae7b5b4036f975f7eb058a3364a25a87cdc6ce2369082401,70,540,709817,,,4TH LINE - DADHAPARA-BELHA [9.2 KM] [PB-72/NR/2022-23],SECR,Railways,Chhattisgarh,2022-09,2024-05,2026-11,2026-11,169.06,169.06,20.17,62.0,NO_LEGACY_CODE;NO_PMGID
2025-12,FlashReport_December_2025.pdf,07f56e5457c63192ae7b5b4036f975f7eb058a3364a25a87cdc6ce2369082401,70,541,709818,,,4TH LINE RAJNANDGAON-DONGARHGARH [31.2 KM] [PB-72/NR/2022-23],SECR,Railways,Chhattisgarh,2022-09,2024-05,2027-01,2027-01,328.34,328.34,61.96,28.0,NO_LEGACY_CODE;NO_PMGID
2025-12,FlashReport_December_2025.pdf,07f56e5457c63192ae7b5b4036f975f7eb058a3364a25a87cdc6ce2369082401,70,542,709819,,,3RD AND 4TH LINE - SARAGBUNDIA AND MADWARANI,SECR,Railways,Chhattisgarh,2022-09,2025-05,2026-12,2026-12,167.64,167.64,0.11,5.0,NO_LEGACY_CODE;NO_PMGID
2025-12,FlashReport_December_2025.pdf,07f56e5457c63192ae7b5b4036f975f7eb058a3364a25a87cdc6ce2369082401,70,543,613785,,,Redevelopment of New Delhi Railway Station and construction of associated infrastructure,Rail Land Development Authority,Railways,Delhi,2023-01,2024-06,2028-12,,4744.0,4744.0,151.37,2.0,NO_LEGACY_CODE;NO_PMGID
2025-12,FlashReport_December_2025.pdf,07f56e5457c63192ae7b5b4036f975f7eb058a3364a25a87cdc6ce2369082401,70,544,617379,,,Development of New Bijwasan Railway Terminal,Northern Railways,Railways,Delhi,2008-02,2013-03,2020-03,2026-12,446.21,446.21,521.74,80.0,NO_LEGACY_CODE;NO_PMGID
2025-12,FlashReport_December_2025.pdf,07f56e5457c63192ae7b5b4036f975f7eb058a3364a25a87cdc6ce2369082401,70,545,705583,,,Anand Vihar-Tilak Bridge 3rd & 4th line,CAO/C/NR,Railways,Delhi,2013-03,2013-03,2023-03,2027-12,667.0,667.0,289.26,63.0,NO_LEGACY_CODE;NO_PMGID
2025-12,FlashReport_December_2025.pdf,07f56e5457c63192ae7b5b4036f975f7eb058a3364a25a87cdc6ce2369082401,70,546,611918,,,Kosamba Umarpada 70 Km,PCE/WR,Railways,Gujarat,2023-07,2022-07,2027-03,,468.0,468.0,20.28,8.0,NO_LEGACY_CODE;NO_PMGID
2025-12,FlashReport_December_2025.pdf,07f56e5457c63192ae7b5b4036f975f7eb058a3364a25a87cdc6ce2369082401,70,547,611943,,,New Broad Gauge line between Naliya to Jakhau Port,WR,Railways,Gujarat,2023-02,2023-02,2028-01,2028-01,410.26,410.26,9.27,5.0,NO_LEGACY_CODE;NO_PMGID
2025-12,FlashReport_December_2025.pdf,07f56e5457c63192ae7b5b4036f975f7eb058a3364a25a87cdc6ce2369082401,70,548,611944,,,Quadrupling between Gandhidham Adipur with Y connection at Adipur for providing direct entry towards Mundra Port and Bhuj and high level platform at Gopalpur 11Kms,WR,Railways,Gujarat,2023-02,2023-02,2026-03,2026-01,152.44,152.44,104.58,85.0,NO_LEGACY_CODE;NO_PMGID
2025-12,FlashReport_December_2025.pdf,07f56e5457c63192ae7b5b4036f975f7eb058a3364a25a87cdc6ce2369082401,70,549,611945,,,Petlad Bhadran 23 Kms,Western Railway,Railways,Gujarat,2022-05,2022-05,2030-05,2030-05,307.11,307.11,13.59,17.0,NO_LEGACY_CODE;NO_PMGID
2025-12,FlashReport_December_2025.pdf,07f56e5457c63192ae7b5b4036f975f7eb058a3364a25a87cdc6ce2369082401,70,550,611970,,,Samlaya Timba Road 54 km,PCE/WR,Railways,Gujarat,2023-02,2023-02,2030-03,2030-03,670.17,670.17,45.21,12.0,NO_LEGACY_CODE;NO_PMGID
2025-12,FlashReport_December_2025.pdf,07f56e5457c63192ae7b5b4036f975f7eb058a3364a25a87cdc6ce2369082401,70,551,611971,,,Samni Jambusar 24 km,PCE/WR,Railways,Gujarat,2022-05,2022-05,2030-03,2030-03,350.0,349.93,67.73,31.0,NO_LEGACY_CODE;NO_PMGID
2025-12,FlashReport_December_2025.pdf,07f56e5457c63192ae7b5b4036f975f7eb058a3364a25a87cdc6ce2369082401,70,552,611974,,,Western Railway Samakhiali Gandhidham Quadrupiling 53 Kms,WR,Railways,Gujarat,2023-08,2023-08,2026-12,2027-06,1430.0,1430.0,271.82,25.0,NO_LEGACY_CODE;NO_PMGID
2025-12,FlashReport_December_2025.pdf,07f56e5457c63192ae7b5b4036f975f7eb058a3364a25a87cdc6ce2369082401,70,553,611977,,,Dahod Creation of Infrastructure facilities for 9000 HP Electric locomotives Manufacturing at,PCE/WR,Railways,Gujarat,2022-05,2023-02,2025-02,,487.0,487.0,222.88,53.0,NO_LEGACY_CODE;NO_PMGID
2025-12,FlashReport_December_2025.pdf,07f56e5457c63192ae7b5b4036f975f7eb058a3364a25a87cdc6ce2369082401,70,554,611978,,,Dahod Rolling Stock Workshop Provision of Infrastructure for CBS at,PCE/WR,Railways,Gujarat,2022-11,2023-03,2025-03,,158.0,158.0,51.87,10.0,NO_LEGACY_CODE;NO_PMGID
2025-12,FlashReport_December_2025.pdf,07f56e5457c63192ae7b5b4036f975f7eb058a3364a25a87cdc6ce2369082401,70,555,611979,,,Sabarmati Setting up of Maintenance Facilities for Train Sets Phase ii,WR,Railways,Gujarat,2023-01,2023-04,2025-06,2026-03,250.0,250.0,110.15,70.0,NO_LEGACY_CODE;NO_PMGID
2025-12,FlashReport_December_2025.pdf,07f56e5457c63192ae7b5b4036f975f7eb058a3364a25a87cdc6ce2369082401,70,556,612072,,,4th LINE BETWEEN BAREJADI NANDEJ-SANAND-AHMEDABAD BYPASS,Western Railway WR - II,Railways,Gujarat,2023-02,2023-02,2027-03,2028-07,961.67,961.67,359.61,18.0,NO_LEGACY_CODE;NO_PMGID
2025-12,FlashReport_December_2025.pdf,07f56e5457c63192ae7b5b4036f975f7eb058a3364a25a87cdc6ce2369082401,70,557,613786,,,"Redevelopment of Ahmedabad railway station and associated infrastructure on engineering, procurement and construction mode",Rail Land Development Authority,Railways,Gujarat,2023-01,2023-11,2028-03,,2379.0,2379.0,790.14,23.0,NO_LEGACY_CODE;NO_PMGID
2025-12,FlashReport_December_2025.pdf,07f56e5457c63192ae7b5b4036f975f7eb058a3364a25a87cdc6ce2369082401,70,558,618972,,,Devbhumi Dwarka [Okha] - Kanalus Doubling,WR,Railways,Gujarat,2025-12,2025-12,2028-12,,1456.77,1456.77,0.0,0.0,NO_LEGACY_CODE;NO_PMGID
2025-12,FlashReport_December_2025.pdf,07f56e5457c63192ae7b5b4036f975f7eb058a3364a25a87cdc6ce2369082401,70,559,705458,,,Miyagam-Karjan-Dabhoi-Samlaya [GC],Western Railway [WR] - II,Railways,Gujarat,2017-01,2017-01,2021-03,2026-12,483.88,1039.13,621.62,41.0,NO_LEGACY_CODE;NO_PMGID
2025-12,FlashReport_December_2025.pdf,07f56e5457c63192ae7b5b4036f975f7eb058a3364a25a87cdc6ce2369082401,70,560,706757,,,Modasa-Shamlaji Road Railway Line Project,Western Railway WR - II,Railways,Gujarat,2012-09,2008-04,2025-03,2026-03,262.0,262.0,341.47,63.0,NO_LEGACY_CODE;NO_PMGID
2025-12,FlashReport_December_2025.pdf,07f56e5457c63192ae7b5b4036f975f7eb058a3364a25a87cdc6ce2369082401,71,561,706763,,,Rajkot - Kanalus Doubling Project [111.2 Kms],Western Railway WR - II,Railways,Gujarat,2021-10,2021-12,2026-10,2026-10,1080.58,1080.58,829.85,78.0,NO_LEGACY_CODE;NO_PMGID
2025-12,FlashReport_December_2025.pdf,07f56e5457c63192ae7b5b4036f975f7eb058a3364a25a87cdc6ce2369082401,71,562,709812,,,NADIAD-PETLAD [37.26 KM],Railway,Railways,Gujarat,2022-05,2023-10,2030-06,2030-06,461.91,461.91,178.31,8.0,NO_LEGACY_CODE;NO_PMGID
2025-12,FlashReport_December_2025.pdf,07f56e5457c63192ae7b5b4036f975f7eb058a3364a25a87cdc6ce2369082401,71,563,709813,,,NEW BG LINE INTERSECTION [5 NOS] BETWEEN GERATPUR-SANAND & BOTAD-AHMEDABAD [16.51 KM],WR,Railways,Gujarat,2022-10,2025-07,2028-06,2027-10,437.21,437.21,95.09,19.0,NO_LEGACY_CODE;NO_PMGID
2025-12,FlashReport_December_2025.pdf,07f56e5457c63192ae7b5b4036f975f7eb058a3364a25a87cdc6ce2369082401,71,564,611884,,,Bhiwani - Dobh Bahali Doubling Project [42.30 Km],North Western Railway [NWR],Railways,Haryana,2023-02,2023-02,2028-02,2028-02,471.0,471.0,227.35,66.0,NO_LEGACY_CODE;NO_PMGID
2025-12,FlashReport_December_2025.pdf,07f56e5457c63192ae7b5b4036f975f7eb058a3364a25a87cdc6ce2369082401,71,565,617372,,,Doubling between Pradhankunta-Patherih-Bhojudih of East Central Railway,East Central Railway [ECR] - I,Railways,Jharkhand,2022-11,2022-11,2025-12,,349.22,349.22,115.09,70.0,NO_LEGACY_CODE;NO_PMGID
2025-12,FlashReport_December_2025.pdf,07f56e5457c63192ae7b5b4036f975f7eb058a3364a25a87cdc6ce2369082401,71,566,617832,,,Koderma-Arigada Doubling 133.38 Km of East Central Railway,East Central Railway [ECR] - I,Railways,Jharkhand,2025-06,2025-06,2029-12,,2887.11,2887.11,0.0,0.0,NO_LEGACY_CODE;NO_PMGID
2025-12,FlashReport_December_2025.pdf,07f56e5457c63192ae7b5b4036f975f7eb058a3364a25a87cdc6ce2369082401,71,567,705765,,,Gomoh - Flyover for DN trains,East Central Railway [ECR] - I,Railways,Jharkhand,2018-01,2018-01,2026-03,2026-03,686.0,686.0,600.25,65.0,NO_LEGACY_CODE;NO_PMGID
2025-12,FlashReport_December_2025.pdf,07f56e5457c63192ae7b5b4036f975f7eb058a3364a25a87cdc6ce2369082401,71,568,705785,,,Lodhma - Piska - Link Line bypassing Hatia/Ranchi with Y connection,South Eastern Railway [SER] - I,Railways,Jharkhand,2021-08,2019-03,2026-06,2027-05,473.0,473.0,288.75,5.0,NO_LEGACY_CODE;NO_PMGID
2025-12,FlashReport_December_2025.pdf,07f56e5457c63192ae7b5b4036f975f7eb058a3364a25a87cdc6ce2369082401,71,569,706837,,,Pradhan Kuntha Jn Line Doubling Project,East Central Railway [ECR] - I,Railways,Jharkhand,2022-11,2022-11,2027-11,2027-11,349.22,349.22,115.09,62.0,NO_LEGACY_CODE;NO_PMGID
2025-12,FlashReport_December_2025.pdf,07f56e5457c63192ae7b5b4036f975f7eb058a3364a25a87cdc6ce2369082401,71,570,400023,,,Construction of New BG line between Hassan to Belur [27 Km],South Western Railway [SWR] - II,Railways,Karnataka,2019-03,2025-12,2028-04,2027-04,749.0,749.0,0.0,0.0,NO_LEGACY_CODE;NO_PMGID
2025-12,FlashReport_December_2025.pdf,07f56e5457c63192ae7b5b4036f975f7eb058a3364a25a87cdc6ce2369082401,71,571,703585,,,Yeshvanthpur - Channasandra Doubling Project [21.70 Km],Karnataka Rail Infrastructure Development Company Limited [K-RIDE],Railways,Karnataka,2019-04,2019-10,2024-03,2026-03,314.1,683.57,158.53,55.0,NO_LEGACY_CODE;NO_PMGID
2025-12,FlashReport_December_2025.pdf,07f56e5457c63192ae7b5b4036f975f7eb058a3364a25a87cdc6ce2369082401,71,572,705434,,,New Railway Line between Ginigera and Raichur [165.57 km],South Western Railway [SWR] - II,Railways,Karnataka,2008-03,2009-05,2019-03,2027-03,2565.0,3034.98,2124.53,66.0,NO_LEGACY_CODE;NO_PMGID
2025-12,FlashReport_December_2025.pdf,07f56e5457c63192ae7b5b4036f975f7eb058a3364a25a87cdc6ce2369082401,71,573,705490,,,Gadag-Wadi New Railway Line [257 km],South Western Railway [SWR] - II,Railways,Karnataka,2013-04,2017-08,2027-03,2027-12,2842.0,6700.0,1439.46,30.0,NO_LEGACY_CODE;NO_PMGID
2025-12,FlashReport_December_2025.pdf,07f56e5457c63192ae7b5b4036f975f7eb058a3364a25a87cdc6ce2369082401,71,574,705492,,,Kadur - Chickamagalur - Sakleshpur [93km],South Western Railway [SWR] - II,Railways,Karnataka,2014-01,2016-11,2025-06,2025-12,825.0,825.0,725.47,83.0,NO_LEGACY_CODE;NO_PMGID
2025-12,FlashReport_December_2025.pdf,07f56e5457c63192ae7b5b4036f975f7eb058a3364a25a87cdc6ce2369082401,71,575,705495,,,Bagalkot-Kudachi New Railway Line [142 km],South Western Railway [SWR] - II,Railways,Karnataka,2013-10,2012-11,2027-03,2027-01,1378.0,1649.0,735.2,35.0,NO_LEGACY_CODE;NO_PMGID
2025-12,FlashReport_December_2025.pdf,07f56e5457c63192ae7b5b4036f975f7eb058a3364a25a87cdc6ce2369082401,71,576,705496,,,Tumkur-Chitradurga-Davangere New Rail Line Project [191 km],South Western Railway [SWR] - II,Railways,Karnataka,2013-10,2017-01,2019-03,2027-12,1876.0,1876.0,498.97,14.0,NO_LEGACY_CODE;NO_PMGID
2025-12,FlashReport_December_2025.pdf,07f56e5457c63192ae7b5b4036f975f7eb058a3364a25a87cdc6ce2369082401,71,577,705663,,,Bangalore-Whitefield-Bangalore City-Krishnarajapuram [23.08 km] - Quadrupling,South Western Railway [SWR] - II,Railways,Karnataka,2018-02,2022-06,2026-02,2026-02,493.0,493.0,279.82,84.0,NO_LEGACY_CODE;NO_PMGID
2025-12,FlashReport_December_2025.pdf,07f56e5457c63192ae7b5b4036f975f7eb058a3364a25a87cdc6ce2369082401,71,578,705761,,,SHIMOGA - SHIKARIPURA - RANEBENNUR [96 Km],South Western Railway [SWR] - II,Railways,Karnataka,2019-09,2023-02,2027-12,2028-06,1454.0,1454.0,73.08,11.0,NO_LEGACY_CODE;NO_PMGID
2025-12,FlashReport_December_2025.pdf,07f56e5457c63192ae7b5b4036f975f7eb058a3364a25a87cdc6ce2369082401,71,579,705941,,,Bangalore Suburban Railway Project,Karnataka Rail Infrastructure Development Company Limited [K-RIDE],Railways,Karnataka,2020-10,2020-10,2026-12,2030-03,15767.0,15767.0,2320.86,19.0,NO_LEGACY_CODE;NO_PMGID
2025-12,FlashReport_December_2025.pdf,07f56e5457c63192ae7b5b4036f975f7eb058a3364a25a87cdc6ce2369082401,71,580,706835,,,Belgaum-Dharwad via Kittur [73.10Km],South Western Railway [SWR] - II,Railways,Karnataka,2020-09,2025-03,2027-12,2029-03,1591.0,1591.0,0.38,0.0,NO_LEGACY_CODE;NO_PMGID
2025-12,FlashReport_December_2025.pdf,07f56e5457c63192ae7b5b4036f975f7eb058a3364a25a87cdc6ce2369082401,71,581,705638,,,Kumbalam-Turavur doubling project [15.59 Km],Ministry of Railways,Railways,Kerala,2023-04,2023-04,2027-03,2027-03,813.0,802.8,81.31,20.0,NO_LEGACY_CODE;NO_PMGID
2025-12,FlashReport_December_2025.pdf,07f56e5457c63192ae7b5b4036f975f7eb058a3364a25a87cdc6ce2369082401,71,582,705639,,,Ernakulam-Kumbalam doubling project [7.71 Km],SR-ERS,Railways,Kerala,2023-04,2023-04,2028-03,2027-02,601.0,595.39,294.57,21.0,NO_LEGACY_CODE;NO_PMGID
2025-12,FlashReport_December_2025.pdf,07f56e5457c63192ae7b5b4036f975f7eb058a3364a25a87cdc6ce2369082401,71,583,705480,,,"Lalitpur-Satna, Rewa-Singrauli & Mahoba-Khajuraho",North Central Railway,Railways,Madhya Pradesh,2007-01,1998-03,2027-03,2027-12,8914.0,8914.0,6546.4,73.0,NO_LEGACY_CODE;NO_PMGID
2025-12,FlashReport_December_2025.pdf,07f56e5457c63192ae7b5b4036f975f7eb058a3364a25a87cdc6ce2369082401,71,584,705651,,,Katni - Bina Third Railway Line [279 km],West Central Railway WCR I,Railways,Madhya Pradesh,2016-06,2017-01,2022-03,2025-12,2478.23,4127.23,3344.51,98.0,NO_LEGACY_CODE;NO_PMGID
2025-12,FlashReport_December_2025.pdf,07f56e5457c63192ae7b5b4036f975f7eb058a3364a25a87cdc6ce2369082401,71,585,705659,,,Satna-Rewa Railway Line Doubling Project,West Central Railway [WCR] - II,Railways,Madhya Pradesh,2015-11,2017-08,2026-03,2026-03,500.0,584.0,545.71,85.0,NO_LEGACY_CODE;NO_PMGID
2025-12,FlashReport_December_2025.pdf,07f56e5457c63192ae7b5b4036f975f7eb058a3364a25a87cdc6ce2369082401,71,586,705660,,,Doubling of Katni - Singrauli Railway Line [261 km],Indian Railway Construction International Limited [IRCON],Railways,Madhya Pradesh,2016-03,2017-03,2025-12,2025-12,2445.0,4377.0,3253.53,100.0,NO_LEGACY_CODE;NO_PMGID
2025-12,FlashReport_December_2025.pdf,07f56e5457c63192ae7b5b4036f975f7eb058a3364a25a87cdc6ce2369082401,71,587,705661,,,Katni Grade Separator/Bye Pass,Indian Railway Construction International Limited [IRCON],Railways,Madhya Pradesh,2016-03,2017-09,2024-09,2026-03,1248.0,1248.0,1718.76,95.0,NO_LEGACY_CODE;NO_PMGID
2025-12,FlashReport_December_2025.pdf,07f56e5457c63192ae7b5b4036f975f7eb058a3364a25a87cdc6ce2369082401,71,588,705763,,,Indore - Budni New Railway Line [198 kms],RVNL - II,Railways,Madhya Pradesh,2019-08,2020-10,2030-09,2030-09,7474.0,7474.0,1939.51,27.0,NO_LEGACY_CODE;NO_PMGID
2025-12,FlashReport_December_2025.pdf,07f56e5457c63192ae7b5b4036f975f7eb058a3364a25a87cdc6ce2369082401,71,589,705933,,,Nimach-Ratlam Doubling [133 Km],Western Railway [WR] - II,Railways,Madhya Pradesh,2021-10,2021-10,2027-10,2027-10,1095.88,1095.88,1067.49,89.0,NO_LEGACY_CODE;NO_PMGID
2025-12,FlashReport_December_2025.pdf,07f56e5457c63192ae7b5b4036f975f7eb058a3364a25a87cdc6ce2369082401,71,590,400019,,,DHULE [BORVIHIR] - NARDANA NEW LINE [50.60 KMS],Central Railway,Railways,Maharashtra,2019-01,2023-04,2026-12,2027-09,492.76,1170.83,415.47,25.0,NO_LEGACY_CODE;NO_PMGID
2025-12,FlashReport_December_2025.pdf,07f56e5457c63192ae7b5b4036f975f7eb058a3364a25a87cdc6ce2369082401,71,591,400271,,,Wardha-Nanded Via Yavatmal New BG Line,Central Railway [CR] - II,Railways,Maharashtra,2017-12,2008-04,2025-03,2026-12,3445.0,3445.0,3002.93,50.0,NO_LEGACY_CODE;NO_PMGID
2025-12,FlashReport_December_2025.pdf,07f56e5457c63192ae7b5b4036f975f7eb058a3364a25a87cdc6ce2369082401,72,592,611751,,,AURANGABAD-ANKAI - DOUBLING PROJECT 98.25 Km,South Central Railway [SCR] - II,Railways,Maharashtra,2023-05,2023-05,2027-03,,960.64,960.64,732.32,1.0,NO_LEGACY_CODE;NO_PMGID
2025-12,FlashReport_December_2025.pdf,07f56e5457c63192ae7b5b4036f975f7eb058a3364a25a87cdc6ce2369082401,72,593,613015,,,Redevelopment of Chhatrapati Shivaji Maharaj Terminus [CSMT] and construction of associated infrastructure,Rail Land Development Authority,Railways,Maharashtra,2023-04,2023-07,2027-03,,1813.0,1813.0,635.74,17.0,NO_LEGACY_CODE;NO_PMGID
2025-12,FlashReport_December_2025.pdf,07f56e5457c63192ae7b5b4036f975f7eb058a3364a25a87cdc6ce2369082401,72,594,617201,,,Gondia-Balharshah [Chanda Fort] Doubling [240 Km],South East Central Railway,Railways,Maharashtra,2025-04,2025-04,2031-03,,4373.04,4373.04,0.29,0.0,NO_LEGACY_CODE;NO_PMGID
2025-12,FlashReport_December_2025.pdf,07f56e5457c63192ae7b5b4036f975f7eb058a3364a25a87cdc6ce2369082401,72,595,617215,,,Doubling between Parbhani Parli Vaijanath stations 64.71 Km,South Central Railway [SCR] - II,Railways,Maharashtra,2023-12,2023-12,2028-03,,769.93,769.93,43.91,0.0,NO_LEGACY_CODE;NO_PMGID
2025-12,FlashReport_December_2025.pdf,07f56e5457c63192ae7b5b4036f975f7eb058a3364a25a87cdc6ce2369082401,72,596,617361,,,Babupeth - Sasti New Rail Line [13.114 KMs],CentralRailway,Railways,Maharashtra,2024-10,2024-10,2028-03,,362.81,362.81,0.47,0.0,NO_LEGACY_CODE;NO_PMGID
2025-12,FlashReport_December_2025.pdf,07f56e5457c63192ae7b5b4036f975f7eb058a3364a25a87cdc6ce2369082401,72,597,617364,,,Double Chord line Between Nilaje-Kopar,CentralRailway,Railways,Maharashtra,2025-01,2025-01,2028-07,,338.33,205.0,7.8,0.0,NO_LEGACY_CODE;NO_PMGID
2025-12,FlashReport_December_2025.pdf,07f56e5457c63192ae7b5b4036f975f7eb058a3364a25a87cdc6ce2369082401,72,598,705356,,,Ahmednagar - Beed - Parli - Vaijnath New Broad Gauge Line Railway Project [261.3 km],Central Railway [CR] - II,Railways,Maharashtra,1999-01,2002-10,2026-03,2026-03,2538.67,4957.27,5183.23,98.0,NO_LEGACY_CODE;NO_PMGID
2025-12,FlashReport_December_2025.pdf,07f56e5457c63192ae7b5b4036f975f7eb058a3364a25a87cdc6ce2369082401,72,599,705357,,,Baramati Lonand New Line Project,Central Railway,Railways,Maharashtra,2016-03,1999-03,2027-03,2027-03,138.48,1843.9,877.37,51.0,NO_LEGACY_CODE;NO_PMGID
2025-12,FlashReport_December_2025.pdf,07f56e5457c63192ae7b5b4036f975f7eb058a3364a25a87cdc6ce2369082401,72,600,705479,,,Wadsa-Gadchiroli,South East Central Railway,Railways,Maharashtra,2017-05,2012-03,2027-03,2027-03,1886.0,1886.0,730.33,53.0,NO_LEGACY_CODE;NO_PMGID
2025-12,FlashReport_December_2025.pdf,07f56e5457c63192ae7b5b4036f975f7eb058a3364a25a87cdc6ce2369082401,72,601,705498,,,3rd Line Kalyan - Kasara [67.35 Kilometres],Central Railway,Railways,Maharashtra,2015-09,2015-09,2026-12,2026-12,792.89,1395.79,996.09,68.0,NO_LEGACY_CODE;NO_PMGID
2025-12,FlashReport_December_2025.pdf,07f56e5457c63192ae7b5b4036f975f7eb058a3364a25a87cdc6ce2369082401,72,602,705500,,,3rd Line Wardha - Sewagram - Nagpur,Central Railway [CR] - II,Railways,Maharashtra,2015-09,2016-05,2025-12,2026-10,540.02,916.53,798.01,84.0,NO_LEGACY_CODE;NO_PMGID
2025-12,FlashReport_December_2025.pdf,07f56e5457c63192ae7b5b4036f975f7eb058a3364a25a87cdc6ce2369082401,72,603,705502,,,3rd Line Wardha - Ballarshah [132 Kilometres],Central Railway [CR] - II,Railways,Maharashtra,2016-03,2016-12,2025-12,2026-02,1384.72,2033.59,1727.83,86.0,NO_LEGACY_CODE;NO_PMGID
2025-12,FlashReport_December_2025.pdf,07f56e5457c63192ae7b5b4036f975f7eb058a3364a25a87cdc6ce2369082401,72,604,705503,,,Pune - Miraj-Londa [467 Kilometres],Central Railway,Railways,Maharashtra,2016-06,2016-06,2025-02,2025-08,4027.53,4872.52,5113.51,100.0,NO_LEGACY_CODE;NO_PMGID
2025-12,FlashReport_December_2025.pdf,07f56e5457c63192ae7b5b4036f975f7eb058a3364a25a87cdc6ce2369082401,72,605,705504,,,Doubling of Daund Manmad Line [247.6 km],Central Railway,Railways,Maharashtra,2017-10,2017-03,2025-12,2026-03,2081.27,3267.06,2956.98,92.0,NO_LEGACY_CODE;NO_PMGID
2025-12,FlashReport_December_2025.pdf,07f56e5457c63192ae7b5b4036f975f7eb058a3364a25a87cdc6ce2369082401,72,606,705505,,,4th Line Wardha - Nagpur [78.7 Kilometres],Central Railway [CR] - II,Railways,Maharashtra,2017-04,2018-05,2025-12,2026-10,637.95,1214.69,1035.92,88.0,NO_LEGACY_CODE;NO_PMGID
2025-12,FlashReport_December_2025.pdf,07f56e5457c63192ae7b5b4036f975f7eb058a3364a25a87cdc6ce2369082401,72,607,705506,,,3rd Line Manmad - Jalgaon [160 Kilometres],Central Railway [CR] - II,Railways,Maharashtra,2017-05,2018-04,2024-12,2025-08,1035.16,1558.75,1726.94,95.0,NO_LEGACY_CODE;NO_PMGID
2025-12,FlashReport_December_2025.pdf,07f56e5457c63192ae7b5b4036f975f7eb058a3364a25a87cdc6ce2369082401,72,608,705735,,,Solapur-tuljapur-Osmanabad,Central Railway,Railways,Maharashtra,2018-08,2023-12,2027-03,2028-03,904.92,3295.74,1177.85,12.0,NO_LEGACY_CODE;NO_PMGID
2025-12,FlashReport_December_2025.pdf,07f56e5457c63192ae7b5b4036f975f7eb058a3364a25a87cdc6ce2369082401,72,609,705799,,,Nagpur- Nagbhir Railway Line Gauge Conversion Project,MRIDC,Railways,Maharashtra,2019-10,2020-04,2025-12,2025-12,1400.0,1400.0,1472.0,80.0,NO_LEGACY_CODE;NO_PMGID
2025-12,FlashReport_December_2025.pdf,07f56e5457c63192ae7b5b4036f975f7eb058a3364a25a87cdc6ce2369082401,72,610,706779,,,Mumbai Urban Transport Project [MUTP] - PHASE II,Mumbai Rail Vikas Corporation Ltd.[MRVC],Railways,Maharashtra,2008-05,2008-04,2014-03,2027-12,8087.0,8087.0,7428.59,87.0,NO_LEGACY_CODE;NO_PMGID
2025-12,FlashReport_December_2025.pdf,07f56e5457c63192ae7b5b4036f975f7eb058a3364a25a87cdc6ce2369082401,72,611,706780,,,Mumbai Urban Transport Project [MUTP] Phase-IIIA,Mumbai Rail Vikas Corporation Ltd.[MRVC],Railways,Maharashtra,2019-04,2019-04,2027-12,2027-12,33690.0,33690.0,2922.12,20.0,NO_LEGACY_CODE;NO_PMGID
2025-12,FlashReport_December_2025.pdf,07f56e5457c63192ae7b5b4036f975f7eb058a3364a25a87cdc6ce2369082401,72,612,706781,,,Mumbai Urban Transport Project Phase-III,Mumbai Rail Vikas Corporation Ltd.[MRVC],Railways,Maharashtra,2016-11,2016-12,2022-03,2026-12,10947.0,10947.0,5760.81,70.0,NO_LEGACY_CODE;NO_PMGID
2025-12,FlashReport_December_2025.pdf,07f56e5457c63192ae7b5b4036f975f7eb058a3364a25a87cdc6ce2369082401,72,613,705391,,,Jiribam-Imphal new line project,Northeast Frontier Railway [NFR],Railways,Manipur,2013-03,2007-12,2026-12,2029-06,14323.0,21885.9,15824.48,72.0,NO_LEGACY_CODE;NO_PMGID
2025-12,FlashReport_December_2025.pdf,07f56e5457c63192ae7b5b4036f975f7eb058a3364a25a87cdc6ce2369082401,72,614,705491,,,Marikuppam - Kuppam New Line Project [23.70 Km],South Western Railway [SWR] - II,Railways,"Multi-States (Andhra Pradesh, Karnataka)",2012-04,2018-10,2026-06,2026-06,297.0,297.0,137.3,20.0,NO_LEGACY_CODE;NO_PMGID;MULTILINE_STATE
2025-12,FlashReport_December_2025.pdf,07f56e5457c63192ae7b5b4036f975f7eb058a3364a25a87cdc6ce2369082401,72,615,705494,,,Rayadurg-Tumkur via Kalyandurg New Line [207 km],South Western Railway [SWR] - II,Railways,"Multi-States (Andhra Pradesh, Karnataka)",2008-03,2010-07,2015-09,2028-02,2496.0,2496.0,1807.86,70.0,NO_LEGACY_CODE;NO_PMGID;MULTILINE_STATE
2025-12,FlashReport_December_2025.pdf,07f56e5457c63192ae7b5b4036f975f7eb058a3364a25a87cdc6ce2369082401,72,616,705610,,,"Renigunta, Wadi & Gooty Bypass Railway Project",South Central Railway [SCR] - II,Railways,"Multi-States (Andhra Pradesh, Karnataka)",2016-04,2016-04,2025-12,2025-12,302.0,543.0,381.0,50.0,NO_LEGACY_CODE;NO_PMGID;MULTILINE_STATE
2025-12,FlashReport_December_2025.pdf,07f56e5457c63192ae7b5b4036f975f7eb058a3364a25a87cdc6ce2369082401,72,617,617212,,,Doubling between Mudkhed Medchal & Mahbubnagar Dhone section 417.88 Km,South Central Railway [SCR] - II,Railways,"Multi-States (Andhra Pradesh, Maharashtra, Telangana)",2023-08,2023-08,2029-03,,4686.09,4686.09,1048.12,2.0,NO_LEGACY_CODE;NO_PMGID;MULTILINE_STATE
2025-12,FlashReport_December_2025.pdf,07f56e5457c63192ae7b5b4036f975f7eb058a3364a25a87cdc6ce2369082401,72,618,400253,,,Vizianagaram - Titlagarh 3rd line [272 Km including By - pass line of 7.68 KM],RVNL - II,Railways,"Multi-States (Andhra Pradesh, Odisha)",2016-06,2016-11,2025-12,2025-12,4803.0,6669.91,6016.71,94.0,NO_LEGACY_CODE;NO_PMGID;MULTILINE_STATE
2025-12,FlashReport_December_2025.pdf,07f56e5457c63192ae7b5b4036f975f7eb058a3364a25a87cdc6ce2369082401,72,619,705512,,,Doubling of Kottavalasa-Koraput Rail Line [189 KM],East Coast Railway [ECoR] - II,Railways,"Multi-States (Andhra Pradesh, Odisha)",2015-12,2016-01,2022-03,2028-03,2500.0,2500.0,2091.69,71.0,NO_LEGACY_CODE;NO_PMGID;MULTILINE_STATE
2025-12,FlashReport_December_2025.pdf,07f56e5457c63192ae7b5b4036f975f7eb058a3364a25a87cdc6ce2369082401,72,620,400275,,,Tindivanam-Nagari New Line Project [184.5 km],Ministry of Railways,Railways,"Multi-States (Andhra Pradesh, Tamil Nadu)",2008-07,2008-10,2025-09,2028-03,3631.0,3631.0,1176.55,19.0,NO_LEGACY_CODE;NO_PMGID;MULTILINE_STATE
2025-12,FlashReport_December_2025.pdf,07f56e5457c63192ae7b5b4036f975f7eb058a3364a25a87cdc6ce2369082401,72,621,616857,,,Doubling between Motumari Vishnupuram - 88.81 Km and Rail over Rail - RoR at Motumari - 10.877 Km,South Central Railway [SCR] - II,Railways,"Multi-States (Andhra Pradesh, Telangana)",2024-02,2025-03,2029-03,,1595.55,1595.55,46.01,2.0,NO_LEGACY_CODE;NO_PMGID;MULTILINE_STATE
2025-12,FlashReport_December_2025.pdf,07f56e5457c63192ae7b5b4036f975f7eb058a3364a25a87cdc6ce2369082401,73,622,617211,,,Doubling of Guntur Bibinagar 239 Km,South Central Railway [SCR] - II,Railways,"Multi-States (Andhra Pradesh, Telangana)",2023-08,2023-08,2029-03,,2853.23,2853.23,107.06,2.0,NO_LEGACY_CODE;NO_PMGID;MULTILINE_STATE
2025-12,FlashReport_December_2025.pdf,07f56e5457c63192ae7b5b4036f975f7eb058a3364a25a87cdc6ce2369082401,73,623,617214,,,Rail Connectivity to Errupalem Amravati Namburu 57 Km,South Central Railway [SCR] - II,Railways,"Multi-States (Andhra Pradesh, Telangana)",2024-11,2024-11,2027-03,,2047.4,2047.4,28.44,0.0,NO_LEGACY_CODE;NO_PMGID;MULTILINE_STATE
2025-12,FlashReport_December_2025.pdf,07f56e5457c63192ae7b5b4036f975f7eb058a3364a25a87cdc6ce2369082401,73,624,705612,,,Kazipet-Vijayawada 3rd line with electrification [220 km],South Central Railway [SCR] - II,Railways,"Multi-States (Andhra Pradesh, Telangana)",2013-03,2014-08,2025-02,2025-12,1953.0,3363.0,4037.29,94.0,NO_LEGACY_CODE;NO_PMGID;MULTILINE_STATE
2025-12,FlashReport_December_2025.pdf,07f56e5457c63192ae7b5b4036f975f7eb058a3364a25a87cdc6ce2369082401,73,625,705632,,,Vijayawada - Kazipet Byepass line,South Central Railway [SCR] - II,Railways,"Multi-States (Andhra Pradesh, Telangana)",2016-04,2016-04,2025-01,2025-12,647.0,904.0,1048.58,93.0,NO_LEGACY_CODE;NO_PMGID;MULTILINE_STATE
2025-12,FlashReport_December_2025.pdf,07f56e5457c63192ae7b5b4036f975f7eb058a3364a25a87cdc6ce2369082401,73,626,705401,,,Murkongselek-Pasighat,NFR,Railways,"Multi-States (Arunachal Pradesh, Assam)",2011-02,2023-03,2025-03,2026-05,435.0,1250.0,805.31,65.0,NO_LEGACY_CODE;NO_PMGID;MULTILINE_STATE
2025-12,FlashReport_December_2025.pdf,07f56e5457c63192ae7b5b4036f975f7eb058a3364a25a87cdc6ce2369082401,73,627,616701,,,Lumding Furkating Doubling Project 140 km,Northeast Frontier Railway [NFR],Railways,"Multi-States (Assam, Nagaland)",2024-02,2025-01,2028-02,,2123.7,2123.7,13.74,0.0,NO_LEGACY_CODE;NO_PMGID;MULTILINE_STATE
2025-12,FlashReport_December_2025.pdf,07f56e5457c63192ae7b5b4036f975f7eb058a3364a25a87cdc6ce2369082401,73,628,705392,,,Dimapur [Dhansiri]-Sukhobi Kohima [Zubza] NL [82.5 Km],NFR,Railways,"Multi-States (Assam, Nagaland)",2015-08,2016-02,2025-03,2025-12,6663.0,6663.0,5828.35,81.0,NO_LEGACY_CODE;NO_PMGID;MULTILINE_STATE
2025-12,FlashReport_December_2025.pdf,07f56e5457c63192ae7b5b4036f975f7eb058a3364a25a87cdc6ce2369082401,73,629,705794,,,New Delhi- Howrah Speed Booster[160Kmph] Project,PCE/NCR,Railways,"Multi-States (Bihar, Delhi, Jharkhand, Uttar Pradesh, West Bengal)",2019-09,2019-09,2024-03,,6684.81,6684.81,127.03,0.0,NO_LEGACY_CODE;NO_PMGID;MULTILINE_STATE
2025-12,FlashReport_December_2025.pdf,07f56e5457c63192ae7b5b4036f975f7eb058a3364a25a87cdc6ce2369082401,73,630,400234,,,Third Railway Line between Patratu-Sonnagar [291 kms],RVNL - II,Railways,"Multi-States (Bihar, Jharkhand)",2016-11,2018-08,2026-03,2028-12,8975.0,8975.0,4798.96,90.0,NO_LEGACY_CODE;NO_PMGID;MULTILINE_STATE
2025-12,FlashReport_December_2025.pdf,07f56e5457c63192ae7b5b4036f975f7eb058a3364a25a87cdc6ce2369082401,73,631,616699,,,Multi tracking of Son Nagar-Andal 374.53 rkm & 814.38 tkm,East Central Railway [ECR] - I,Railways,"Multi-States (Bihar, Jharkhand)",2023-08,2023-08,2028-03,,12333.57,12333.6,507.61,14.0,NO_LEGACY_CODE;NO_PMGID;MULTILINE_STATE
2025-12,FlashReport_December_2025.pdf,07f56e5457c63192ae7b5b4036f975f7eb058a3364a25a87cdc6ce2369082401,73,632,705375,,,Koderma-Tilaiya New Line,East Central Railway [ECR] - I,Railways,"Multi-States (Bihar, Jharkhand)",2004-11,2002-03,2025-02,2026-02,1626.0,2486.62,2142.8,94.0,NO_LEGACY_CODE;NO_PMGID;MULTILINE_STATE
2025-12,FlashReport_December_2025.pdf,07f56e5457c63192ae7b5b4036f975f7eb058a3364a25a87cdc6ce2369082401,73,633,705385,,,Pirpainti - Jasidih [100.52 Km] New BG line,Eastern Railway [ER] - I,Railways,"Multi-States (Bihar, Jharkhand)",2014-03,2022-03,2028-03,2028-03,2555.0,2555.0,795.18,49.0,NO_LEGACY_CODE;NO_PMGID;MULTILINE_STATE
2025-12,FlashReport_December_2025.pdf,07f56e5457c63192ae7b5b4036f975f7eb058a3364a25a87cdc6ce2369082401,73,634,611669,,,NER Provision of Automatic Block Signalling on Gorakhpur Cantt[Excl] Chhapra Gramin & Burhwal Jn [Excl] Sitapur Jn section of high density routes,North Eastern Railway [NER],Railways,"Multi-States (Bihar, Uttar Pradesh)",,2023-06,2027-03,2028-03,380.47,380.47,238.47,20.0,NO_LEGACY_CODE;NO_PMGID;MULTILINE_STATE;DATE_PARSE_FAIL
2025-12,FlashReport_December_2025.pdf,07f56e5457c63192ae7b5b4036f975f7eb058a3364a25a87cdc6ce2369082401,73,635,617224,,,Gorakhpur-Valmikinagar Doubling project,NER,Railways,"Multi-States (Bihar, Uttar Pradesh)",2023-08,2024-03,2027-12,,1120.0,1120.0,287.73,26.0,NO_LEGACY_CODE;NO_PMGID;MULTILINE_STATE
2025-12,FlashReport_December_2025.pdf,07f56e5457c63192ae7b5b4036f975f7eb058a3364a25a87cdc6ce2369082401,73,636,705562,,,Chhapra-Ballia Patch Doubling,North Eastern Railway [NER],Railways,"Multi-States (Bihar, Uttar Pradesh)",2013-03,2015-12,2025-02,2026-03,963.0,1046.0,912.43,95.0,NO_LEGACY_CODE;NO_PMGID;MULTILINE_STATE
2025-12,FlashReport_December_2025.pdf,07f56e5457c63192ae7b5b4036f975f7eb058a3364a25a87cdc6ce2369082401,73,637,617245,,,Katihar Kumedpur & Katihar Mukuria BG Doubling Project,Northeast Frontier Railway [NFR],Railways,"Multi-States (Bihar, West Bengal)",2022-08,2022-08,2026-08,2027-02,942.64,942.64,461.36,60.0,NO_LEGACY_CODE;NO_PMGID;MULTILINE_STATE
2025-12,FlashReport_December_2025.pdf,07f56e5457c63192ae7b5b4036f975f7eb058a3364a25a87cdc6ce2369082401,73,638,618978,,,Gondia - Dongargarh 4th line [84 Km],South Eastern Central Railway,Railways,"Multi-States (Chhattisgarh, Maharashtra)",2025-10,2025-10,2030-10,,2222.53,2222.53,0.0,0.0,NO_LEGACY_CODE;NO_PMGID;MULTILINE_STATE
2025-12,FlashReport_December_2025.pdf,07f56e5457c63192ae7b5b4036f975f7eb058a3364a25a87cdc6ce2369082401,73,639,705617,,,Rajnandgaon - Nagpur [Kalumna] Third Railway Line [228.30 km],South East Central Railway [SECR] - II,Railways,"Multi-States (Chhattisgarh, Maharashtra)",2016-09,2016-12,2024-12,2026-06,3545.0,3545.0,3555.14,96.0,NO_LEGACY_CODE;NO_PMGID;MULTILINE_STATE
2025-12,FlashReport_December_2025.pdf,07f56e5457c63192ae7b5b4036f975f7eb058a3364a25a87cdc6ce2369082401,73,640,617390,,,Sardega -Bhalumuda New Double line [37.24 Km],SECR,Railways,"Multi-States (Chhattisgarh, Odisha)",2024-09,2024-09,2028-03,,1281.81,1281.81,128.01,2.0,NO_LEGACY_CODE;NO_PMGID;MULTILINE_STATE
2025-12,FlashReport_December_2025.pdf,07f56e5457c63192ae7b5b4036f975f7eb058a3364a25a87cdc6ce2369082401,73,641,705511,,,Jagdalpur-Koraput,East Coast Railway [ECoR] - II,Railways,"Multi-States (Chhattisgarh, Odisha)",2015-12,2016-03,2024-03,2026-12,1547.0,1547.0,1348.59,92.0,NO_LEGACY_CODE;NO_PMGID;MULTILINE_STATE
2025-12,FlashReport_December_2025.pdf,07f56e5457c63192ae7b5b4036f975f7eb058a3364a25a87cdc6ce2369082401,73,642,705616,,,Jharsuguda-Bilaspur Fourth Railway Line [206 km],SECR,Railways,"Multi-States (Chhattisgarh, Odisha)",2016-09,2016-09,2024-10,2026-03,2140.0,2979.0,2198.05,93.0,NO_LEGACY_CODE;NO_PMGID;MULTILINE_STATE
2025-12,FlashReport_December_2025.pdf,07f56e5457c63192ae7b5b4036f975f7eb058a3364a25a87cdc6ce2369082401,73,643,705728,,,Mumbai-Ahmedabad High Speed Rail Project- 508 km,National High Speed Rail Corporation [NHSRC],Railways,"Multi-States (Dadra & Nagar Haveli and Daman & Diu, Gujarat, Maharashtra)",2015-03,2017-09,2027-08,2029-12,108000.0,108000.0,85337.89,56.0,NO_LEGACY_CODE;NO_PMGID;MULTILINE_STATE
2025-12,FlashReport_December_2025.pdf,07f56e5457c63192ae7b5b4036f975f7eb058a3364a25a87cdc6ce2369082401,73,644,705793,,,New Delhi- Mumbai Speed Booster[160Kmph] Project,PCE/WR,Railways,"Multi-States (Delhi, Gujarat, Madhya Pradesh, Maharashtra, Rajasthan)",2019-09,2019-09,2024-03,,6806.44,6806.44,135.65,0.0,NO_LEGACY_CODE;NO_PMGID;MULTILINE_STATE
2025-12,FlashReport_December_2025.pdf,07f56e5457c63192ae7b5b4036f975f7eb058a3364a25a87cdc6ce2369082401,73,645,705650,,,Hospet - Tinaighat - Vasco Rail Doubling Project,RVNL - II,Railways,"Multi-States (Goa, Karnataka)",2010-03,2012-07,2027-03,2027-12,5060.0,5060.0,5271.61,86.0,NO_LEGACY_CODE;NO_PMGID;MULTILINE_STATE
2025-12,FlashReport_December_2025.pdf,07f56e5457c63192ae7b5b4036f975f7eb058a3364a25a87cdc6ce2369082401,73,646,706950,,,Hospet-Hubli-Vasco da Gama Line Electrification Project,RVNL,Railways,"Multi-States (Goa, Karnataka)",2015-07,2018-05,2023-03,2026-06,744.49,1122.62,1149.24,99.0,NO_LEGACY_CODE;NO_PMGID;MULTILINE_STATE
2025-12,FlashReport_December_2025.pdf,07f56e5457c63192ae7b5b4036f975f7eb058a3364a25a87cdc6ce2369082401,73,647,705237,,,Western Dedicated Freight Corridor,DFCCIL,Railways,"Multi-States (Gujarat, Haryana, Maharashtra, Rajasthan, Uttar Pradesh)",2008-02,2012-01,2022-03,2025-12,51101.0,124005.0,124623.0,96.0,NO_LEGACY_CODE;NO_PMGID;MULTILINE_STATE
2025-12,FlashReport_December_2025.pdf,07f56e5457c63192ae7b5b4036f975f7eb058a3364a25a87cdc6ce2369082401,73,648,705453,,,"New line Dahod-Indore via Sardarpur, Jabuwa and Dhar",Western Railway [WR] - II,Railways,"Multi-States (Gujarat, Madhya Pradesh)",2012-06,2012-06,2027-02,2027-02,456.07,3516.77,3945.04,52.0,NO_LEGACY_CODE;NO_PMGID;MULTILINE_STATE
2025-12,FlashReport_December_2025.pdf,07f56e5457c63192ae7b5b4036f975f7eb058a3364a25a87cdc6ce2369082401,73,649,705454,,,Chhota Udaipur - Dhar New Line Project [157 km],Western Railway [WR] - II,Railways,"Multi-States (Gujarat, Madhya Pradesh)",2008-11,2014-01,2025-12,2025-12,1794.0,1794.0,1815.94,80.0,NO_LEGACY_CODE;NO_PMGID;MULTILINE_STATE
2025-12,FlashReport_December_2025.pdf,07f56e5457c63192ae7b5b4036f975f7eb058a3364a25a87cdc6ce2369082401,74,650,611452,,,MUMBAI CENTRAL VIRAR VADODARA AHMEDABAAD TRAIN PROTECTION SYSTEM 500 RKM,Western Railway,Railways,"Multi-States (Gujarat, Maharashtra)",2019-09,2023-03,2025-12,2026-12,311.0,311.0,263.42,93.0,NO_LEGACY_CODE;NO_PMGID;MULTILINE_STATE
2025-12,FlashReport_December_2025.pdf,07f56e5457c63192ae7b5b4036f975f7eb058a3364a25a87cdc6ce2369082401,74,651,400022,,,Taranga Hill-Abu Road via Ambaji,North Western Railway [NWR],Railways,"Multi-States (Gujarat, Rajasthan)",2022-07,2022-07,2030-07,2030-07,2798.0,2798.0,2098.09,17.0,NO_LEGACY_CODE;NO_PMGID;MULTILINE_STATE
2025-12,FlashReport_December_2025.pdf,07f56e5457c63192ae7b5b4036f975f7eb058a3364a25a87cdc6ce2369082401,74,652,616842,,,LUNI- SAMDARI- BHILDI DOUBLING,North Western Railway [NWR],Railways,"Multi-States (Gujarat, Rajasthan)",2024-02,2024-02,2027-07,,3085.59,3085.59,468.4,13.0,NO_LEGACY_CODE;NO_PMGID;MULTILINE_STATE
2025-12,FlashReport_December_2025.pdf,07f56e5457c63192ae7b5b4036f975f7eb058a3364a25a87cdc6ce2369082401,74,653,705424,,,Chandigarh-Baddi New Rail Line- 36 km,Northen Railway [NR],Railways,"Multi-States (Haryana, Himachal Pradesh)",2018-02,2018-02,2026-12,2026-12,1540.0,1540.13,554.36,37.0,NO_LEGACY_CODE;NO_PMGID;MULTILINE_STATE
2025-12,FlashReport_December_2025.pdf,07f56e5457c63192ae7b5b4036f975f7eb058a3364a25a87cdc6ce2369082401,74,654,611861,,,Rewari - Kathuwas Doubling Project [27.72 Km],North Western Railway [NWR],Railways,"Multi-States (Haryana, Rajasthan)",2023-02,2022-12,2027-06,2027-06,352.0,352.0,283.12,73.0,NO_LEGACY_CODE;NO_PMGID;MULTILINE_STATE
2025-12,FlashReport_December_2025.pdf,07f56e5457c63192ae7b5b4036f975f7eb058a3364a25a87cdc6ce2369082401,74,655,705410,,,Nangal Dam-Talwara New Broad Gauge Line [84 KM] and Taking Over Siding Mukerian-Talwara [29 KM],Northen Railway [NR],Railways,"Multi-States (Himachal Pradesh, Punjab)",1983-03,1985-05,2025-12,2027-12,2018.0,2018.0,89486.62,83.0,NO_LEGACY_CODE;NO_PMGID;MULTILINE_STATE
2025-12,FlashReport_December_2025.pdf,07f56e5457c63192ae7b5b4036f975f7eb058a3364a25a87cdc6ce2369082401,74,656,705428,,,Bhanupalli-Bilaspur-Beri New Railway Line Project,RVNL - II,Railways,"Multi-States (Himachal Pradesh, Punjab)",2009-03,2015-04,2026-12,2027-12,13447.0,13447.0,7213.23,61.0,NO_LEGACY_CODE;NO_PMGID;MULTILINE_STATE
2025-12,FlashReport_December_2025.pdf,07f56e5457c63192ae7b5b4036f975f7eb058a3364a25a87cdc6ce2369082401,74,657,705628,,,Doubling of Hatia [Ranchi]-Bondamunda Rail Line - 159 km,South Eastern Railway - JH,Railways,"Multi-States (Jharkhand, Odisha)",2016-03,2017-02,2025-06,2026-06,3029.0,3029.04,2533.0,87.0,NO_LEGACY_CODE;NO_PMGID;MULTILINE_STATE
2025-12,FlashReport_December_2025.pdf,07f56e5457c63192ae7b5b4036f975f7eb058a3364a25a87cdc6ce2369082401,74,658,616588,,,Buramara-Chakulia new line [59.96 km],South Eastern Railway [SER] - I,Railways,"Multi-States (Jharkhand, Odisha, West Bengal)",2024-08,2024-12,2029-12,,1459.13,1459.13,4.68,0.0,NO_LEGACY_CODE;NO_PMGID;MULTILINE_STATE
2025-12,FlashReport_December_2025.pdf,07f56e5457c63192ae7b5b4036f975f7eb058a3364a25a87cdc6ce2369082401,74,659,616227,,,Chandil - Anara - Damodar - 3rd line [121.26 km],CAO/C/SER,Railways,"Multi-States (Jharkhand, West Bengal)",2024-09,2025-07,2029-09,,1932.01,1932.01,0.49,0.0,NO_LEGACY_CODE;NO_PMGID;MULTILINE_STATE
2025-12,FlashReport_December_2025.pdf,07f56e5457c63192ae7b5b4036f975f7eb058a3364a25a87cdc6ce2369082401,74,660,705668,,,KHARAGPUR-ADITYAPUR THIRD RAIL LINE- 132 KM,RVNL - I,Railways,"Multi-States (Jharkhand, West Bengal)",2016-09,2018-01,2025-03,2026-06,3250.0,3250.0,3247.89,97.0,NO_LEGACY_CODE;NO_PMGID;MULTILINE_STATE
2025-12,FlashReport_December_2025.pdf,07f56e5457c63192ae7b5b4036f975f7eb058a3364a25a87cdc6ce2369082401,74,661,705662,,,Hotgi-Kudgi-Gadag Doubling Project,South Western Railway [SWR] - II,Railways,"Multi-States (Karnataka, Maharashtra)",2014-04,2016-01,2024-12,2026-03,1878.0,2459.0,2698.29,92.0,NO_LEGACY_CODE;NO_PMGID;MULTILINE_STATE
2025-12,FlashReport_December_2025.pdf,07f56e5457c63192ae7b5b4036f975f7eb058a3364a25a87cdc6ce2369082401,74,662,703586,,,Baiyyappanahalli - Hosur Doubling Project [48 km],Karnataka Rail Infrastructure Development Company Limited [K-RIDE],Railways,"Multi-States (Karnataka, Tamil Nadu)",2019-04,2019-02,2024-03,2026-01,498.7,748.7,658.4,86.0,NO_LEGACY_CODE;NO_PMGID;MULTILINE_STATE
2025-12,FlashReport_December_2025.pdf,07f56e5457c63192ae7b5b4036f975f7eb058a3364a25a87cdc6ce2369082401,74,663,705635,,,Trivandrum- Kanyakumari,SR,Railways,"Multi-States (Kerala, Tamil Nadu)",2017-08,2016-03,2025-03,2026-12,1432.0,3785.45,2554.26,51.0,NO_LEGACY_CODE;NO_PMGID;MULTILINE_STATE
2025-12,FlashReport_December_2025.pdf,07f56e5457c63192ae7b5b4036f975f7eb058a3364a25a87cdc6ce2369082401,74,664,705457,,,Ratlam-Mhow-Khandwa-Akola Gauge Conversion,Western Railway [WR] - II,Railways,"Multi-States (Madhya Pradesh, Maharashtra)",2008-04,2010-03,2027-03,2028-09,1656.25,6499.86,4570.33,82.0,NO_LEGACY_CODE;NO_PMGID;MULTILINE_STATE
2025-12,FlashReport_December_2025.pdf,07f56e5457c63192ae7b5b4036f975f7eb058a3364a25a87cdc6ce2369082401,74,665,705507,,,Itarsi - Nagpur Third Railway Line [280 km],Central Railway [CR] - II,Railways,"Multi-States (Madhya Pradesh, Maharashtra)",2016-09,2016-09,2027-03,2027-12,2449.91,2506.68,1985.94,55.0,NO_LEGACY_CODE;NO_PMGID;MULTILINE_STATE
2025-12,FlashReport_December_2025.pdf,07f56e5457c63192ae7b5b4036f975f7eb058a3364a25a87cdc6ce2369082401,74,666,617406,,,RATLAM- DUNGARPUR VIA BANSWARA NEW LINE PROJECT,North Western Railway [NWR],Railways,"Multi-States (Madhya Pradesh, Rajasthan)",2015-10,2023-05,2028-03,,2417.24,2417.24,6.79,8.0,NO_LEGACY_CODE;NO_PMGID;MULTILINE_STATE
2025-12,FlashReport_December_2025.pdf,07f56e5457c63192ae7b5b4036f975f7eb058a3364a25a87cdc6ce2369082401,74,667,705419,,,Gwalior - Seopurkala with extension to Kota [Gauge Conversion],North Central Railway,Railways,"Multi-States (Madhya Pradesh, Rajasthan)",2011-03,2018-07,2025-03,2026-02,2913.0,2913.0,2124.16,86.0,NO_LEGACY_CODE;NO_PMGID;MULTILINE_STATE
2025-12,FlashReport_December_2025.pdf,07f56e5457c63192ae7b5b4036f975f7eb058a3364a25a87cdc6ce2369082401,74,668,705481,,,Ramganjmandi-Bhopal New Line Project [262 km],West Central Railway [WCR] - II,Railways,"Multi-States (Madhya Pradesh, Rajasthan)",2001-03,2004-10,2025-12,2027-12,3032.0,5073.0,3817.81,78.0,NO_LEGACY_CODE;NO_PMGID;MULTILINE_STATE
2025-12,FlashReport_December_2025.pdf,07f56e5457c63192ae7b5b4036f975f7eb058a3364a25a87cdc6ce2369082401,74,669,705764,,,Nimach-Badi Sadri New Rail Line Project,Western Railway [WR] - II,Railways,"Multi-States (Madhya Pradesh, Rajasthan)",2017-04,2021-09,2026-03,2026-06,495.0,825.0,151.77,58.0,NO_LEGACY_CODE;NO_PMGID;MULTILINE_STATE
2025-12,FlashReport_December_2025.pdf,07f56e5457c63192ae7b5b4036f975f7eb058a3364a25a87cdc6ce2369082401,74,670,705667,,,Mathura-Jhansi Third Railway Line [274 Km],RVNL - II,Railways,"Multi-States (Madhya Pradesh, Rajasthan, Uttar Pradesh)",2015-12,2018-03,2024-12,2026-12,5961.0,5961.0,5050.26,94.0,NO_LEGACY_CODE;NO_PMGID;MULTILINE_STATE
2025-12,FlashReport_December_2025.pdf,07f56e5457c63192ae7b5b4036f975f7eb058a3364a25a87cdc6ce2369082401,74,671,705598,,,Jhansi - Bina Third Railway Line [153 Km],CAO/C/NCR,Railways,"Multi-States (Madhya Pradesh, Uttar Pradesh)",2016-09,2018-03,2022-03,2026-03,2002.0,2002.0,1843.19,93.0,NO_LEGACY_CODE;NO_PMGID;MULTILINE_STATE
2025-12,FlashReport_December_2025.pdf,07f56e5457c63192ae7b5b4036f975f7eb058a3364a25a87cdc6ce2369082401,74,672,705608,,,Jhansi-Khairar-Manikpur & Khirar-Bhimsen,North Central Railway,Railways,"Multi-States (Madhya Pradesh, Uttar Pradesh)",2018-03,2019-04,2026-03,2026-03,4330.0,4330.0,2388.71,62.0,NO_LEGACY_CODE;NO_PMGID;MULTILINE_STATE
2025-12,FlashReport_December_2025.pdf,07f56e5457c63192ae7b5b4036f975f7eb058a3364a25a87cdc6ce2369082401,74,673,705613,,,Third Line [new] between Kazipet - Balharshah with electrification [201.04 Km],South Central Railway [SCR] - II,Railways,"Multi-States (Maharashtra, Telangana)",2016-09,2016-10,2025-01,2025-11,2595.0,3071.0,3580.19,94.0,NO_LEGACY_CODE;NO_PMGID;MULTILINE_STATE
2025-12,FlashReport_December_2025.pdf,07f56e5457c63192ae7b5b4036f975f7eb058a3364a25a87cdc6ce2369082401,74,674,705629,,,Narayangarh-Bhadrak 3rd line,South Eastern Railway [SER] - I,Railways,"Multi-States (Odisha, West Bengal)",2019-03,2017-03,2025-12,2026-06,2400.0,3425.32,2404.72,66.0,NO_LEGACY_CODE;NO_PMGID;MULTILINE_STATE
2025-12,FlashReport_December_2025.pdf,07f56e5457c63192ae7b5b4036f975f7eb058a3364a25a87cdc6ce2369082401,74,675,400223,,,Nagapattinam-Tiruturaipundi and Karaikal-Peralam New Line,Ministry of Railways,Railways,"Multi-States (Puducherry, Tamil Nadu)",2008-07,2019-01,2027-03,2028-03,713.0,981.0,633.24,80.0,NO_LEGACY_CODE;NO_PMGID;MULTILINE_STATE
2025-12,FlashReport_December_2025.pdf,07f56e5457c63192ae7b5b4036f975f7eb058a3364a25a87cdc6ce2369082401,74,676,705432,,,Sivok-Rangpo New Rail Line,Indian Railway Construction International Limited [IRCON],Railways,"Multi-States (Sikkim, West Bengal)",2009-10,2010-05,2015-05,2027-12,7877.0,11775.0,9861.45,90.0,NO_LEGACY_CODE;NO_PMGID;MULTILINE_STATE
2025-12,FlashReport_December_2025.pdf,07f56e5457c63192ae7b5b4036f975f7eb058a3364a25a87cdc6ce2369082401,74,677,602797,,,"Sainthia, Sitarampur, Mughalsarai, Allahabad & Etawah - Bypass Line Project",Eastern Railway [ER] - I,Railways,"Multi-States (Uttar Pradesh, West Bengal)",2017-08,2017-12,2027-03,2027-03,461.64,461.64,197.33,9.0,NO_LEGACY_CODE;NO_PMGID;MULTILINE_STATE
2025-12,FlashReport_December_2025.pdf,07f56e5457c63192ae7b5b4036f975f7eb058a3364a25a87cdc6ce2369082401,74,678,400006,,,Jharsuguda-Barpali-Sardega Ph II Works- Rail Connectivity for Coal Loading Bulb at Barpali.,South Eastern Railway [SER] - I,Railways,Odisha,2021-10,2021-10,2025-10,2025-12,808.99,808.99,505.01,31.0,NO_LEGACY_CODE;NO_PMGID
2025-12,FlashReport_December_2025.pdf,07f56e5457c63192ae7b5b4036f975f7eb058a3364a25a87cdc6ce2369082401,75,679,400045,,,Proposed 6 nos Road Over Bridge [ROB] at different locations under MCL Talcher Under Deposit Scheme.,East Coast Railway [ECoR] - II,Railways,Odisha,2022-08,2022-07,2025-03,2025-01,168.32,168.32,69.85,82.0,NO_LEGACY_CODE;NO_PMGID
2025-12,FlashReport_December_2025.pdf,07f56e5457c63192ae7b5b4036f975f7eb058a3364a25a87cdc6ce2369082401,75,680,400047,,,Doubling of Lingaraj SILO connectivity of NTPC line and augmentation of NTPC exchange yard and NTPC Block Cabin.,East Coast Railway [ECoR] - II,Railways,Odisha,2022-08,2022-06,2024-12,2024-07,210.0,210.0,13.17,40.0,NO_LEGACY_CODE;NO_PMGID
2025-12,FlashReport_December_2025.pdf,07f56e5457c63192ae7b5b4036f975f7eb058a3364a25a87cdc6ce2369082401,75,681,400048,,,Doubling of lines connecting the loading spurs in Talcher Yard.,East Coast Railway [ECoR] - II,Railways,Odisha,2022-09,2022-06,2024-12,2024-09,186.21,186.21,45.0,80.0,NO_LEGACY_CODE;NO_PMGID
2025-12,FlashReport_December_2025.pdf,07f56e5457c63192ae7b5b4036f975f7eb058a3364a25a87cdc6ce2369082401,75,682,400232,,,Brundamal-Jharsuguda- flyover connection for joining downline,East Coast Railway [ECoR] - II,Railways,Odisha,2014-01,2014-01,2026-12,2026-12,297.0,297.0,215.87,46.0,NO_LEGACY_CODE;NO_PMGID
2025-12,FlashReport_December_2025.pdf,07f56e5457c63192ae7b5b4036f975f7eb058a3364a25a87cdc6ce2369082401,75,683,612834,,,3rd & 4th line between Sarla - Sason [8 km] [PB 73/2023-24/NR],East Coast Railway [ECoR] - II,Railways,Odisha,2023-04,2023-04,2025-12,,252.0,252.0,97.64,68.0,NO_LEGACY_CODE;NO_PMGID
2025-12,FlashReport_December_2025.pdf,07f56e5457c63192ae7b5b4036f975f7eb058a3364a25a87cdc6ce2369082401,75,684,616586,,,Bangriposi-Gorumahisani new line [ 85.60 km ],CAO/C/SER,Railways,Odisha,2024-08,2025-09,2029-12,,2269.49,2269.49,4.12,0.0,NO_LEGACY_CODE;NO_PMGID
2025-12,FlashReport_December_2025.pdf,07f56e5457c63192ae7b5b4036f975f7eb058a3364a25a87cdc6ce2369082401,75,685,616587,,,Badampahar-Kendujhargarh new line [82.06 km],CAO/C/SER,Railways,Odisha,2024-08,2025-09,2029-12,,1875.72,1875.72,1.13,0.0,NO_LEGACY_CODE;NO_PMGID
2025-12,FlashReport_December_2025.pdf,07f56e5457c63192ae7b5b4036f975f7eb058a3364a25a87cdc6ce2369082401,75,686,616694,,,Flyover between Siju and Paradeep coaching Yard to avoid Surface crossing of trains,East Coast Railway [ECoR] - II,Railways,Odisha,2023-04,2025-10,2028-07,,200.77,200.77,30.0,2.0,NO_LEGACY_CODE;NO_PMGID
2025-12,FlashReport_December_2025.pdf,07f56e5457c63192ae7b5b4036f975f7eb058a3364a25a87cdc6ce2369082401,75,687,616695,,,Paradeep - Badabandha 3rd & 4th Line / 18.51kms,East Coast Railway [ECoR] - II,Railways,Odisha,2023-08,2025-04,2028-11,,300.15,300.15,0.1,5.0,NO_LEGACY_CODE;NO_PMGID
2025-12,FlashReport_December_2025.pdf,07f56e5457c63192ae7b5b4036f975f7eb058a3364a25a87cdc6ce2369082401,75,688,618995,,,New Line between Junagarh - Nabarangpur [116.21 Km],Indian Railway,Railways,Odisha,2024-08,2025-08,2030-08,,2864.51,2864.51,0.0,0.0,NO_LEGACY_CODE;NO_PMGID
2025-12,FlashReport_December_2025.pdf,07f56e5457c63192ae7b5b4036f975f7eb058a3364a25a87cdc6ce2369082401,75,689,705358,,,Khurda-Bolangir New Broad Gauge Rail Link [301km],East Coast Railway [ECoR] - II,Railways,Odisha,1994-03,2001-03,2026-12,2026-12,3792.0,5089.0,5315.25,90.0,NO_LEGACY_CODE;NO_PMGID
2025-12,FlashReport_December_2025.pdf,07f56e5457c63192ae7b5b4036f975f7eb058a3364a25a87cdc6ce2369082401,75,690,705359,,,Talcher-Bimlagarh New Railway Line,East Coast Railway [ECoR] - II,Railways,Odisha,2004-03,2004-12,2025-03,2027-03,1928.0,1928.0,1995.82,50.0,NO_LEGACY_CODE;NO_PMGID
2025-12,FlashReport_December_2025.pdf,07f56e5457c63192ae7b5b4036f975f7eb058a3364a25a87cdc6ce2369082401,75,691,705510,,,Bhadrak-Nergundi Third Line,East Coast Railway [ECoR] - II,Railways,Odisha,2015-10,2015-04,2024-11,2026-01,1284.0,1284.0,1323.62,91.0,NO_LEGACY_CODE;NO_PMGID
2025-12,FlashReport_December_2025.pdf,07f56e5457c63192ae7b5b4036f975f7eb058a3364a25a87cdc6ce2369082401,75,692,705513,,,Koraput - Singapur Railway Doubling,East Coast Railway [ECoR] - II,Railways,Odisha,2015-12,2015-12,2027-12,2028-03,2362.0,2362.0,1856.42,71.0,NO_LEGACY_CODE;NO_PMGID
2025-12,FlashReport_December_2025.pdf,07f56e5457c63192ae7b5b4036f975f7eb058a3364a25a87cdc6ce2369082401,75,693,705514,,,Jarapada- Budhapank with flyover at Talcher road 3rd and 4th Line,East Coast Railway [ECoR] - II,Railways,Odisha,2015-11,2015-12,2018-11,2026-03,1000.0,810.02,428.84,58.0,NO_LEGACY_CODE;NO_PMGID
2025-12,FlashReport_December_2025.pdf,07f56e5457c63192ae7b5b4036f975f7eb058a3364a25a87cdc6ce2369082401,75,694,705515,,,3rd & 4th Railway Line Project from Salegaon to Budhapank via Rajathgarh.,East Coast Railway [ECoR] - II,Railways,Odisha,2013-07,2015-12,2026-03,2026-03,1173.0,2092.0,2063.93,85.0,NO_LEGACY_CODE;NO_PMGID
2025-12,FlashReport_December_2025.pdf,07f56e5457c63192ae7b5b4036f975f7eb058a3364a25a87cdc6ce2369082401,75,695,705741,,,Jeypore-Navarangpur New Rail Line Project,East Coast Railway [ECoR] - II,Railways,Odisha,2017-07,2023-04,2028-07,2029-12,748.0,748.0,13.16,1.0,NO_LEGACY_CODE;NO_PMGID
2025-12,FlashReport_December_2025.pdf,07f56e5457c63192ae7b5b4036f975f7eb058a3364a25a87cdc6ce2369082401,75,696,705742,,,Jeypore-Malkanagiri New Railway Line Project,East Coast Railway [ECoR] - II,Railways,Odisha,2018-02,2023-12,2033-07,2033-07,2344.0,2344.0,491.99,20.0,NO_LEGACY_CODE;NO_PMGID
2025-12,FlashReport_December_2025.pdf,07f56e5457c63192ae7b5b4036f975f7eb058a3364a25a87cdc6ce2369082401,75,697,706898,,,Khurda Road - Balangir Electrification of Railway Track Project,Ministry of Railways,Railways,Odisha,2018-09,2019-09,2021-03,,267.61,267.61,0.0,0.0,NO_LEGACY_CODE;NO_PMGID
2025-12,FlashReport_December_2025.pdf,07f56e5457c63192ae7b5b4036f975f7eb058a3364a25a87cdc6ce2369082401,75,698,709811,,,GANDHAMARDAN IRON ORE MINES TO GOALDIH STATION/12.76kms,East Coast Railway [ECoR] - II,Railways,Odisha,2022-09,2025-05,2027-09,2027-09,190.0,189.93,0.0,0.0,NO_LEGACY_CODE;NO_PMGID
2025-12,FlashReport_December_2025.pdf,07f56e5457c63192ae7b5b4036f975f7eb058a3364a25a87cdc6ce2369082401,75,699,705362,,,"Jaynagar-Bijalpura, incl. extn. Bet, Bijalpura-Bardibas [Nepal]",East Central Railway [ECR] - I,Railways,Offshore,2015-08,2011-03,2022-03,2026-03,819.0,819.0,580.51,75.0,NO_LEGACY_CODE;NO_PMGID
2025-12,FlashReport_December_2025.pdf,07f56e5457c63192ae7b5b4036f975f7eb058a3364a25a87cdc6ce2369082401,75,700,705298,,,North Region Video Surveillance Project,RCIL,Railways,PAN India,2020-06,2023-04,2024-03,,274.39,274.39,0.0,48.0,NO_LEGACY_CODE;NO_PMGID
2025-12,FlashReport_December_2025.pdf,07f56e5457c63192ae7b5b4036f975f7eb058a3364a25a87cdc6ce2369082401,75,701,705783,,,Ludhiana- Killa Raipur Railway Doubling Project,Railway,Railways,Punjab,2019-03,2022-12,2025-03,2026-03,237.64,238.0,135.92,56.0,NO_LEGACY_CODE;NO_PMGID
2025-12,FlashReport_December_2025.pdf,07f56e5457c63192ae7b5b4036f975f7eb058a3364a25a87cdc6ce2369082401,75,702,611849,,,Devgarh Madariya - Nathdwara Gauge Conversion [82.54 Km] part of Marwar - Mavli Gauge Conversion [152 Km],North Western Railway [NWR],Railways,Rajasthan,2023-01,2023-01,2028-06,2028-06,968.92,968.92,192.98,57.0,NO_LEGACY_CODE;NO_PMGID
2025-12,FlashReport_December_2025.pdf,07f56e5457c63192ae7b5b4036f975f7eb058a3364a25a87cdc6ce2369082401,75,703,611929,,,Maintenance cum workshop depot for Vande Bharat Sleeper Trains as per conditions under WTA 527,WPO/Patna,Railways,Rajasthan,2022-09,2023-06,2024-12,,166.86,166.86,0.0,0.0,NO_LEGACY_CODE;NO_PMGID
2025-12,FlashReport_December_2025.pdf,07f56e5457c63192ae7b5b4036f975f7eb058a3364a25a87cdc6ce2369082401,75,704,616841,,,PUSHKAR- MERTA CITY NEW LINE,North Western Railway [NWR],Railways,Rajasthan,2024-02,2024-02,2026-12,,799.64,799.64,75.45,6.0,NO_LEGACY_CODE;NO_PMGID
2025-12,FlashReport_December_2025.pdf,07f56e5457c63192ae7b5b4036f975f7eb058a3364a25a87cdc6ce2369082401,75,705,616843,,,AJMER- CHANDERIYA DOUBLING,North Western Railway [NWR],Railways,Rajasthan,2024-02,2024-02,2027-06,,1634.79,1634.79,203.52,9.0,NO_LEGACY_CODE;NO_PMGID
2025-12,FlashReport_December_2025.pdf,07f56e5457c63192ae7b5b4036f975f7eb058a3364a25a87cdc6ce2369082401,75,706,617403,,,SADULPUR - CHURU DOUBLING PROJECT,North Western Railway [NWR],Railways,Rajasthan,2024-01,2024-01,2026-06,,468.64,468.64,136.58,55.0,NO_LEGACY_CODE;NO_PMGID
2025-12,FlashReport_December_2025.pdf,07f56e5457c63192ae7b5b4036f975f7eb058a3364a25a87cdc6ce2369082401,75,707,617404,,,POKHRAN - RAMDEVRA New Line,North Western Railway [NWR],Railways,Rajasthan,2025-04,2025-04,2028-03,,189.21,189.21,0.0,0.0,NO_LEGACY_CODE;NO_PMGID
2025-12,FlashReport_December_2025.pdf,07f56e5457c63192ae7b5b4036f975f7eb058a3364a25a87cdc6ce2369082401,75,708,617408,,,NATHDWARA- NATHDWARA TOWN NL,North Western Railway [NWR],Railways,Rajasthan,2019-03,2024-04,2027-03,,166.33,166.33,89.62,5.0,NO_LEGACY_CODE;NO_PMGID
2025-12,FlashReport_December_2025.pdf,07f56e5457c63192ae7b5b4036f975f7eb058a3364a25a87cdc6ce2369082401,76,709,705482,,,Dholpur - Sirmuttra Gauge Conversion,North Central Railway,Railways,Rajasthan,2022-03,2020-04,2019-02,2027-02,747.0,747.0,436.56,45.0,NO_LEGACY_CODE;NO_PMGID
2025-12,FlashReport_December_2025.pdf,07f56e5457c63192ae7b5b4036f975f7eb058a3364a25a87cdc6ce2369082401,76,710,705752,,,Gudha-Thatha Mithri Construction of Railway Track Project,North Western Railway [NWR],Railways,Rajasthan,2019-04,2019-04,2026-11,2026-11,819.48,967.06,393.8,99.0,NO_LEGACY_CODE;NO_PMGID
2025-12,FlashReport_December_2025.pdf,07f56e5457c63192ae7b5b4036f975f7eb058a3364a25a87cdc6ce2369082401,76,711,705912,,,Sawai Madhopur-Jaipur Railway Line Project,North Western Railway [NWR],Railways,Rajasthan,2024-02,2023-04,2027-03,,1203.89,1203.89,137.81,13.0,NO_LEGACY_CODE;NO_PMGID
2025-12,FlashReport_December_2025.pdf,07f56e5457c63192ae7b5b4036f975f7eb058a3364a25a87cdc6ce2369082401,76,712,705919,,,Agra Fort-Bandikui Doubling Line Project,CAO/C/NCR,Railways,Rajasthan,2022-06,2021-02,2027-06,2027-06,1390.0,1390.0,362.92,57.0,NO_LEGACY_CODE;NO_PMGID
2025-12,FlashReport_December_2025.pdf,07f56e5457c63192ae7b5b4036f975f7eb058a3364a25a87cdc6ce2369082401,76,713,706866,,,Sawaimadhopur Bye Pass Line Project,North Western Railway [NWR],Railways,Rajasthan,2022-12,2023-01,2026-03,2027-05,304.0,304.0,60.48,65.0,NO_LEGACY_CODE;NO_PMGID
2025-12,FlashReport_December_2025.pdf,07f56e5457c63192ae7b5b4036f975f7eb058a3364a25a87cdc6ce2369082401,76,714,400280,,,Phase II extension of MRTS from Velachery to St Thomas Mount,Ministry of Railways,Railways,Tamil Nadu,2007-11,2008-11,2025-07,2025-09,734.0,734.01,479.19,99.0,NO_LEGACY_CODE;NO_PMGID
2025-12,FlashReport_December_2025.pdf,07f56e5457c63192ae7b5b4036f975f7eb058a3364a25a87cdc6ce2369082401,76,715,613002,,,Redevelopment of Chennai Egmore Station,Ministry of Railways,Railways,Tamil Nadu,2022-05,2022-10,2026-03,,842.0,842.0,340.0,0.0,NO_LEGACY_CODE;NO_PMGID
2025-12,FlashReport_December_2025.pdf,07f56e5457c63192ae7b5b4036f975f7eb058a3364a25a87cdc6ce2369082401,76,716,705244,,,Coach Production Factory Upgradation Project,CPM/ICF,Railways,Tamil Nadu,2017-12,2018-07,2021-12,,520.0,520.0,192.25,0.0,NO_LEGACY_CODE;NO_PMGID
2025-12,FlashReport_December_2025.pdf,07f56e5457c63192ae7b5b4036f975f7eb058a3364a25a87cdc6ce2369082401,76,717,616856,,,Doubling between Bhadrachalam Road and Dornakal,South Central Railway [SCR] - II,Railways,Telangana,2023-08,2025-04,2029-04,,770.12,770.12,48.35,0.0,NO_LEGACY_CODE;NO_PMGID
2025-12,FlashReport_December_2025.pdf,07f56e5457c63192ae7b5b4036f975f7eb058a3364a25a87cdc6ce2369082401,76,718,617409,,,Railway Manufacturing Unit,RVNL - II,Railways,Telangana,2016-07,2023-02,2026-12,2026-03,521.36,521.36,439.95,80.0,NO_LEGACY_CODE;NO_PMGID
2025-12,FlashReport_December_2025.pdf,07f56e5457c63192ae7b5b4036f975f7eb058a3364a25a87cdc6ce2369082401,76,719,705252,,,Kazipet Wagon Overhauling Project,RVNL,Railways,Telangana,2017-09,2017-07,2023-12,,385.0,385.0,0.0,0.0,NO_LEGACY_CODE;NO_PMGID
2025-12,FlashReport_December_2025.pdf,07f56e5457c63192ae7b5b4036f975f7eb058a3364a25a87cdc6ce2369082401,76,720,705437,,,Manoharabad-Kothapalli New Rail Line [151 km],South Central Railway [SCR] - II,Railways,Telangana,2016-07,2017-01,2027-03,2027-12,1160.0,2781.0,2332.39,71.0,NO_LEGACY_CODE;NO_PMGID
2025-12,FlashReport_December_2025.pdf,07f56e5457c63192ae7b5b4036f975f7eb058a3364a25a87cdc6ce2369082401,76,721,400204,,,Bahraich-Shravasti-Balrampur-Siddharthnagar -Santkabir nagar,North Eastern Railway [NER],Railways,Uttar Pradesh,2018-10,2017-03,2030-10,2030-10,4939.78,4939.78,1263.98,8.0,NO_LEGACY_CODE;NO_PMGID
2025-12,FlashReport_December_2025.pdf,07f56e5457c63192ae7b5b4036f975f7eb058a3364a25a87cdc6ce2369082401,76,722,400205,,,Sahjanwa-Dohrighat,North Eastern Railway [NER],Railways,Uttar Pradesh,2019-08,2017-03,2029-03,2029-03,1319.75,1319.75,511.08,3.0,NO_LEGACY_CODE;NO_PMGID
2025-12,FlashReport_December_2025.pdf,07f56e5457c63192ae7b5b4036f975f7eb058a3364a25a87cdc6ce2369082401,76,723,617213,,,Varanasi-Pt. Deen Dayal Upadhyaya multitracking 15km including construction of new Rail-cum-Road Bridge across Ganga River.,Northern Railways,Railways,Uttar Pradesh,2024-10,2025-10,2029-10,,2464.46,2464.46,0.0,0.0,NO_LEGACY_CODE;NO_PMGID
2025-12,FlashReport_December_2025.pdf,07f56e5457c63192ae7b5b4036f975f7eb058a3364a25a87cdc6ce2369082401,76,724,617252,,,Anandnagar - Ghugli via Maharajganj New line 52.7 km,Construction NER,Railways,Uttar Pradesh,2023-10,2023-11,2028-03,,958.27,958.27,455.29,23.0,NO_LEGACY_CODE;NO_PMGID
2025-12,FlashReport_December_2025.pdf,07f56e5457c63192ae7b5b4036f975f7eb058a3364a25a87cdc6ce2369082401,76,725,617284,,,Chunar-Chopan doubling project,North Central Railway,Railways,Uttar Pradesh,2023-08,2025-01,2028-03,,1423.96,1423.96,64.45,8.0,NO_LEGACY_CODE;NO_PMGID
2025-12,FlashReport_December_2025.pdf,07f56e5457c63192ae7b5b4036f975f7eb058a3364a25a87cdc6ce2369082401,76,726,617333,,,Surface triangle line bet. Bhadura stn and new crossing stn Karma,East Central Railway [ECR] - I,Railways,Uttar Pradesh,2022-10,2024-05,2027-02,,199.96,199.96,1.05,0.0,NO_LEGACY_CODE;NO_PMGID
2025-12,FlashReport_December_2025.pdf,07f56e5457c63192ae7b5b4036f975f7eb058a3364a25a87cdc6ce2369082401,76,727,617370,,,Doubling between Jaunpur Jn - Zaffarabad 6.28 km,M/S SRC company Infra Private Limited,Railways,Uttar Pradesh,2023-03,2025-02,2027-01,,180.66,180.66,4.0,13.0,NO_LEGACY_CODE;NO_PMGID
2025-12,FlashReport_December_2025.pdf,07f56e5457c63192ae7b5b4036f975f7eb058a3364a25a87cdc6ce2369082401,76,728,705567,,,Burhwal Gonda 3rd line,North Eastern Railway [NER],Railways,Uttar Pradesh,2017-11,2019-07,2025-03,2026-01,1016.0,1118.0,1461.48,88.0,NO_LEGACY_CODE;NO_PMGID
2025-12,FlashReport_December_2025.pdf,07f56e5457c63192ae7b5b4036f975f7eb058a3364a25a87cdc6ce2369082401,76,729,705588,,,Janghai-Pratapgarh- Amethi,CAO/C/II/NR,Railways,Uttar Pradesh,2017-11,2017-03,2025-03,2026-03,722.0,1194.0,1601.0,70.0,NO_LEGACY_CODE;NO_PMGID
2025-12,FlashReport_December_2025.pdf,07f56e5457c63192ae7b5b4036f975f7eb058a3364a25a87cdc6ce2369082401,76,730,705766,,,Lalitpur-Birari with flyover at Lalitpur- 16 Km,North Central Railway,Railways,Uttar Pradesh,2017-03,2017-11,2024-12,2026-01,304.44,356.0,241.27,80.0,NO_LEGACY_CODE;NO_PMGID
2025-12,FlashReport_December_2025.pdf,07f56e5457c63192ae7b5b4036f975f7eb058a3364a25a87cdc6ce2369082401,76,731,705771,,,Allahabad-Bamhrauli Flyover Construction & 4th Railway Line Project,North Central Railway,Railways,Uttar Pradesh,2019-04,2020-10,2026-03,2026-03,494.0,494.0,371.2,67.0,NO_LEGACY_CODE;NO_PMGID
2025-12,FlashReport_December_2025.pdf,07f56e5457c63192ae7b5b4036f975f7eb058a3364a25a87cdc6ce2369082401,76,732,705772,,,"Mughalsarai-Allahabad, 3rd line",North Central Railway,Railways,Uttar Pradesh,2015-12,2016-03,2026-12,2027-03,2649.0,2649.44,1728.5,66.0,NO_LEGACY_CODE;NO_PMGID
2025-12,FlashReport_December_2025.pdf,07f56e5457c63192ae7b5b4036f975f7eb058a3364a25a87cdc6ce2369082401,76,733,705774,,,Aligarh -Daud Khan Flyover Construction & 3rd Railway Line Project,CAO/C/NCR,Railways,Uttar Pradesh,2019-04,2020-09,2025-01,2027-03,758.0,779.49,421.6,73.0,NO_LEGACY_CODE;NO_PMGID
2025-12,FlashReport_December_2025.pdf,07f56e5457c63192ae7b5b4036f975f7eb058a3364a25a87cdc6ce2369082401,76,734,705777,,,Bhandai - Flyover for Etawah bound down train- 10 Km,NCR,Railways,Uttar Pradesh,2020-07,2021-04,2026-02,2027-02,250.18,250.18,115.69,8.0,NO_LEGACY_CODE;NO_PMGID
2025-12,FlashReport_December_2025.pdf,07f56e5457c63192ae7b5b4036f975f7eb058a3364a25a87cdc6ce2369082401,76,735,705780,,,Bhatni-Aurnihar with electrification excluding Indara-Mau,RVNL - I,Railways,Uttar Pradesh,2018-03,2017-03,2024-12,2026-03,2529.0,2529.46,2080.41,94.0,NO_LEGACY_CODE;NO_PMGID
2025-12,FlashReport_December_2025.pdf,07f56e5457c63192ae7b5b4036f975f7eb058a3364a25a87cdc6ce2369082401,76,736,705782,,,Barabanki-Malhaur 3rd & 4th Railway Line Project,Ministry of Railways,Railways,Uttar Pradesh,2019-01,2017-04,2025-03,2026-03,407.0,407.0,317.0,75.0,NO_LEGACY_CODE;NO_PMGID
2025-12,FlashReport_December_2025.pdf,07f56e5457c63192ae7b5b4036f975f7eb058a3364a25a87cdc6ce2369082401,76,737,705429,,,Rishikesh-Karnaprayag New Rail Line- 125 km,RVNL - II,Railways,Uttarakhand,2016-11,2018-08,2025-12,2028-12,38953.0,38953.0,26840.95,72.0,NO_LEGACY_CODE;NO_PMGID
2025-12,FlashReport_December_2025.pdf,07f56e5457c63192ae7b5b4036f975f7eb058a3364a25a87cdc6ce2369082401,76,738,400247,,,Kalinarayanpur-Krishnanagar Doubling Alongwith Krishnanagar - Chapra New Line And Naihati-Ranaghat 3rd Line.,Eastern Railway [ER] - I,Railways,West Bengal,2015-07,2005-11,2027-02,2027-02,1000.0,1000.0,1054.94,69.0,NO_LEGACY_CODE;NO_PMGID
2025-12,FlashReport_December_2025.pdf,07f56e5457c63192ae7b5b4036f975f7eb058a3364a25a87cdc6ce2369082401,77,739,400273,,,Tarakeshwar-Bishnupur New Line [82.47 km],Eastern Railway [ER] - I,Railways,West Bengal,2001-03,2008-02,2019-03,2026-02,1189.0,1542.0,1338.36,92.0,NO_LEGACY_CODE;NO_PMGID
2025-12,FlashReport_December_2025.pdf,07f56e5457c63192ae7b5b4036f975f7eb058a3364a25a87cdc6ce2369082401,77,740,400277,,,Dum Dum Airport-New Garia via Rajarhat-Construction of Metro Railway,RVNL - II,Railways,West Bengal,2010-03,2011-10,2025-12,2026-03,8964.0,8964.0,8428.89,85.0,NO_LEGACY_CODE;NO_PMGID
2025-12,FlashReport_December_2025.pdf,07f56e5457c63192ae7b5b4036f975f7eb058a3364a25a87cdc6ce2369082401,77,741,612096,,,Construction of Balurghat-Hilli new BG Line,Northeast Frontier Railway [NFR],Railways,West Bengal,2010-12,2010-12,2027-03,2027-03,1209.0,1181.57,428.37,12.0,NO_LEGACY_CODE;NO_PMGID
2025-12,FlashReport_December_2025.pdf,07f56e5457c63192ae7b5b4036f975f7eb058a3364a25a87cdc6ce2369082401,77,742,617345,,,SER Upgradation of maintenance infrastructure at Shalimar into Vande Bharat Chair Car maintenance cum workshop depot.,South Eastern Railway - JH,Railways,West Bengal,2024-03,2024-12,2026-10,,226.87,226.87,33.7,36.0,NO_LEGACY_CODE;NO_PMGID
2025-12,FlashReport_December_2025.pdf,07f56e5457c63192ae7b5b4036f975f7eb058a3364a25a87cdc6ce2369082401,77,743,705730,,,Joka-BBD Bag new metro project,RVNL - II,Railways,West Bengal,2010-03,2010-04,2026-12,2029-12,4835.0,10362.0,4740.17,51.0,NO_LEGACY_CODE;NO_PMGID
2025-12,FlashReport_December_2025.pdf,07f56e5457c63192ae7b5b4036f975f7eb058a3364a25a87cdc6ce2369082401,77,744,706776,,,Noapara-Barasat via Bimanbandar - Construction of Metro railway [18 km],"Metro Railway, Kolkata",Railways,West Bengal,2010-11,2010-03,2026-08,2029-03,4830.0,4830.0,2764.13,32.0,NO_LEGACY_CODE;NO_PMGID
2025-12,FlashReport_December_2025.pdf,07f56e5457c63192ae7b5b4036f975f7eb058a3364a25a87cdc6ce2369082401,77,745,706777,,,Baranagar-Barrackpore and Dakshineshwar- Construction of Metro Railway,RVNL - II,Railways,West Bengal,2010-03,2010-03,2026-12,2030-12,2298.0,2734.0,393.01,17.0,NO_LEGACY_CODE;NO_PMGID
2025-12,FlashReport_December_2025.pdf,07f56e5457c63192ae7b5b4036f975f7eb058a3364a25a87cdc6ce2369082401,77,746,701658,,,Krishnapatnam Node - Phase 1 - Roads and Services Development,National Industrial Corridor Development Corporation,Real Estate,Andhra Pradesh,2020-12,2024-02,2028-02,,2139.44,2139.44,568.22,27.0,NO_LEGACY_CODE;NO_PMGID
2025-12,FlashReport_December_2025.pdf,07f56e5457c63192ae7b5b4036f975f7eb058a3364a25a87cdc6ce2369082401,77,747,701657,,,Tumakuru Node - Phase 1 - Roads and Services Development,National Highways & Infrastructure Development Corporation Ltd. [NHIDCL],Real Estate,Karnataka,2020-12,2023-02,2026-09,,1701.81,1701.81,184.16,17.0,NO_LEGACY_CODE;NO_PMGID
2025-12,FlashReport_December_2025.pdf,07f56e5457c63192ae7b5b4036f975f7eb058a3364a25a87cdc6ce2369082401,77,748,617907,,,Rehabilitation and Up-gradation from Km 170700 Bhadrachalam to Km 234567 Konta on NH-30 to Two lane with Paved Shoulder in the State of Andra Pradesh on EPC mode.,MoRTH,Roads & Highways,Andhra Pradesh,2021-12,2022-09,2024-09,,436.09,436.09,207.05,89.0,NO_LEGACY_CODE;NO_PMGID
2025-12,FlashReport_December_2025.pdf,07f56e5457c63192ae7b5b4036f975f7eb058a3364a25a87cdc6ce2369082401,77,749,617949,,,Tadipatri Bypass Km 0000 to Km 6285 of 4-Lane on NH-67 in Anantapuramu district of AP state under NHO on EPC Mode under Annual Plan 2022-23,MoRTH,Roads & Highways,Andhra Pradesh,2023-03,2024-03,2026-03,,159.66,159.66,32.57,69.0,NO_LEGACY_CODE;NO_PMGID
2025-12,FlashReport_December_2025.pdf,07f56e5457c63192ae7b5b4036f975f7eb058a3364a25a87cdc6ce2369082401,77,750,617984,,,"Gudivada Town 2 RoB, and Road improvement NH-165",MoRTH,Roads & Highways,Andhra Pradesh,2022-03,2023-05,2025-05,,317.22,317.22,0.0,67.0,NO_LEGACY_CODE;NO_PMGID
2025-12,FlashReport_December_2025.pdf,07f56e5457c63192ae7b5b4036f975f7eb058a3364a25a87cdc6ce2369082401,77,751,617985,,,Widening to two lane with paved shoulders from Km 0/0 to 64/020 Pamarru to Akiveedu,MoRTH,Roads & Highways,Andhra Pradesh,2020-03,2021-11,2023-11,2024-02,529.54,588.65,0.0,0.0,NO_LEGACY_CODE;NO_PMGID
2025-12,FlashReport_December_2025.pdf,07f56e5457c63192ae7b5b4036f975f7eb058a3364a25a87cdc6ce2369082401,77,752,617986,,,Kurnool/Kadapa Border-Jammalamadugu section of NH-167K i.e. Design Ch. Km 248010 to km 269900 to 2,MoRTH,Roads & Highways,Andhra Pradesh,2023-03,2024-12,2026-12,,292.63,292.63,0.0,40.0,NO_LEGACY_CODE;NO_PMGID
2025-12,FlashReport_December_2025.pdf,07f56e5457c63192ae7b5b4036f975f7eb058a3364a25a87cdc6ce2369082401,77,753,617990,,,Construction of bypass road to Adoni town connecting NH-167 Hagari - Jadcharla road from km.62/700 to 71/400 in Kurnool District in the State of Andhra Pradesh.,MoRTH,Roads & Highways,Andhra Pradesh,2023-03,2024-02,2025-11,,242.0,242.0,78.49,95.0,NO_LEGACY_CODE;NO_PMGID
2025-12,FlashReport_December_2025.pdf,07f56e5457c63192ae7b5b4036f975f7eb058a3364a25a87cdc6ce2369082401,77,754,617991,,,"Rehabilitation and up-gradation of NH-167 from Km 14/900 to Km70/000 Design Ch. 14/900 to 69/700 Chintakunta to Adoni section to two lane with paved shoulders in the State of Andhra Pradesh under Corridor Approach through Engineering, Procurement",MoRTH,Roads & Highways,Andhra Pradesh,2016-11,2017-05,2019-05,2020-11,290.15,290.15,0.0,0.0,NO_LEGACY_CODE;NO_PMGID
2025-12,FlashReport_December_2025.pdf,07f56e5457c63192ae7b5b4036f975f7eb058a3364a25a87cdc6ce2369082401,77,755,618037,,,Rehabilitation and Up-gradation of existin of road from 2-lane to 2-lane with paved shoulders from km. 0.00 to km 53.590 total length-53.590 km of Raychoti to Vempalli section of NH-440 in the State of Andhra Pradesh on EPC mode.,MoRTH,Roads & Highways,Andhra Pradesh,2021-12,2022-05,2024-05,,439.82,359.52,121.22,0.0,NO_LEGACY_CODE;NO_PMGID
2025-12,FlashReport_December_2025.pdf,07f56e5457c63192ae7b5b4036f975f7eb058a3364a25a87cdc6ce2369082401,77,756,618062,,,Dornala to Kunta Junction from Design Chainage Km 244000 to 267990 section of NH-765 Package-2,MoRTH,Roads & Highways,Andhra Pradesh,2022-12,2024-03,2025-09,,244.83,244.83,0.0,83.0,NO_LEGACY_CODE;NO_PMGID
2025-12,FlashReport_December_2025.pdf,07f56e5457c63192ae7b5b4036f975f7eb058a3364a25a87cdc6ce2369082401,77,757,618145,,,Widening to two lane with paved shoulder of Rampachodavaram - Koyyuru section of NH 516E from Km 43700 to Km 113820 in the State of Andhra Pradesh on EPC mode Job No. 737,MoRTH,Roads & Highways,Andhra Pradesh,2022-03,2023-01,2025-01,,568.12,568.12,289.47,92.0,NO_LEGACY_CODE;NO_PMGID
2025-12,FlashReport_December_2025.pdf,07f56e5457c63192ae7b5b4036f975f7eb058a3364a25a87cdc6ce2369082401,77,758,618161,,,Widening and Reconstruction of existing road to four lane from Km.56400 to Km 120300 i.e. from B.Kothapalli Junction to Gorantla excluding Kadiri Bypass from Km 70200 to Km 77105 of NH 716G in the State of Andhra Pradesh on EPC mode Job no. 742,MoRTH,Roads & Highways,Andhra Pradesh,2022-03,2023-09,2025-12,,839.98,839.98,360.45,99.0,NO_LEGACY_CODE;NO_PMGID
2025-12,FlashReport_December_2025.pdf,07f56e5457c63192ae7b5b4036f975f7eb058a3364a25a87cdc6ce2369082401,77,759,618191,,,"Rehabilitation and upgradation of NH-167AD from Macherla to Dachepalli via Paluvai Junction, Rentachinthala, Gurazala from Km.0.000 to 43.659 to two lane with paved shoulders in the state of Andhra Pradesh job-729",MoRTH,Roads & Highways,Andhra Pradesh,2022-01,2023-01,2025-01,,403.22,403.22,220.99,97.0,NO_LEGACY_CODE;NO_PMGID
2025-12,FlashReport_December_2025.pdf,07f56e5457c63192ae7b5b4036f975f7eb058a3364a25a87cdc6ce2369082401,77,760,618192,,,Duttalur at NH-565 Junction to Kavali Joining on NH-16 Chainage Km. 36/400 to Km. 107/224 excluding the stretch from Km 101.880 to 105.300 67.404 Km of NH-167BG from in the State of Andhra Pradesh on EPC mode,MoRTH,Roads & Highways,Andhra Pradesh,2021-03,2022-07,2024-07,,423.67,423.67,0.0,81.0,NO_LEGACY_CODE;NO_PMGID
2025-12,FlashReport_December_2025.pdf,07f56e5457c63192ae7b5b4036f975f7eb058a3364a25a87cdc6ce2369082401,78,761,618194,,,Rehabilitation and upgradation of New NH 544DD from design Chainage Km. 56/000 to 102/20 of Kalyandrg - Molakalmuru Section,MoRTH,Roads & Highways,Andhra Pradesh,2018-03,2018-08,2020-02,2021-11,294.13,285.29,287.94,98.0,NO_LEGACY_CODE;NO_PMGID
2025-12,FlashReport_December_2025.pdf,07f56e5457c63192ae7b5b4036f975f7eb058a3364a25a87cdc6ce2369082401,78,762,618237,,,Rehabilitation and Up-gradation of Pasarlapudi to Dhindi section from Km 105/170 to Km 126/510 of NH -214 New NH -216 to two lane with paved shoulder in the state of Andhra Pradesh under NHDP-IV,MoRTH,Roads & Highways,Andhra Pradesh,2017-03,2017-09,2019-09,2024-05,263.45,263.45,151.56,98.0,NO_LEGACY_CODE;NO_PMGID
2025-12,FlashReport_December_2025.pdf,07f56e5457c63192ae7b5b4036f975f7eb058a3364a25a87cdc6ce2369082401,78,763,618238,,,Rehabilitation and Up-gradation of Thimmapuram to Gurajanapalli section from Km 26/150 to Km 41/161 of NH - 214 New NH - 216 to two lane with paved shoulder in the state of Andhra Pradesh under NHDP-IV,MoRTH,Roads & Highways,Andhra Pradesh,2016-08,2017-01,2018-07,2021-12,350.61,432.91,0.0,0.0,NO_LEGACY_CODE;NO_PMGID
2025-12,FlashReport_December_2025.pdf,07f56e5457c63192ae7b5b4036f975f7eb058a3364a25a87cdc6ce2369082401,78,764,618254,,,Construction of Paderu bypass Km 0000 to Km 13000 of 2- lane with paved shoulder on NH-516E,MoRTH,Roads & Highways,Andhra Pradesh,2023-03,2025-01,2026-07,,244.43,244.43,2.14,3.0,NO_LEGACY_CODE;NO_PMGID
2025-12,FlashReport_December_2025.pdf,07f56e5457c63192ae7b5b4036f975f7eb058a3364a25a87cdc6ce2369082401,78,765,618255,,,Two laning with paved shoulders of Lambasingi to Paderusection of NH 516E,MoRTH,Roads & Highways,Andhra Pradesh,2020-04,2023-11,2025-11,,361.24,358.05,77.68,23.0,NO_LEGACY_CODE;NO_PMGID
2025-12,FlashReport_December_2025.pdf,07f56e5457c63192ae7b5b4036f975f7eb058a3364a25a87cdc6ce2369082401,78,766,618256,,,"Rehabilitation and Upgradation to 2-lane with paved should ders Sir, configuration of Chaprathipalem to Lambasingi section Km 165500 to Km 205000 of NH-516E in the State of Andhra Pradesh under Green National Highways Corridor Project GNHCP with the loan assistance of World Bank on EPC mode",MoRTH,Roads & Highways,Andhra Pradesh,2020-08,2022-10,2024-10,,311.22,311.22,172.01,76.0,NO_LEGACY_CODE;NO_PMGID
2025-12,FlashReport_December_2025.pdf,07f56e5457c63192ae7b5b4036f975f7eb058a3364a25a87cdc6ce2369082401,78,767,618257,,,Rehabilitation and Upgradation to 2-lane with paved shoulders configuration of Koyyuru to Chaprathipalem section Km 120000 to Km 165500 of NH-516E in the State of Andhra Pradesh under Green National Highways Corridor Project GNHCP with the loan assistance of World Bank on EPC mode,MoRTH,Roads & Highways,Andhra Pradesh,2020-08,2022-07,2024-07,2025-06,349.29,349.29,221.52,86.0,NO_LEGACY_CODE;NO_PMGID
2025-12,FlashReport_December_2025.pdf,07f56e5457c63192ae7b5b4036f975f7eb058a3364a25a87cdc6ce2369082401,78,768,618258,,,Two laning with paved shoulders of Gondiguda to Araku uptoBhallaguda section of NH 516E,MoRTH,Roads & Highways,Andhra Pradesh,2020-08,2021-09,2023-09,2024-09,296.66,289.11,237.52,91.0,NO_LEGACY_CODE;NO_PMGID
2025-12,FlashReport_December_2025.pdf,07f56e5457c63192ae7b5b4036f975f7eb058a3364a25a87cdc6ce2369082401,78,769,618259,,,Two laning with paved shoulders of Paderu to GundigudaSection of NH 516E,MoRTH,Roads & Highways,Andhra Pradesh,2020-08,2021-03,2023-03,2024-03,222.61,222.61,122.52,100.0,NO_LEGACY_CODE;NO_PMGID
2025-12,FlashReport_December_2025.pdf,07f56e5457c63192ae7b5b4036f975f7eb058a3364a25a87cdc6ce2369082401,78,770,618412,,,Construction of i Connecting Road from Z-Morh Tunnel to Zojila Tunnel Road Length 18.475km and ii 14.150 Km long 2-L Bi-directional single tube Zoji-la Tunnel across Zojila Pass on Sonamarg - Kargil section from Km 82 to Km 118 of NH-01 under PMDP,NHIDCL,Roads & Highways,Andhra Pradesh,2018-01,2020-10,2026-09,2027-12,6808.69,6808.69,0.0,0.0,NO_LEGACY_CODE;NO_PMGID
2025-12,FlashReport_December_2025.pdf,07f56e5457c63192ae7b5b4036f975f7eb058a3364a25a87cdc6ce2369082401,78,771,618475,,,Bangalore Chennai Expressway Phase-II Pkg-II from km.96.000 to Km 127.000 Baireddypalle to Bangarupalem section,National Highways Authority of India [NHAI],Roads & Highways,Andhra Pradesh,2021-02,2023-06,2025-06,2026-06,2548.04,2548.04,1058.1,81.0,NO_LEGACY_CODE;NO_PMGID
2025-12,FlashReport_December_2025.pdf,07f56e5457c63192ae7b5b4036f975f7eb058a3364a25a87cdc6ce2369082401,78,772,618476,,,Bangalore Chennai Expressway Phase-II Pkg-III from km.127.000 to Km 156.000 Bangarupalem to Gudipala section,National Highways Authority of India [NHAI],Roads & Highways,Andhra Pradesh,2020-11,2022-10,2024-10,,1407.33,1407.33,675.5,99.0,NO_LEGACY_CODE;NO_PMGID
2025-12,FlashReport_December_2025.pdf,07f56e5457c63192ae7b5b4036f975f7eb058a3364a25a87cdc6ce2369082401,78,773,618527,,,Six Laning of Vijayawada Bypass from Gollapudi to Chinnakakani in Vijayawada - Gundugolanu Section from km. 30.00 to km. 47.881 Pkg-IV,National Highways Authority of India [NHAI],Roads & Highways,Andhra Pradesh,2020-01,2021-07,2024-01,,1194.57,1757.82,683.06,97.0,NO_LEGACY_CODE;NO_PMGID
2025-12,FlashReport_December_2025.pdf,07f56e5457c63192ae7b5b4036f975f7eb058a3364a25a87cdc6ce2369082401,78,774,618700,,,Renigunta - Poyya - Naidupeta km 124.60 to km 183.4 of NH 71,National Highways Authority of India [NHAI],Roads & Highways,Andhra Pradesh,2020-03,2022-01,2024-01,2024-10,1863.09,2510.14,1231.42,98.0,NO_LEGACY_CODE;NO_PMGID
2025-12,FlashReport_December_2025.pdf,07f56e5457c63192ae7b5b4036f975f7eb058a3364a25a87cdc6ce2369082401,78,775,618712,,,6L Access Controlled Greenfield Highway from Kodur Ch. 0000 to Vanavolu Ch. 24300 of [NH-544G] Package-1,National Highways Authority of India [NHAI],Roads & Highways,Andhra Pradesh,2023-01,2024-02,2026-02,,912.94,798.25,300.35,79.0,NO_LEGACY_CODE;NO_PMGID
2025-12,FlashReport_December_2025.pdf,07f56e5457c63192ae7b5b4036f975f7eb058a3364a25a87cdc6ce2369082401,78,776,618713,,,6L Access Controlled Greenfield Highway from Yerragudipadu Ch. 129000 to Audireddipalle Ch. 160000 of [NH 544G] Package-6,National Highways Authority of India [NHAI],Roads & Highways,Andhra Pradesh,2023-02,2024-02,2026-02,,1200.42,1019.69,178.26,24.0,NO_LEGACY_CODE;NO_PMGID
2025-12,FlashReport_December_2025.pdf,07f56e5457c63192ae7b5b4036f975f7eb058a3364a25a87cdc6ce2369082401,78,777,618714,,,6L Access Controlled Greenfield Highway from Nallacheruvu palli Ch. 96300 to Yerragudipadu Ch. 129000 of [NH-544G] Package-5,National Highways Authority of India [NHAI],Roads & Highways,Andhra Pradesh,2022-02,2024-02,2026-02,,1253.26,1095.78,253.91,41.0,NO_LEGACY_CODE;NO_PMGID
2025-12,FlashReport_December_2025.pdf,07f56e5457c63192ae7b5b4036f975f7eb058a3364a25a87cdc6ce2369082401,78,778,618715,,,6L Access Controlled Greenfield Highway from Odulapalle Ch. 72000 to Nallacheruvu- palli Ch. 96300 of [NH-544G]Package-4,National Highways Authority of India [NHAI],Roads & Highways,Andhra Pradesh,2023-01,2024-02,2026-02,,1058.9,946.1,328.59,63.0,NO_LEGACY_CODE;NO_PMGID
2025-12,FlashReport_December_2025.pdf,07f56e5457c63192ae7b5b4036f975f7eb058a3364a25a87cdc6ce2369082401,78,779,618716,,,6L Access Controlled Greenfield Highway from Vankarakunta Ch. 45700 to Odulapalle Ch. 72000 of [NH-544G]Package-3,National Highways Authority of India [NHAI],Roads & Highways,Andhra Pradesh,2022-12,2024-03,2026-03,,992.91,888.07,279.55,65.0,NO_LEGACY_CODE;NO_PMGID
2025-12,FlashReport_December_2025.pdf,07f56e5457c63192ae7b5b4036f975f7eb058a3364a25a87cdc6ce2369082401,78,780,618717,,,6L Access Controlled Greenfield Highway from Vanavolu Ch. 24300 to Vankarakunta Ch. 45700 of [NH-544G] Package-2,National Highways Authority of India [NHAI],Roads & Highways,Andhra Pradesh,2023-01,2024-03,2026-03,,750.81,626.91,203.13,72.0,NO_LEGACY_CODE;NO_PMGID
2025-12,FlashReport_December_2025.pdf,07f56e5457c63192ae7b5b4036f975f7eb058a3364a25a87cdc6ce2369082401,78,781,618719,,,6L Access Controlled Greenfield Highway from Mallapalle Ch. 176000 to Kavulakuntla Ch. 196000 Package-08,National Highways Authority of India [NHAI],Roads & Highways,Andhra Pradesh,2023-02,2024-02,2026-02,,909.02,751.81,225.97,40.0,NO_LEGACY_CODE;NO_PMGID
2025-12,FlashReport_December_2025.pdf,07f56e5457c63192ae7b5b4036f975f7eb058a3364a25a87cdc6ce2369082401,78,782,618720,,,6L Access Controlled Greenfield Highway from Audireddipalle Ch. 160000 to Mallapalle Ch. 176000Package-07,National Highways Authority of India [NHAI],Roads & Highways,Andhra Pradesh,2023-02,2024-03,2026-03,,987.1,848.06,254.31,54.0,NO_LEGACY_CODE;NO_PMGID
2025-12,FlashReport_December_2025.pdf,07f56e5457c63192ae7b5b4036f975f7eb058a3364a25a87cdc6ce2369082401,78,783,618721,,,6L Access Controlled Greenfield Highway from Chandrasekharapuram Ch. 228000 to Polavaram Ch. 260000of [NH-544G] Package-11,National Highways Authority of India [NHAI],Roads & Highways,Andhra Pradesh,2023-02,2024-02,2026-02,2026-07,1292.65,1110.33,255.71,43.0,NO_LEGACY_CODE;NO_PMGID
2025-12,FlashReport_December_2025.pdf,07f56e5457c63192ae7b5b4036f975f7eb058a3364a25a87cdc6ce2369082401,79,784,618748,,,Khammam-Devarapalle Pkg IV [4L Access Controlled Greenfield from Recherla village to Gurvaygudem village Design Chainage 105236 to 132664],National Highways Authority of India [NHAI],Roads & Highways,Andhra Pradesh,2020-11,2022-09,2024-09,2025-05,569.37,752.02,322.19,94.0,NO_LEGACY_CODE;NO_PMGID
2025-12,FlashReport_December_2025.pdf,07f56e5457c63192ae7b5b4036f975f7eb058a3364a25a87cdc6ce2369082401,79,785,618749,,,Khammam-Devarapalle Pkg V [4L Access Controlled Greenfield from Gurvaygudem village to Devarapalle village Design Chainage 132664 to 162126,National Highways Authority of India [NHAI],Roads & Highways,Andhra Pradesh,2020-12,2022-09,2024-09,2025-06,711.94,926.48,376.11,88.0,NO_LEGACY_CODE;NO_PMGID
2025-12,FlashReport_December_2025.pdf,07f56e5457c63192ae7b5b4036f975f7eb058a3364a25a87cdc6ce2369082401,79,786,618777,,,4L of Pileru to Kalur Section from Km 55.900 to Km 92.800 & Km 94.500 to Km 95.717 of NH-71Package-II,National Highways Authority of India [NHAI],Roads & Highways,Andhra Pradesh,2022-03,2023-10,2025-11,,1877.47,592.85,245.55,98.0,NO_LEGACY_CODE;NO_PMGID
2025-12,FlashReport_December_2025.pdf,07f56e5457c63192ae7b5b4036f975f7eb058a3364a25a87cdc6ce2369082401,79,787,618778,,,4L of Madanapalle to Pileru Section from Km 0.000 to Km 55.900 of NH-71Package-I,National Highways Authority of India [NHAI],Roads & Highways,Andhra Pradesh,2022-02,2023-01,2025-01,2025-06,1877.47,1994.1,1024.27,94.0,NO_LEGACY_CODE;NO_PMGID
2025-12,FlashReport_December_2025.pdf,07f56e5457c63192ae7b5b4036f975f7eb058a3364a25a87cdc6ce2369082401,79,788,618803,,,Development of 4L Road from Samarlakota to Achampeta Junction as part of Kakinada Port Connectivity to NH-16 Rajanagaram Junction in East Godavari District,National Highways Authority of India [NHAI],Roads & Highways,Andhra Pradesh,2022-09,2023-08,2025-08,,645.63,750.2,543.32,74.0,NO_LEGACY_CODE;NO_PMGID
2025-12,FlashReport_December_2025.pdf,07f56e5457c63192ae7b5b4036f975f7eb058a3364a25a87cdc6ce2369082401,79,789,618804,,,Dedicated Port road to Krishnapatnam Port Package-I from Km. 0.000 to Km. 18.000,National Highways Authority of India [NHAI],Roads & Highways,Andhra Pradesh,2018-03,2018-12,2020-12,,348.72,341.36,59.91,75.0,NO_LEGACY_CODE;NO_PMGID
2025-12,FlashReport_December_2025.pdf,07f56e5457c63192ae7b5b4036f975f7eb058a3364a25a87cdc6ce2369082401,79,790,618807,,,"4L Greenfield Road connecting North and South industrial cluster of Khandaleru Creek near Krishnapatnam port at Thamminapatnam to Mollur from Km 0.0 to Km 16.046, Part I & 6L extension of dedicated port road of NH-67 Km 18.0 to Km 19.3, Part II",National Highways Authority of India [NHAI],Roads & Highways,Andhra Pradesh,2022-08,2023-09,2025-09,,609.43,559.98,403.36,73.0,NO_LEGACY_CODE;NO_PMGID
2025-12,FlashReport_December_2025.pdf,07f56e5457c63192ae7b5b4036f975f7eb058a3364a25a87cdc6ce2369082401,79,791,618826,,,4 Laning of NH-544D from Km 0.000 to km 37.000 of Anantapur- Muchukota section Pkg-1,National Highways Authority of India [NHAI],Roads & Highways,Andhra Pradesh,2022-10,2023-07,2025-07,,907.76,905.98,410.28,91.0,NO_LEGACY_CODE;NO_PMGID
2025-12,FlashReport_December_2025.pdf,07f56e5457c63192ae7b5b4036f975f7eb058a3364a25a87cdc6ce2369082401,79,792,618827,,,4 Laning of NH-544D from Km 37.000 to km 69.000 of Muchukota- Bugga section Pkg-2,National Highways Authority of India [NHAI],Roads & Highways,Andhra Pradesh,2022-10,2023-08,2025-08,,1097.57,1055.23,320.15,70.0,NO_LEGACY_CODE;NO_PMGID
2025-12,FlashReport_December_2025.pdf,07f56e5457c63192ae7b5b4036f975f7eb058a3364a25a87cdc6ce2369082401,79,793,618919,,,4L PS from Mandlem Existing Km. 38.000/Design Km.30.600 to Atmakur Existing Km.73.000/Design Km 66.115 of NH340C Package2,National Highways Authority of India [NHAI],Roads & Highways,Andhra Pradesh,2023-03,2023-11,2025-11,,887.28,913.03,374.34,99.0,NO_LEGACY_CODE;NO_PMGID
2025-12,FlashReport_December_2025.pdf,07f56e5457c63192ae7b5b4036f975f7eb058a3364a25a87cdc6ce2369082401,79,794,617892,,,Construction of 2-lane road of Potin to Pangin section of NH-13 from Km 163.59 to Km 206.66 Package-5 on EPC Mode in the State of Arunachal Pradesh under Arunachal Pradesh Package of Roads and Highways of SARDP-NE [Job No SARDP-NE/P- P/Pkg-A/NH-13/Ar.Pr./PWD/2018-19/116],MoRTH,Roads & Highways,Arunachal Pradesh,2019-03,2020-11,2023-11,2024-07,450.65,450.65,303.39,96.0,NO_LEGACY_CODE;NO_PMGID
2025-12,FlashReport_December_2025.pdf,07f56e5457c63192ae7b5b4036f975f7eb058a3364a25a87cdc6ce2369082401,79,795,618033,,,4-Laning of Itanagar to Bandardewa section of NH-415from km 40430 to km 51735 Package-Bon EPC Mode in the state of Arunachal Pradesh Job NO. 415/Ar. P/2020- 21/031,MoRTH,Roads & Highways,Arunachal Pradesh,2020-06,2021-12,2024-12,,496.47,496.47,153.63,48.0,NO_LEGACY_CODE;NO_PMGID
2025-12,FlashReport_December_2025.pdf,07f56e5457c63192ae7b5b4036f975f7eb058a3364a25a87cdc6ce2369082401,79,796,618424,,,Construction of 2-Laning with hard shoulders of Hayuliang Hawai bypass Road on EPC basis from design Km. 51.825 to Km. 63.131 Existing Km 45.050 of HayuliangHawai road to Hawai Town under SARDP-NE -Balance work Pkg - IV,NHIDCL,Roads & Highways,Arunachal Pradesh,2017-01,2021-05,2023-05,2026-07,256.66,216.76,0.0,93.0,NO_LEGACY_CODE;NO_PMGID
2025-12,FlashReport_December_2025.pdf,07f56e5457c63192ae7b5b4036f975f7eb058a3364a25a87cdc6ce2369082401,79,797,618432,,,Construction of Balance work of 2-Lane with PS of Joram-Koloriang Road NH-713 on EPC basis from Design Km 44.989 to Km 61.547 Existing Km 50.050 to Km 70.000 in the state of Arunachal Pradesh under SARDP-NE Pkg-3,NHIDCL,Roads & Highways,Arunachal Pradesh,2017-02,2020-10,2022-04,2023-07,228.72,228.72,0.0,99.0,NO_LEGACY_CODE;NO_PMGID
2025-12,FlashReport_December_2025.pdf,07f56e5457c63192ae7b5b4036f975f7eb058a3364a25a87cdc6ce2369082401,79,798,618433,,,Construction of Balance work of 2-Lane with PS of Joram Koloriang Road from existing Km122.600 to km138.00 [Design Km108.724 to Km123.714] in Arunachal Pradesh on EPC Mode under SARDP-NE Pkg-7,NHIDCL,Roads & Highways,Arunachal Pradesh,2017-02,2020-10,2022-04,2023-07,184.89,184.89,0.0,98.0,NO_LEGACY_CODE;NO_PMGID
2025-12,FlashReport_December_2025.pdf,07f56e5457c63192ae7b5b4036f975f7eb058a3364a25a87cdc6ce2369082401,79,799,618434,,,Roing-Hunli Road Greenfield Alignment Project,NHIDCL,Roads & Highways,Arunachal Pradesh,2017-02,2018-03,2022-03,2025-04,1718.59,1718.59,0.0,77.0,NO_LEGACY_CODE;NO_PMGID
2025-12,FlashReport_December_2025.pdf,07f56e5457c63192ae7b5b4036f975f7eb058a3364a25a87cdc6ce2369082401,79,800,617895,,,Construction of Mangaldoi Bypass NH-15 starting at Ch 26400 and terminating at Ch 41505 under Rangia NH Division L 15.105 Km in the State of Assam. Job No. 15/AS/2021-22/234,MoRTH,Roads & Highways,Assam,2022-03,2023-04,2025-04,,535.03,535.03,104.57,55.0,NO_LEGACY_CODE;NO_PMGID
2025-12,FlashReport_December_2025.pdf,07f56e5457c63192ae7b5b4036f975f7eb058a3364a25a87cdc6ce2369082401,79,801,618282,,,4-L Bilasipara-Guwahati Package-10,NHIDCL,Roads & Highways,Assam,2023-03,2023-12,2026-06,,1264.9,1264.9,0.0,39.0,NO_LEGACY_CODE;NO_PMGID
2025-12,FlashReport_December_2025.pdf,07f56e5457c63192ae7b5b4036f975f7eb058a3364a25a87cdc6ce2369082401,79,802,618283,,,4-L Bilasipara-Guwahati Package-9,NHIDCL,Roads & Highways,Assam,2023-03,2023-12,2026-06,,1000.27,1000.27,0.0,40.0,NO_LEGACY_CODE;NO_PMGID
2025-12,FlashReport_December_2025.pdf,07f56e5457c63192ae7b5b4036f975f7eb058a3364a25a87cdc6ce2369082401,79,803,618284,,,Widening/Improvement to 4-Lane with paved shoulder from Km 99930 to Km 143680 Design Chainage 96000 to 139750 of Paikan to Dhupdhara Sahar of Bilasipura- Guwahati Road on NH-17 in the state of Assam on EPC mode under Bharatmala Pariyojana in Economic Corridors Project Length 43.750km under NHO-NE Package- 8,NHIDCL,Roads & Highways,Assam,2023-03,2023-12,2026-12,,1457.59,1457.59,0.0,56.0,NO_LEGACY_CODE;NO_PMGID
2025-12,FlashReport_December_2025.pdf,07f56e5457c63192ae7b5b4036f975f7eb058a3364a25a87cdc6ce2369082401,79,804,618285,,,Widening/Improvement to 4 -Lane with Paved Shoulder from Ch. 88.000km to Ch.99.930 km Design Ch.84.100km to Ch.96.000 km of Sagunbashi forest near Nichinta to starting of Krishnai Bypass Section of Bilasipura Guwahati road NH 17 on EPC Package-7,NHIDCL,Roads & Highways,Assam,2021-03,2023-10,2025-10,,286.72,286.72,0.0,100.0,NO_LEGACY_CODE;NO_PMGID
2025-12,FlashReport_December_2025.pdf,07f56e5457c63192ae7b5b4036f975f7eb058a3364a25a87cdc6ce2369082401,79,805,618286,,,Construction of New 2-Lane Bridge with its approaches from km 0000 to Km 4385 across River Brahmaputra on NH-17 at Jogighopa in Assam on EPC mode,NHIDCL,Roads & Highways,Assam,2021-09,2021-11,2024-11,2026-06,746.76,746.76,0.0,0.0,NO_LEGACY_CODE;NO_PMGID
2025-12,FlashReport_December_2025.pdf,07f56e5457c63192ae7b5b4036f975f7eb058a3364a25a87cdc6ce2369082401,80,806,618289,,,Construction and up gradation to 4-Lane of existing two lane with paved shoulder from Hapachara to Tulungia road of NH-117 of existing Km 0.00 to km 14.050 and Design Km 0.000 to km 14.660 under BMP on EPC mode,NHIDCL,Roads & Highways,Assam,2020-03,2020-06,2022-12,2024-06,224.85,224.85,204.19,0.0,NO_LEGACY_CODE;NO_PMGID
2025-12,FlashReport_December_2025.pdf,07f56e5457c63192ae7b5b4036f975f7eb058a3364a25a87cdc6ce2369082401,80,807,618308,,,Construction of 4-Lane Panchgram Bypass from Design Chainage km 15500 on NH- 37 Old NH-53 at Kalinagar Pt.-I Village to Design Chainage km 27300 at crossing with NH-6 Old NH-44 Near Siddeswar Pt.-I Village on Silchar - Churaibari stretch in the State of Assam on EPC Mode under Bharatmala Pariyojana in Economic Corridors Silchar- Churaibari Package-2,NHIDCL,Roads & Highways,Assam,2023-03,2024-08,2027-02,,676.18,728.97,0.0,46.0,NO_LEGACY_CODE;NO_PMGID
2025-12,FlashReport_December_2025.pdf,07f56e5457c63192ae7b5b4036f975f7eb058a3364a25a87cdc6ce2369082401,80,808,618314,,,4-Laning of Dhanehari Lailapur / Vairengte section from Existing Chainage km 12920 to km 43000 of NH 306 Design Chainage km 20000 to km 49360 on Silchar - Vairengte Sairang road in the State of Assam under Bharatmala Pariyojna on EPC mode. Project Length 29.360 km under NHO-NE Package-2,NHIDCL,Roads & Highways,Assam,2023-03,2024-02,2026-08,,1716.21,1716.21,848.23,64.0,NO_LEGACY_CODE;NO_PMGID
2025-12,FlashReport_December_2025.pdf,07f56e5457c63192ae7b5b4036f975f7eb058a3364a25a87cdc6ce2369082401,80,809,618315,,,4-Laning of Silchar - Dhanehari section from Existing Chainage km 263800 of NH 37 to km 12920 of NH 306 Design Chainage km 0000 to km 20000 on Silchar - Vairengte - Sairang road in the State of Assam under Bharatmala Pariyojna on EPC mode Package-1,NHIDCL,Roads & Highways,Assam,2023-02,2024-01,2026-07,,1256.9,1256.9,0.0,0.0,NO_LEGACY_CODE;NO_PMGID
2025-12,FlashReport_December_2025.pdf,07f56e5457c63192ae7b5b4036f975f7eb058a3364a25a87cdc6ce2369082401,80,810,618325,,,Dillai to Lahorijan Package-7,NHIDCL,Roads & Highways,Assam,2021-11,2023-01,2024-07,2025-12,204.1,204.1,0.0,0.0,NO_LEGACY_CODE;NO_PMGID
2025-12,FlashReport_December_2025.pdf,07f56e5457c63192ae7b5b4036f975f7eb058a3364a25a87cdc6ce2369082401,80,811,618326,,,Widening/Improvement to 4-Lane with Paved Shoulder from KM 38500 to Km 51246 Design Chainage 38500 to 50959 with proposed Daboka Bypass of Daboka- Parokhaowa of NH 29 on EPC under NHO-NE Package-1,NHIDCL,Roads & Highways,Assam,2023-01,2023-11,2025-11,,516.88,516.88,0.0,0.0,NO_LEGACY_CODE;NO_PMGID
2025-12,FlashReport_December_2025.pdf,07f56e5457c63192ae7b5b4036f975f7eb058a3364a25a87cdc6ce2369082401,80,812,618327,,,Widening/Improvement to 4-Lane with Paved Shoulder from KM 113300 to Km 146230 Design Chainage 113830 to 145712 of Kwaram Taro Village - Dillai Section in Assam on EPC Package-6,NHIDCL,Roads & Highways,Assam,2021-09,2022-07,2024-07,2025-03,625.64,625.64,0.0,0.0,NO_LEGACY_CODE;NO_PMGID
2025-12,FlashReport_December_2025.pdf,07f56e5457c63192ae7b5b4036f975f7eb058a3364a25a87cdc6ce2369082401,80,813,618330,,,Construction of 4/6 Laning from existing Km 159.400 of NH-36 to existing Km 102.500 of NH-39 and upto end point of Assam portion [Design Km 118.050 to design Km 132.375] Total New Alignment length of 14.325 Km of Daboka -Dimapur Section Dimapur Bypass in the state of Assam under SARDP-NE 'Phase-A' on EPC mode Assam Portion,NHIDCL,Roads & Highways,Assam,2018-03,2019-11,2022-11,2024-08,511.02,511.02,0.0,0.0,NO_LEGACY_CODE;NO_PMGID
2025-12,FlashReport_December_2025.pdf,07f56e5457c63192ae7b5b4036f975f7eb058a3364a25a87cdc6ce2369082401,80,814,618339,,,Widening/Improvement to 2-Lane Lane with Paved Shoulder from km 16900 Bogapani to km 27150 Golai Goan on existing Dibrugarh to Ledo section with proposed Digboi Bypass Green Field and Brownfield 2-LanePS of NH-315 OLD NH-38 in Tinsukia District under NHO- NE Package-4,NHIDCL,Roads & Highways,Assam,2023-01,2023-12,2026-12,,356.65,356.65,0.0,20.0,NO_LEGACY_CODE;NO_PMGID
2025-12,FlashReport_December_2025.pdf,07f56e5457c63192ae7b5b4036f975f7eb058a3364a25a87cdc6ce2369082401,80,815,618340,,,Widening/Improvement to 4-Lane with Paved Shoulder from km 626030 Nalani hulla Gaon to km 650450 Chotahapjan on existing Tinsukhia -Makum Bypass of NH-15 OLD NH-37 and Strengthening of existing NH-315 OLD NH-38 from Km 0000 Chotahapjan to Km 16900 Bogapani section 2-Lane PS in Assam on EPCMode under NHO-NE Package-3,NHIDCL,Roads & Highways,Assam,2023-01,2023-05,2025-09,,458.59,458.59,0.0,68.0,NO_LEGACY_CODE;NO_PMGID
2025-12,FlashReport_December_2025.pdf,07f56e5457c63192ae7b5b4036f975f7eb058a3364a25a87cdc6ce2369082401,80,816,618351,,,Widening & Upgradation to 2 lanes with paved shoulders road from Tamenglong to Mahur NH-137 in the State of Assam starting from km 156.489 near P. Leikul to km 176.410 near Borowapu on EPC mode under NHO-NE Assam portion Package-10,NHIDCL,Roads & Highways,Assam,2023-03,2023-08,2025-08,,890.33,693.15,0.0,0.0,NO_LEGACY_CODE;NO_PMGID
2025-12,FlashReport_December_2025.pdf,07f56e5457c63192ae7b5b4036f975f7eb058a3364a25a87cdc6ce2369082401,80,817,618352,,,Widening & Upgradation to 2 lanes with paved shoulders road from Tamenglong to Mahur NH-137 in the State of Assam starting from km 136.500 near Hejaichak to km 156.489 near P. Leikul Package-9 on EPC mode under NHO-NE Package-9,NHIDCL,Roads & Highways,Assam,2023-03,2023-08,2025-08,,860.37,614.43,0.0,0.0,NO_LEGACY_CODE;NO_PMGID
2025-12,FlashReport_December_2025.pdf,07f56e5457c63192ae7b5b4036f975f7eb058a3364a25a87cdc6ce2369082401,80,818,618353,,,Widening & Upgradation to 2-lanes with paved shoulders road from Tamenglong to Mahur NH-137 in the State of Assam starting from km 116.480 near Hangrum to km 136.500 near Hejaichak Package-8 on EPC mode under NHO-NE Package 8,NHIDCL,Roads & Highways,Assam,2023-03,2023-08,2025-08,,904.04,904.04,0.0,0.0,NO_LEGACY_CODE;NO_PMGID
2025-12,FlashReport_December_2025.pdf,07f56e5457c63192ae7b5b4036f975f7eb058a3364a25a87cdc6ce2369082401,80,819,618354,,,Wideinig & Upgradation to 2-lanes with paved shoulders road from Tamenglong to Mahur NH-137 in the State of Assam starting from km 96.870 near Jiri River to km 116.550 near Hangrum Package-7 on EPC mode Package7,NHIDCL,Roads & Highways,Assam,2023-12,2024-03,2026-03,,846.82,846.82,0.0,71.0,NO_LEGACY_CODE;NO_PMGID
2025-12,FlashReport_December_2025.pdf,07f56e5457c63192ae7b5b4036f975f7eb058a3364a25a87cdc6ce2369082401,80,820,618359,,,Widening/Improvement to 4-Lane with Paved Shoulder from km 55000 Nagabang Gamsuk to km 82514 Oyan in the State of Assam and Arunachal Pradesh on EPC mode under Bharatmala Pariyojna of Length 27.514 Km Package-3,NHIDCL,Roads & Highways,Assam,2023-03,2024-09,2025-08,,665.47,665.47,0.0,54.0,NO_LEGACY_CODE;NO_PMGID
2025-12,FlashReport_December_2025.pdf,07f56e5457c63192ae7b5b4036f975f7eb058a3364a25a87cdc6ce2369082401,80,821,618371,,,"Widening/Improvement to 4-Lane with Paved Shoulder configuration of existing single lane road from Srirampur near Bhairiguri Village to Kachukhana Harichara Paglagaunj Package-I of Srirampur - Dhubri Section of NH-127B from existing Km 0.000 to Km 28.050 Design Km 0.000 to Km 27.650, Design Length27.650 Km under JICA ODA Loan assistance Phase-V -Balance work",NHIDCL,Roads & Highways,Assam,2022-03,2024-11,2026-11,,613.89,613.89,0.0,43.0,NO_LEGACY_CODE;NO_PMGID
2025-12,FlashReport_December_2025.pdf,07f56e5457c63192ae7b5b4036f975f7eb058a3364a25a87cdc6ce2369082401,80,822,618372,,,"Widening / Improvement to 4-Lane with Paved Shoulder configuration of existing single lane road from Kachukhana Harichara Paglagaunj to Dhubri - Phulbari Bridge approach Package-II of Srirampur - Dhubri Section of NH-127B from existing Km 28.050 to Km 55.060 Design Km 27.650 to Km 54.154, Design Length26.504 Km under JICA ODA Loan assistance Phase-V [Srirampur - Dhubri Pkg-2]",NHIDCL,Roads & Highways,Assam,2022-03,2023-01,2025-06,,909.02,909.02,0.0,100.0,NO_LEGACY_CODE;NO_PMGID
2025-12,FlashReport_December_2025.pdf,07f56e5457c63192ae7b5b4036f975f7eb058a3364a25a87cdc6ce2369082401,81,823,618373,,,"Construction of 4-Lane Bridge including approaches over River Brahmaputra between Dhubri on North Bank,Assam and Phulbari on south Bank,Meghalaya on NH-127B under JICA ODA Loan assistance Phase-III",NHIDCL,Roads & Highways,Assam,2019-05,2020-12,2028-09,2028-12,4997.04,4997.04,0.0,67.0,NO_LEGACY_CODE;NO_PMGID
2025-12,FlashReport_December_2025.pdf,07f56e5457c63192ae7b5b4036f975f7eb058a3364a25a87cdc6ce2369082401,81,824,618435,,,4-Laning from Rangagara to Kaliabor Tiniali from km 297.00 to km 315.315 of NH-37 on EPC basis under SARDP-NE in state of Assam,NHIDCL,Roads & Highways,Assam,2016-01,2017-10,2020-04,2025-03,386.51,386.51,0.0,0.0,NO_LEGACY_CODE;NO_PMGID
2025-12,FlashReport_December_2025.pdf,07f56e5457c63192ae7b5b4036f975f7eb058a3364a25a87cdc6ce2369082401,81,825,618436,,,4-Laning of Jamugurihat to end of Biswanath Chariali By-Pass from Km 182.000 to Km 208.000 of NH-52 on EPC mode in state of Assam under SARDP-NE,NHIDCL,Roads & Highways,Assam,2015-03,2016-12,2019-06,2025-03,599.0,599.0,0.0,0.0,NO_LEGACY_CODE;NO_PMGID
2025-12,FlashReport_December_2025.pdf,07f56e5457c63192ae7b5b4036f975f7eb058a3364a25a87cdc6ce2369082401,81,826,618437,,,"Construction of Balance Work of 4-Laning of NH-37 Section between End of Moran Bypass to Bogibeel junction near Lapetketa Km. 561.700-Km. 580.875 under SARDP- NE, Phase 'A' in the State of Assam on EPC mode Pkg-I Road works & Toll Plaza",NHIDCL,Roads & Highways,Assam,2016-01,2024-09,2025-08,,274.34,274.34,0.0,100.0,NO_LEGACY_CODE;NO_PMGID
2025-12,FlashReport_December_2025.pdf,07f56e5457c63192ae7b5b4036f975f7eb058a3364a25a87cdc6ce2369082401,81,827,618438,,,"4-Laning of NH-37 Section between Demow to End of Moran Bypass From Km. 534.800 to Km. 561.700 including Emergency Landing Facility ELF under SARDP-NE, Phase 'A' in the State of Assam on EPC mode",NHIDCL,Roads & Highways,Assam,2016-01,2023-01,2025-08,2025-01,385.57,385.57,0.0,0.0,NO_LEGACY_CODE;NO_PMGID
2025-12,FlashReport_December_2025.pdf,07f56e5457c63192ae7b5b4036f975f7eb058a3364a25a87cdc6ce2369082401,81,828,618441,,,"Construction of Balance Work of 4-Laning of the Section from Jhanji to Demow of NH- 37 Old from Km 490.800 to Km 501.800 11.000 Km, under SARDP- NE under EPC Mode in the state of Assam Pkg-I Road Works",NHIDCL,Roads & Highways,Assam,2016-01,2024-10,2025-09,,467.79,476.5,72.13,0.0,NO_LEGACY_CODE;NO_PMGID
2025-12,FlashReport_December_2025.pdf,07f56e5457c63192ae7b5b4036f975f7eb058a3364a25a87cdc6ce2369082401,81,829,618455,,,Development of External Trunk Connectivity and Internal Infrastructure Works at Multi Model Logistics ParkMMLP at Jogighopa in the State of Assam on EPC Mode Package-I Road and Utility Works,NHIDCL,Roads & Highways,Assam,2020-02,2020-09,2024-09,2024-10,693.97,693.97,0.0,0.0,NO_LEGACY_CODE;NO_PMGID
2025-12,FlashReport_December_2025.pdf,07f56e5457c63192ae7b5b4036f975f7eb058a3364a25a87cdc6ce2369082401,81,830,618575,,,"6L Standalone Flyovers at Bongaigaon, Chapaguri, Pathsala, Simlaguri chowk and Baihata Bypass Junctions on stretches of NH-31 and NH-27",National Highways Authority of India [NHAI],Roads & Highways,Assam,2022-03,2023-01,2024-07,,457.72,412.15,371.63,100.0,NO_LEGACY_CODE;NO_PMGID
2025-12,FlashReport_December_2025.pdf,07f56e5457c63192ae7b5b4036f975f7eb058a3364a25a87cdc6ce2369082401,81,831,618576,,,"6L Standalone Flyovers at Raha, Demow, Borghat, Kathiatali junctions and ROB at Jagiroad on stretches of NH 36 and NH 27",National Highways Authority of India [NHAI],Roads & Highways,Assam,2022-03,2022-12,2024-06,,280.75,255.53,211.79,99.0,NO_LEGACY_CODE;NO_PMGID
2025-12,FlashReport_December_2025.pdf,07f56e5457c63192ae7b5b4036f975f7eb058a3364a25a87cdc6ce2369082401,81,832,617897,,,Construction of proposed 4Lane Revelgunj bypass NH-19 in the State of Bihar on EPC mode connecting NH 19 to 85 origin,MoRTH,Roads & Highways,Bihar,2022-03,2023-07,2025-07,,295.24,295.24,33.07,73.0,NO_LEGACY_CODE;NO_PMGID
2025-12,FlashReport_December_2025.pdf,07f56e5457c63192ae7b5b4036f975f7eb058a3364a25a87cdc6ce2369082401,81,833,617958,,,Widening & Strenthening from km132.895 to km 190.15 NH-80,MoRTH,Roads & Highways,Bihar,2021-03,2022-11,2024-11,,566.1,566.1,221.6,37.0,NO_LEGACY_CODE;NO_PMGID
2025-12,FlashReport_December_2025.pdf,07f56e5457c63192ae7b5b4036f975f7eb058a3364a25a87cdc6ce2369082401,81,834,617959,,,Rehabilitation & Widening work for 2 Lane with Paved Shoulder of Existing NH-80 from km 70.15 to Km 121.025 of Munger-Suttanganj -BhagatpurMirzachowki section on EPC Mode in the State of Bihar.,MoRTH,Roads & Highways,Bihar,2021-03,2023-02,2025-01,,477.54,477.54,311.39,95.0,NO_LEGACY_CODE;NO_PMGID
2025-12,FlashReport_December_2025.pdf,07f56e5457c63192ae7b5b4036f975f7eb058a3364a25a87cdc6ce2369082401,81,835,617961,,,Gaya-Hisua-Rajgir-Nalanda-Biharsharif section km0.00 to 92.935 NH-82,MoRTH,Roads & Highways,Bihar,2014-01,2016-11,2019-11,2022-07,1408.85,2138.16,0.0,0.0,NO_LEGACY_CODE;NO_PMGID
2025-12,FlashReport_December_2025.pdf,07f56e5457c63192ae7b5b4036f975f7eb058a3364a25a87cdc6ce2369082401,81,836,617966,,,Rehabilitation and Upgrading to 2 lanes/2-lane with paved shoulders configuration and strengthening of of Birpur and Bihpur Section from km 0.0 to Km 106 of NH 106 under phase I of National Highways Interconnectivity Improvement Projects NHIIP ICB No. NHIIP-BR-106-7 [NHIIP-BR-106-7],MoRTH,Roads & Highways,Bihar,2014-01,2016-10,2019-10,2022-06,780.77,961.33,0.0,0.0,NO_LEGACY_CODE;NO_PMGID
2025-12,FlashReport_December_2025.pdf,07f56e5457c63192ae7b5b4036f975f7eb058a3364a25a87cdc6ce2369082401,81,837,617969,,,Construction of 4 Lane ROB and its approaches at the level crossing LC No 29 B of Km 29 Ekangarsarai at NH 110 New NH 33 & Railway Km 32.63 at Fatwa FUT Islampur IPR section in the state of Bihar on EPC mode.,MoRTH,Roads & Highways,Bihar,2023-03,2024-07,2026-07,,201.08,201.08,0.01,32.0,NO_LEGACY_CODE;NO_PMGID
2025-12,FlashReport_December_2025.pdf,07f56e5457c63192ae7b5b4036f975f7eb058a3364a25a87cdc6ce2369082401,81,838,618004,,,Construction of Bhabhua Bypass from Ch. 10800Design Ch. 10800 to Ch. 19860 Design Ch. 18150 and Chand Bypass from Ch. 38060 Design Ch. 36250 to Ch. 40460 Design Ch. 38650 and widening of existing road to 2 - lane with Paved shoulder from Ch. 40460 Design Ch. 38650 to Ch. 46860 Design Ch. 45050 of NH-219 Total length- 16.150 Kmunder EPC mode in the state of Bihar,MoRTH,Roads & Highways,Bihar,2022-02,2025-01,2026-07,,179.86,179.86,0.0,0.0,NO_LEGACY_CODE;NO_PMGID
2025-12,FlashReport_December_2025.pdf,07f56e5457c63192ae7b5b4036f975f7eb058a3364a25a87cdc6ce2369082401,81,839,618005,,,Sheohar-Sitamarhi Section km 40.000 to 79.400 km Lot-I,MoRTH,Roads & Highways,Bihar,2016-02,2016-05,2018-05,2021-06,178.85,278.53,0.0,98.0,NO_LEGACY_CODE;NO_PMGID
2025-12,FlashReport_December_2025.pdf,07f56e5457c63192ae7b5b4036f975f7eb058a3364a25a87cdc6ce2369082401,81,840,618006,,,Sitamarhi-Jaynagar Section km 79.400 to km 156.500 Lot-II,MoRTH,Roads & Highways,Bihar,2016-02,2016-06,2018-12,2021-06,369.77,503.28,0.0,98.0,NO_LEGACY_CODE;NO_PMGID
2025-12,FlashReport_December_2025.pdf,07f56e5457c63192ae7b5b4036f975f7eb058a3364a25a87cdc6ce2369082401,81,841,618007,,,Jaynagar-Narahia Section km 156.500 to km 219.945 Lot-III,MoRTH,Roads & Highways,Bihar,2016-02,2016-05,2018-11,2021-03,553.3,706.39,0.0,99.0,NO_LEGACY_CODE;NO_PMGID
2025-12,FlashReport_December_2025.pdf,07f56e5457c63192ae7b5b4036f975f7eb058a3364a25a87cdc6ce2369082401,81,842,618073,,,Improvement to Two lane with Paved Shoulder from Junction of NH22 near Hajipur to Junction of NH -122 at Bachhwara via Mahnar and Mohiuddin Nagar from Km 0.00 to Km 29.730 of NH 122 B in the State of Bihar.,MoRTH,Roads & Highways,Bihar,2024-02,2024-08,2025-11,,226.16,226.16,0.0,0.0,NO_LEGACY_CODE;NO_PMGID
2025-12,FlashReport_December_2025.pdf,07f56e5457c63192ae7b5b4036f975f7eb058a3364a25a87cdc6ce2369082401,81,843,618074,,,Pre construction activity of NH 122B from km 0 to 72.348 and Improvement to two lane with paved shoulders of NH 122B from km 29.730 to km 72.348 in state of Bihar under EPC mode,MoRTH,Roads & Highways,Bihar,2022-02,2023-05,2024-11,,624.43,624.43,153.21,90.0,NO_LEGACY_CODE;NO_PMGID
2025-12,FlashReport_December_2025.pdf,07f56e5457c63192ae7b5b4036f975f7eb058a3364a25a87cdc6ce2369082401,82,844,618080,,,Improvement to two lane with paved shoulders of BH WB Border Amdabad Manihari section from design Km 0.000 to Km 23.945 of NH 131 A Total length 23.945 Km under EPC mode in the state of Bihar,MoRTH,Roads & Highways,Bihar,2022-01,2024-09,2026-03,,353.27,353.27,0.0,2.0,NO_LEGACY_CODE;NO_PMGID
2025-12,FlashReport_December_2025.pdf,07f56e5457c63192ae7b5b4036f975f7eb058a3364a25a87cdc6ce2369082401,82,845,618121,,,Improvement to two lane with paved shoulders of NH-319A from km 0 to km 45 in state of Bihar under EPC mode,MoRTH,Roads & Highways,Bihar,2022-02,2023-06,2024-12,,427.29,427.29,176.32,0.0,NO_LEGACY_CODE;NO_PMGID
2025-12,FlashReport_December_2025.pdf,07f56e5457c63192ae7b5b4036f975f7eb058a3364a25a87cdc6ce2369082401,82,846,618146,,,Estimate for Improvement to two lane with paved shoulder from Ramnagar to Roseda from km 3.500 to 43.000 of NH 527 E on EPC mode in State of Bihar,MoRTH,Roads & Highways,Bihar,2022-01,2024-10,2026-04,,495.16,495.16,0.0,0.0,NO_LEGACY_CODE;NO_PMGID
2025-12,FlashReport_December_2025.pdf,07f56e5457c63192ae7b5b4036f975f7eb058a3364a25a87cdc6ce2369082401,82,847,618228,,,construction of a new 4 lane Parallel to existing MG Setu with its approaces from km 0.00 to km 14.500 across river Ganga on NH-19 at Patna in the state of Bihar.,MoRTH,Roads & Highways,Bihar,2019-02,2021-03,2024-09,2025-01,2926.42,2926.42,0.0,66.0,NO_LEGACY_CODE;NO_PMGID
2025-12,FlashReport_December_2025.pdf,07f56e5457c63192ae7b5b4036f975f7eb058a3364a25a87cdc6ce2369082401,82,848,618234,,,Construction of a new 4-lane major bridge across river Kosi at Phulaut including Rehabilitation and upgradation of existing Birpur and Bihpur section of NH-106 from km 106.000 to km 136.000 to 2-lane with paved shoulders in the State of Bihar on EPC mode,MoRTH,Roads & Highways,Bihar,2018-09,2021-06,2024-06,2026-03,1478.4,1478.4,753.21,86.0,NO_LEGACY_CODE;NO_PMGID
2025-12,FlashReport_December_2025.pdf,07f56e5457c63192ae7b5b4036f975f7eb058a3364a25a87cdc6ce2369082401,82,849,618246,,,Construction of New 4-Lane Bridge Parallel to existing Vikramashila Setufrom km 8920 to Km 13375including approach road 35m Naugachhia side &53 m Bhagalpur sideacross River Ganga on newly declared NH-131B at Bhagalpur in the State of Bihar,MoRTH,Roads & Highways,Bihar,2020-07,2023-05,2027-05,,1110.23,1110.23,0.0,44.0,NO_LEGACY_CODE;NO_PMGID
2025-12,FlashReport_December_2025.pdf,07f56e5457c63192ae7b5b4036f975f7eb058a3364a25a87cdc6ce2369082401,82,850,618250,,,Construction of 6-Lane Elevated / Extra Dose Cable Bridge on River Ganga parallel to & Western side of Digha-Sonepur Rail cum-Road Bridge of NH 139W in the State of Bihar,MoRTH,Roads & Highways,Bihar,2024-01,2024-05,2027-11,,3064.45,3064.45,0.0,8.0,NO_LEGACY_CODE;NO_PMGID
2025-12,FlashReport_December_2025.pdf,07f56e5457c63192ae7b5b4036f975f7eb058a3364a25a87cdc6ce2369082401,82,851,618569,,,Balance work - WB-10 Gandak Bridge Km 402.00 to Km 440.00 Devanpur - Kotwa,National Highways Authority of India [NHAI],Roads & Highways,Bihar,2021-11,2022-07,2024-01,,210.05,358.3,99.85,63.0,NO_LEGACY_CODE;NO_PMGID
2025-12,FlashReport_December_2025.pdf,07f56e5457c63192ae7b5b4036f975f7eb058a3364a25a87cdc6ce2369082401,82,852,618570,,,4L Elevated Highway and at grade improvements at Gopalganj Town from Km. 384.000 to Km. 386.750 on NH-27,National Highways Authority of India [NHAI],Roads & Highways,Bihar,2021-10,2022-03,2024-08,,325.57,248.92,227.89,96.0,NO_LEGACY_CODE;NO_PMGID
2025-12,FlashReport_December_2025.pdf,07f56e5457c63192ae7b5b4036f975f7eb058a3364a25a87cdc6ce2369082401,82,853,618571,,,Permanent rectification of 3 nos. of black spots in project Highway NH-27 of U.P border - Dewapur - Kotwa section from Km.360.915 to km.440.000 Total Length of 79.085 Km of NH-27& Permanent rectification of 5 nos. of black spots of project Highway NH-27 of Kotwa - Mehsi - Muzaffarpur Section from km.440.000 to km.520.000 Total length 80.00Km,National Highways Authority of India [NHAI],Roads & Highways,Bihar,2022-04,2023-12,2025-12,,227.25,321.23,193.52,68.0,NO_LEGACY_CODE;NO_PMGID
2025-12,FlashReport_December_2025.pdf,07f56e5457c63192ae7b5b4036f975f7eb058a3364a25a87cdc6ce2369082401,82,854,618738,,,6L Bridge and its approaches across River Ganga as Part of Patna Ring Road NH- 131G starting from Km 8.480 near Sherpur to Km 23.000 near Dighwara,National Highways Authority of India [NHAI],Roads & Highways,Bihar,2022-09,2023-09,2027-09,,6291.69,3351.62,421.4,13.0,NO_LEGACY_CODE;NO_PMGID
2025-12,FlashReport_December_2025.pdf,07f56e5457c63192ae7b5b4036f975f7eb058a3364a25a87cdc6ce2369082401,82,855,618739,,,4L Greenfield Alignment of Amas to Shivrampur from 0.000 Km. to 55.002 Km. of NH 119 D Pkg-I,National Highways Authority of India [NHAI],Roads & Highways,Bihar,2022-02,2023-03,2024-11,2025-12,1390.92,1427.43,282.35,33.0,NO_LEGACY_CODE;NO_PMGID
2025-12,FlashReport_December_2025.pdf,07f56e5457c63192ae7b5b4036f975f7eb058a3364a25a87cdc6ce2369082401,82,856,618740,,,4L Greenfield Alignment of Shivrampur to Ramnagar from Km. 55.002 to Km. 109.300 of NH 119 D Pkg-II,National Highways Authority of India [NHAI],Roads & Highways,Bihar,2022-02,2023-07,2025-07,2025-12,1494.31,1546.07,243.51,34.0,NO_LEGACY_CODE;NO_PMGID
2025-12,FlashReport_December_2025.pdf,07f56e5457c63192ae7b5b4036f975f7eb058a3364a25a87cdc6ce2369082401,82,857,618741,,,4L Greenfield Alignment from Kalyanapur to Tal Dashraha of NH-119D Pkg-III,NHAI,Roads & Highways,Bihar,2022-03,2023-02,2025-02,,1857.58,1969.3,345.49,23.0,NO_LEGACY_CODE;NO_PMGID
2025-12,FlashReport_December_2025.pdf,07f56e5457c63192ae7b5b4036f975f7eb058a3364a25a87cdc6ce2369082401,82,858,618774,,,Ara - Mohania Pkg-II,National Highways Authority of India [NHAI],Roads & Highways,Bihar,2020-08,2021-01,2023-07,2025-11,984.63,827.51,798.12,100.0,NO_LEGACY_CODE;NO_PMGID
2025-12,FlashReport_December_2025.pdf,07f56e5457c63192ae7b5b4036f975f7eb058a3364a25a87cdc6ce2369082401,82,859,618779,,,4L of Aurangabad-Paithan,NHAI,Roads & Highways,Bihar,2022-09,2023-01,2024-07,,1505.0,349.96,304.99,78.0,NO_LEGACY_CODE;NO_PMGID
2025-12,FlashReport_December_2025.pdf,07f56e5457c63192ae7b5b4036f975f7eb058a3364a25a87cdc6ce2369082401,82,860,618839,,,Aunta - Simaria including Ganga Bridge,National Highways Authority of India [NHAI],Roads & Highways,Bihar,,2018-08,2022-02,2025-05,1309.47,2107.68,796.99,100.0,NO_LEGACY_CODE;NO_PMGID;DATE_PARSE_FAIL
2025-12,FlashReport_December_2025.pdf,07f56e5457c63192ae7b5b4036f975f7eb058a3364a25a87cdc6ce2369082401,82,861,618840,,,Simaria Km. 206.050 to Khagaria Km. 266.282,National Highways Authority of India [NHAI],Roads & Highways,Bihar,,2016-10,2019-04,2025-03,664.02,891.64,337.23,97.0,NO_LEGACY_CODE;NO_PMGID;DATE_PARSE_FAIL
2025-12,FlashReport_December_2025.pdf,07f56e5457c63192ae7b5b4036f975f7eb058a3364a25a87cdc6ce2369082401,82,862,618841,,,4L Elevated Section and at-grade improvements at Begusarai town Simaria - Khagaria section from Km. 221.047 to Km. 225.302 of NH-31,National Highways Authority of India [NHAI],Roads & Highways,Bihar,2021-10,2022-06,2024-12,2025-12,491.04,348.38,316.67,92.0,NO_LEGACY_CODE;NO_PMGID
2025-12,FlashReport_December_2025.pdf,07f56e5457c63192ae7b5b4036f975f7eb058a3364a25a87cdc6ce2369082401,82,863,618861,,,Bakhtiyarpur-Rajauli Pkg-II from km. 54.405 to km.101.630,National Highways Authority of India [NHAI],Roads & Highways,Bihar,2020-09,2021-04,2023-07,,897.45,1397.47,697.4,91.0,NO_LEGACY_CODE;NO_PMGID
2025-12,FlashReport_December_2025.pdf,07f56e5457c63192ae7b5b4036f975f7eb058a3364a25a87cdc6ce2369082401,82,864,618902,,,Maheshkunt-Saharsa-Purnea Pkg I km 0.00 to km. 90.00 of NH-107,National Highways Authority of India [NHAI],Roads & Highways,Bihar,2017-02,2019-12,2021-12,2025-08,662.44,1311.22,867.61,85.0,NO_LEGACY_CODE;NO_PMGID
2025-12,FlashReport_December_2025.pdf,07f56e5457c63192ae7b5b4036f975f7eb058a3364a25a87cdc6ce2369082401,82,865,618903,,,Maheshkunt -Saharsa-Purnea Pkg II,National Highways Authority of India [NHAI],Roads & Highways,Bihar,,2018-12,2020-12,2025-11,1028.28,1244.09,805.43,89.0,NO_LEGACY_CODE;NO_PMGID;DATE_PARSE_FAIL
2025-12,FlashReport_December_2025.pdf,07f56e5457c63192ae7b5b4036f975f7eb058a3364a25a87cdc6ce2369082401,82,866,618904,,,Chhapra - Hajipur from km. 143.200 to km. 209.200,National Highways Authority of India [NHAI],Roads & Highways,Bihar,,2011-01,2013-07,,2127.86,2171.6,3.78,57.0,NO_LEGACY_CODE;NO_PMGID;DATE_PARSE_FAIL
2025-12,FlashReport_December_2025.pdf,07f56e5457c63192ae7b5b4036f975f7eb058a3364a25a87cdc6ce2369082401,82,867,618915,,,4L of Bal. works of Patna - Gaya -Dobhi Pkg-II from km. 39.00 to km. 83.00 of Old NH- 83,National Highways Authority of India [NHAI],Roads & Highways,Bihar,2019-09,2020-11,2022-11,2025-05,1637.29,777.2,728.91,89.0,NO_LEGACY_CODE;NO_PMGID
2025-12,FlashReport_December_2025.pdf,07f56e5457c63192ae7b5b4036f975f7eb058a3364a25a87cdc6ce2369082401,83,868,618916,,,4L of Bal. works of Patna - Gaya -Dobhi Pkg-III from km. 83.00 to km. 127.217 of Old NH-83,National Highways Authority of India [NHAI],Roads & Highways,Bihar,2019-09,2020-11,2022-11,2025-05,1077.46,799.7,774.78,92.0,NO_LEGACY_CODE;NO_PMGID
2025-12,FlashReport_December_2025.pdf,07f56e5457c63192ae7b5b4036f975f7eb058a3364a25a87cdc6ce2369082401,83,869,618953,,,Umagaon-Saharsa Package-IV Koshi Bridge & approach Road - Bheja-Bakaur,NHAI,Roads & Highways,Bihar,2019-02,2020-02,2023-08,,1199.58,1223.94,837.89,81.0,NO_LEGACY_CODE;NO_PMGID
2025-12,FlashReport_December_2025.pdf,07f56e5457c63192ae7b5b4036f975f7eb058a3364a25a87cdc6ce2369082401,83,870,618955,,,2L PS of Majhauli to Charout section from km. 0.00 to km. 63.655,NHAI,Roads & Highways,Bihar,2018-01,2019-11,2021-11,,638.29,1067.51,125.16,95.0,NO_LEGACY_CODE;NO_PMGID
2025-12,FlashReport_December_2025.pdf,07f56e5457c63192ae7b5b4036f975f7eb058a3364a25a87cdc6ce2369082401,83,871,617919,,,Construction of 4 Nos Grade separtor between km. 281.000 to km. 307.600 km. 286.400 kumhari km. 299.000 Transport Nagar km. 302.000 Power House km. 304.000 Chandra Moura Chowk to km. 305.000 supeia of NH-53 old NH-06 Raipur - Durg 4 Lane on EPC mode in the state of chhattisgarh job NO. NH-53old NH-06 CG- 2017-18-56,MoRTH,Roads & Highways,Chhattisgarh,2018-03,2019-01,2021-01,2021-01,349.03,349.03,0.0,97.0,NO_LEGACY_CODE;NO_PMGID
2025-12,FlashReport_December_2025.pdf,07f56e5457c63192ae7b5b4036f975f7eb058a3364a25a87cdc6ce2369082401,83,872,617973,,,Strengthening and widening of existing 2 lane road to two lane paved shoulder from km 7.750 to 26.542 & km. 32.093 to 45.786 of NH-130 on EPC mode in the state of chhattisgarh.job No. 130-CG-2017-18-348,MoRTH,Roads & Highways,Chhattisgarh,2017-11,2019-05,2020-11,,188.8,188.8,1.06,97.0,NO_LEGACY_CODE;NO_PMGID
2025-12,FlashReport_December_2025.pdf,07f56e5457c63192ae7b5b4036f975f7eb058a3364a25a87cdc6ce2369082401,83,873,618064,,,Up-gradation of NH-930 Sherpar to Kohka from Km.67880 to Km.114860 to 2LPS in Chhattisgarh under EPC mode,MoRTH,Roads & Highways,Chhattisgarh,2020-03,2022-05,2024-05,,278.97,278.97,201.05,0.0,NO_LEGACY_CODE;NO_PMGID
2025-12,FlashReport_December_2025.pdf,07f56e5457c63192ae7b5b4036f975f7eb058a3364a25a87cdc6ce2369082401,83,874,618078,,,Up-gradation of NH-130C Abhanpur to Paund from NH Km. 0000 to KM 40380 to two lane with paved shoulders in the State of Chhattisgarh on EPC mode.,MoRTH,Roads & Highways,Chhattisgarh,2020-12,2022-03,2023-09,,193.16,193.16,56.27,0.0,NO_LEGACY_CODE;NO_PMGID
2025-12,FlashReport_December_2025.pdf,07f56e5457c63192ae7b5b4036f975f7eb058a3364a25a87cdc6ce2369082401,83,875,618589,,,Durg-Raipur Bypass Section Package - 1 from km. 0.00 to km. 44.50 near Tendesara to near Khatti Village,National Highways Authority of India [NHAI],Roads & Highways,Chhattisgarh,2022-06,2023-07,2025-07,,1072.99,1656.73,537.0,60.0,NO_LEGACY_CODE;NO_PMGID
2025-12,FlashReport_December_2025.pdf,07f56e5457c63192ae7b5b4036f975f7eb058a3364a25a87cdc6ce2369082401,83,876,618590,,,Durg-Raipur-Arang Package - 2 from km. 44.50 to km. 92.23 near Khatti Village to near Aurang,National Highways Authority of India [NHAI],Roads & Highways,Chhattisgarh,2022-06,2023-06,2025-05,,1216.23,1561.97,406.66,40.0,NO_LEGACY_CODE;NO_PMGID
2025-12,FlashReport_December_2025.pdf,07f56e5457c63192ae7b5b4036f975f7eb058a3364a25a87cdc6ce2369082401,83,877,618673,,,Development of 6L of Jhanki Sargi Section Road from km 0.000 to km 42.800 of NH- 130CD Pkg-CG-1,National Highways Authority of India [NHAI],Roads & Highways,Chhattisgarh,2021-11,2022-09,2024-09,,1368.19,1129.14,613.02,77.0,NO_LEGACY_CODE;NO_PMGID
2025-12,FlashReport_December_2025.pdf,07f56e5457c63192ae7b5b4036f975f7eb058a3364a25a87cdc6ce2369082401,83,878,618674,,,Development of 6L Sargi Basanwahi Section from km 42.800 to km 99.500 of NH- 130CD Pkg-CG-2,National Highways Authority of India [NHAI],Roads & Highways,Chhattisgarh,2021-12,2023-01,2025-01,2025-09,1470.73,1461.81,694.31,92.0,NO_LEGACY_CODE;NO_PMGID
2025-12,FlashReport_December_2025.pdf,07f56e5457c63192ae7b5b4036f975f7eb058a3364a25a87cdc6ce2369082401,83,879,618675,,,Development of 6L of Basanwahi Marangpuri Section from km 99.500 to km 124.661 of NH-130-CD,National Highways Authority of India [NHAI],Roads & Highways,Chhattisgarh,2022-03,2023-10,2025-10,2026-07,1307.16,1303.63,373.53,53.0,NO_LEGACY_CODE;NO_PMGID
2025-12,FlashReport_December_2025.pdf,07f56e5457c63192ae7b5b4036f975f7eb058a3364a25a87cdc6ce2369082401,83,880,618849,,,Conversion of Partially Excavated Escape Tunnel to Uni-Directional 2L Tunnelincluding construction of cross passages and approach roads on either side of the tunnel from Km 12.732 to Km 14.568 of Kiratpur to Nerchowk Section of NH-21,National Highways Authority of India [NHAI],Roads & Highways,Chhattisgarh,2022-05,2022-09,2024-03,2025-08,444.21,412.88,394.5,100.0,NO_LEGACY_CODE;NO_PMGID
2025-12,FlashReport_December_2025.pdf,07f56e5457c63192ae7b5b4036f975f7eb058a3364a25a87cdc6ce2369082401,83,881,618509,,,Development of 6L UER II [Package - I] NH-1 Near Bakoli till Karala Kanjhawala Road from km. 0.70 to km.15.00,National Highways Authority of India [NHAI],Roads & Highways,Delhi,2020-07,2021-10,2023-10,2025-02,2089.94,2203.45,1794.18,99.0,NO_LEGACY_CODE;NO_PMGID
2025-12,FlashReport_December_2025.pdf,07f56e5457c63192ae7b5b4036f975f7eb058a3364a25a87cdc6ce2369082401,83,882,618578,,,6L Access Controlled Highway from DND Maharani Bagh - Jn. with Jaitpur - Pushta Road of NH-148NA from km. 0.00 to km. 9.00 in NCR,National Highways Authority of India [NHAI],Roads & Highways,Delhi,2020-07,2022-01,2024-07,2025-09,1467.44,2510.34,1349.78,95.0,NO_LEGACY_CODE;NO_PMGID
2025-12,FlashReport_December_2025.pdf,07f56e5457c63192ae7b5b4036f975f7eb058a3364a25a87cdc6ce2369082401,83,883,617942,,,Construction of Six lane Elevated Corridor from Km. 508.000 to Km. 513.150 including approaches on NH-66,MoRTH,Roads & Highways,Goa,2023-04,2024-04,2026-04,2026-02,641.46,641.46,0.0,62.0,NO_LEGACY_CODE;NO_PMGID
2025-12,FlashReport_December_2025.pdf,07f56e5457c63192ae7b5b4036f975f7eb058a3364a25a87cdc6ce2369082401,83,884,617928,,,"Widening 2 lane to 4-lane from KM 92/320 to Km 115/320 Vav Chokdi-Satlasana to to Vrundavan Chokdi, Kheralu on NH-58 in the State of Gujarat.",MoRTH,Roads & Highways,Gujarat,2022-03,2024-03,2026-03,,151.13,171.27,0.0,78.0,NO_LEGACY_CODE;NO_PMGID
2025-12,FlashReport_December_2025.pdf,07f56e5457c63192ae7b5b4036f975f7eb058a3364a25a87cdc6ce2369082401,83,885,617976,,,Work of development and construction of elevated corridorfrom km 38/660 to km 42/690 Iscon junction to start point of approach of sanand flyover of NH-147 in the sate of Gujarat,MoRTH,Roads & Highways,Gujarat,2023-03,2024-06,2026-06,,530.2,530.2,28.67,55.0,NO_LEGACY_CODE;NO_PMGID
2025-12,FlashReport_December_2025.pdf,07f56e5457c63192ae7b5b4036f975f7eb058a3364a25a87cdc6ce2369082401,83,886,618108,,,Up-gradation and strengthening to 2lanePS from Km 95/500 to km 129/775 of Nh 168G Idar-Bhiloda-Samlaji in the state of Gujarat Length 34.275 km,MoRTH,Roads & Highways,Gujarat,2022-09,2023-12,2025-12,,237.28,237.28,0.0,47.0,NO_LEGACY_CODE;NO_PMGID
2025-12,FlashReport_December_2025.pdf,07f56e5457c63192ae7b5b4036f975f7eb058a3364a25a87cdc6ce2369082401,83,887,618459,,,Delhi-Vadodara Greenfield Alignment NH-148N Pkg-26 Ch.696890 to Ch.726390,National Highways Authority of India [NHAI],Roads & Highways,Gujarat,2020-09,2022-12,2024-08,,1555.2,1556.4,941.64,72.0,NO_LEGACY_CODE;NO_PMGID
2025-12,FlashReport_December_2025.pdf,07f56e5457c63192ae7b5b4036f975f7eb058a3364a25a87cdc6ce2369082401,83,888,618460,,,Delhi-Vadodara Greenfield Alignment NH-148N Pkg-28 Ch.756052 to Ch.781282,National Highways Authority of India [NHAI],Roads & Highways,Gujarat,2020-09,2021-11,2023-11,2025-05,1263.38,1266.98,860.42,96.0,NO_LEGACY_CODE;NO_PMGID
2025-12,FlashReport_December_2025.pdf,07f56e5457c63192ae7b5b4036f975f7eb058a3364a25a87cdc6ce2369082401,83,889,618461,,,Delhi-Vadodara Greenfield Alignment NH-148N Pkg-30 Ch 803420 to Ch.824920 [Baletiya Village - Junction near Pratap Nagar Village],National Highways Authority of India [NHAI],Roads & Highways,Gujarat,2019-11,2021-09,2023-09,2024-06,1800.73,1800.73,1090.06,99.0,NO_LEGACY_CODE;NO_PMGID
2025-12,FlashReport_December_2025.pdf,07f56e5457c63192ae7b5b4036f975f7eb058a3364a25a87cdc6ce2369082401,83,890,618462,,,Delhi-Vadodara Greenfield Alignment NH-148N Pkg-31 Ch.824920 to Ch.844382 [Junction near Pratap nagar Village - Junction near Dodka Village],National Highways Authority of India [NHAI],Roads & Highways,Gujarat,2019-11,2021-05,2023-05,,1644.85,1651.14,926.73,95.0,NO_LEGACY_CODE;NO_PMGID
2025-12,FlashReport_December_2025.pdf,07f56e5457c63192ae7b5b4036f975f7eb058a3364a25a87cdc6ce2369082401,84,891,618463,,,Vadodara Mumbai Expressway Kim to Ankleshwar Phase IA - Pkg V,National Highways Authority of India [NHAI],Roads & Highways,Gujarat,2018-02,2019-11,2021-10,2025-04,1324.84,2807.48,1232.22,61.0,NO_LEGACY_CODE;NO_PMGID
2025-12,FlashReport_December_2025.pdf,07f56e5457c63192ae7b5b4036f975f7eb058a3364a25a87cdc6ce2369082401,84,892,618465,,,Vadodara Mumbai Expressway Gandeva to Ena Phase IB - Pkg VII [Km 190.00 to Km 217.500],National Highways Authority of India [NHAI],Roads & Highways,Gujarat,2020-07,2021-11,2023-11,2025-03,1710.3,3392.21,2152.35,52.0,NO_LEGACY_CODE;NO_PMGID
2025-12,FlashReport_December_2025.pdf,07f56e5457c63192ae7b5b4036f975f7eb058a3364a25a87cdc6ce2369082401,84,893,618501,,,Ahmedabad - Dholera Pkg I from km. 0.00 to km. 22.00 [Sardar Patel Ring Road - Sindhrej Village],National Highways Authority of India [NHAI],Roads & Highways,Gujarat,2020-05,2022-01,2024-01,2024-10,1298.0,1421.05,994.98,99.0,NO_LEGACY_CODE;NO_PMGID
2025-12,FlashReport_December_2025.pdf,07f56e5457c63192ae7b5b4036f975f7eb058a3364a25a87cdc6ce2369082401,84,894,618502,,,Ahmedabad - Dholera Pkg II from km. 22.00 to km. 48.52 [Sindhrej Village - Vejallka Village],National Highways Authority of India [NHAI],Roads & Highways,Gujarat,2020-05,2022-01,2024-01,,1415.34,1729.69,982.57,99.0,NO_LEGACY_CODE;NO_PMGID
2025-12,FlashReport_December_2025.pdf,07f56e5457c63192ae7b5b4036f975f7eb058a3364a25a87cdc6ce2369082401,84,895,618503,,,Ahmedabad - Dholera Pkg III from km. 48.52 to km. 71.06 [Vejallka Village - Start of DSIR zone],National Highways Authority of India [NHAI],Roads & Highways,Gujarat,2020-05,2021-07,2023-07,2024-05,1034.04,1155.41,942.31,99.0,NO_LEGACY_CODE;NO_PMGID
2025-12,FlashReport_December_2025.pdf,07f56e5457c63192ae7b5b4036f975f7eb058a3364a25a87cdc6ce2369082401,84,896,618504,,,Ahmedabad - Dholera Pkg IV from km. 71.06 to km. 109.019 [Start of DSIR zone - Adhelai Village],National Highways Authority of India [NHAI],Roads & Highways,Gujarat,2020-05,2021-12,2023-12,2024-10,1181.76,1358.73,1202.2,97.0,NO_LEGACY_CODE;NO_PMGID
2025-12,FlashReport_December_2025.pdf,07f56e5457c63192ae7b5b4036f975f7eb058a3364a25a87cdc6ce2369082401,84,897,618614,,,Sanchore - Santalpur from km 67.000 - km 99.000 of NH-754K AJ-RGBS-Package-3,National Highways Authority of India [NHAI],Roads & Highways,Gujarat,2020-02,2021-08,2023-08,2024-01,752.3,765.25,560.81,99.0,NO_LEGACY_CODE;NO_PMGID
2025-12,FlashReport_December_2025.pdf,07f56e5457c63192ae7b5b4036f975f7eb058a3364a25a87cdc6ce2369082401,84,898,618615,,,Sanchore - Santalpur from km 99.000 - km 130.073 of NH-754K AJ-RGBS-Package-4,National Highways Authority of India [NHAI],Roads & Highways,Gujarat,2020-02,2021-03,2023-03,2024-12,778.15,835.55,663.18,73.0,NO_LEGACY_CODE;NO_PMGID
2025-12,FlashReport_December_2025.pdf,07f56e5457c63192ae7b5b4036f975f7eb058a3364a25a87cdc6ce2369082401,84,899,618787,,,"Upgradation to 4L PS from Bhimasar, Junction of NH-41 to Anjar- Bhuj upto Airport Junction from Km 0.000 to Km 65.478 of NH-341",National Highways Authority of India [NHAI],Roads & Highways,Gujarat,2022-03,2023-01,2025-06,,1373.06,1687.25,728.15,90.0,NO_LEGACY_CODE;NO_PMGID
2025-12,FlashReport_December_2025.pdf,07f56e5457c63192ae7b5b4036f975f7eb058a3364a25a87cdc6ce2369082401,84,900,618833,,,Kodinar - Veraval Package VI from km. 221.610 to km. 263.00 of NH-8E & km. 120.900 to km. 121.150 of NH-8D,National Highways Authority of India [NHAI],Roads & Highways,Gujarat,,2018-02,2020-07,2024-10,894.01,1127.42,439.5,98.0,NO_LEGACY_CODE;NO_PMGID;DATE_PARSE_FAIL
2025-12,FlashReport_December_2025.pdf,07f56e5457c63192ae7b5b4036f975f7eb058a3364a25a87cdc6ce2369082401,84,901,618834,,,4L Kodinar - Veraval Package VI from km. 222.400 to km. 230.00 Kodinar Bypass of NH-8E NH 51 new,National Highways Authority of India [NHAI],Roads & Highways,Gujarat,2022-03,2022-04,2023-09,,162.73,192.01,162.0,100.0,NO_LEGACY_CODE;NO_PMGID
2025-12,FlashReport_December_2025.pdf,07f56e5457c63192ae7b5b4036f975f7eb058a3364a25a87cdc6ce2369082401,84,902,618835,,,4L of Bal Works of Talaja - Mahuva from 54.990 km. to 100.450 km. of Old NH-8E Package-II,National Highways Authority of India [NHAI],Roads & Highways,Gujarat,2020-08,2021-03,2022-09,,698.4,735.51,418.26,100.0,NO_LEGACY_CODE;NO_PMGID
2025-12,FlashReport_December_2025.pdf,07f56e5457c63192ae7b5b4036f975f7eb058a3364a25a87cdc6ce2369082401,84,903,618484,,,Delhi-Amritsar-Katra Expressway Phase-I Pkg-III from Junction with Jind-Panipat road NH-352A near Gangana village to Junction with Jind-Karnal road NH-709A near Alewa village Km 60800 to Km 91400,National Highways Authority of India [NHAI],Roads & Highways,Haryana,2020-12,2021-12,2023-12,2024-05,1606.27,1813.91,631.62,79.0,NO_LEGACY_CODE;NO_PMGID
2025-12,FlashReport_December_2025.pdf,07f56e5457c63192ae7b5b4036f975f7eb058a3364a25a87cdc6ce2369082401,84,904,618485,,,Delhi-Amritsar-Katra Expressway Phase-I Pkg-IV from Junction with Jind-Karnal road NH-709A near Alewa village to Junction with Ambala-Kaithal-Hissar road NH-152 near Kharak Pandwa village Km 91400 to Km 120250,National Highways Authority of India [NHAI],Roads & Highways,Haryana,2021-01,2021-12,2023-12,2024-03,1306.95,1578.66,563.2,76.0,NO_LEGACY_CODE;NO_PMGID
2025-12,FlashReport_December_2025.pdf,07f56e5457c63192ae7b5b4036f975f7eb058a3364a25a87cdc6ce2369082401,84,905,618580,,,Gohana - Sonipat PKG-2,National Highways Authority of India [NHAI],Roads & Highways,Haryana,2019-01,2020-07,2022-07,,1275.31,1957.44,457.89,80.0,NO_LEGACY_CODE;NO_PMGID
2025-12,FlashReport_December_2025.pdf,07f56e5457c63192ae7b5b4036f975f7eb058a3364a25a87cdc6ce2369082401,84,906,618936,,,Jagadhari - Tajewala from Km -0.175 to 32.337 km of NH-344,National Highways Authority of India [NHAI],Roads & Highways,Haryana,2022-03,2023-02,2025-02,2026-03,1269.5,919.43,610.57,53.0,NO_LEGACY_CODE;NO_PMGID
2025-12,FlashReport_December_2025.pdf,07f56e5457c63192ae7b5b4036f975f7eb058a3364a25a87cdc6ce2369082401,84,907,618050,,,Rehabilitation and Upgradation to 2-lane/Intermediate lane configuration of Ashyari- Shri Kyari Section km 50.000 to km 75.000 of NH-707 in the state of Himachal Pradesh under Green National Highways Corridor Project GNHCP with the loan assistance of World Bank on EPC mode.,MoRTH,Roads & Highways,Himachal Pradesh,2020-08,2021-09,2023-09,2024-11,345.89,359.56,146.64,0.0,NO_LEGACY_CODE;NO_PMGID
2025-12,FlashReport_December_2025.pdf,07f56e5457c63192ae7b5b4036f975f7eb058a3364a25a87cdc6ce2369082401,84,908,618051,,,Rehabilitation and Upgrading of NH-707 OLD 72-B Package - 2 Hewna to Ashyari,MoRTH,Roads & Highways,Himachal Pradesh,2020-04,2021-03,2023-03,2023-03,242.8,220.95,74.87,98.0,NO_LEGACY_CODE;NO_PMGID
2025-12,FlashReport_December_2025.pdf,07f56e5457c63192ae7b5b4036f975f7eb058a3364a25a87cdc6ce2369082401,84,909,618216,,,"Improvement/construction of existing CL-5 Road to NH Intermediate lane specification with hard shoulder from Km 133.000 to 166.000 net Length 33.000 kms of NH-505 Sumdo-Kaza-Gramphoo road in the state of Himachal Pradesh on EPC mode under project Deepak, BRO",MoRTH,Roads & Highways,Himachal Pradesh,2021-03,2023-07,2026-06,,230.55,203.15,42.4,0.0,NO_LEGACY_CODE;NO_PMGID
2025-12,FlashReport_December_2025.pdf,07f56e5457c63192ae7b5b4036f975f7eb058a3364a25a87cdc6ce2369082401,84,910,618217,,,Improvement/construction of existing Class-5 Road to NH Intermediate lane specification with hard shoulder from existing Km 76/340 to 134/940 Design chainage from Km 76/300 to 133/000 net Length 56.700 kms of NH-505 Sumdo-Kaza- Gramphoo road in the state of Himachal Pradesh Package I,MoRTH,Roads & Highways,Himachal Pradesh,2021-03,2023-05,2026-05,,314.67,244.15,76.97,0.0,NO_LEGACY_CODE;NO_PMGID
2025-12,FlashReport_December_2025.pdf,07f56e5457c63192ae7b5b4036f975f7eb058a3364a25a87cdc6ce2369082401,84,911,618230,,,Rehabilitation and Upgradation to 2-lane configuration of Kalwahn-Mandi Section km 208.950 to 250.592 of NH-70 in the State of Himachal Pradesh under Green National Highways Corridor Project GNHCP with the loan assistance of World Bank on EPC mode.Package-3,MoRTH,Roads & Highways,Himachal Pradesh,2020-08,2022-10,2025-04,,314.32,314.32,0.0,0.0,NO_LEGACY_CODE;NO_PMGID
2025-12,FlashReport_December_2025.pdf,07f56e5457c63192ae7b5b4036f975f7eb058a3364a25a87cdc6ce2369082401,84,912,618231,,,Rehabilitation and Upgradation to 2-lane configuration of Hamirpur-Karnohal Section km 141.00 to 181.00 of NH-70 in the State of Himachal Pradesh under Green National Highways Corridor Project GNHCP with the loan assistance of World Bank on EPC mode.Package-1,MoRTH,Roads & Highways,Himachal Pradesh,2020-08,2022-06,2024-12,,371.93,371.93,185.24,0.0,NO_LEGACY_CODE;NO_PMGID
2025-12,FlashReport_December_2025.pdf,07f56e5457c63192ae7b5b4036f975f7eb058a3364a25a87cdc6ce2369082401,84,913,618850,,,Nerchowk km 190.000 to Pandoh including Pandoh bypass km221.305,National Highways Authority of India [NHAI],Roads & Highways,Himachal Pradesh,2016-03,2018-01,2020-07,2025-07,1464.12,1651.67,837.27,99.0,NO_LEGACY_CODE;NO_PMGID
2025-12,FlashReport_December_2025.pdf,07f56e5457c63192ae7b5b4036f975f7eb058a3364a25a87cdc6ce2369082401,85,914,618852,,,4L Sundar Nagar Bypass from Km.173.900 to Km.179.600 of NH-21,National Highways Authority of India [NHAI],Roads & Highways,Himachal Pradesh,2022-02,2022-06,2024-06,,191.11,192.11,181.27,100.0,NO_LEGACY_CODE;NO_PMGID
2025-12,FlashReport_December_2025.pdf,07f56e5457c63192ae7b5b4036f975f7eb058a3364a25a87cdc6ce2369082401,85,915,618878,,,Rehabilitation and Upgradation to 4L configuration & Strengthening of Sihuni to Rajol from Km 51.000 to Km 72.000 of NH-154 Package-IIA,National Highways Authority of India [NHAI],Roads & Highways,Himachal Pradesh,2022-03,2023-09,2025-09,,696.65,776.59,288.14,82.0,NO_LEGACY_CODE;NO_PMGID
2025-12,FlashReport_December_2025.pdf,07f56e5457c63192ae7b5b4036f975f7eb058a3364a25a87cdc6ce2369082401,85,916,618888,,,Rehabilitation and Up-gradation of existing road to 2L PS from End of Hamirpur Bypass near Chilbahal to Bhangbar section from Km. 138.295 to Km.175.270 of NH- 88 Pkg-IV,National Highways Authority of India [NHAI],Roads & Highways,Himachal Pradesh,2022-03,2023-04,2025-04,,1146.19,1358.62,270.47,84.0,NO_LEGACY_CODE;NO_PMGID
2025-12,FlashReport_December_2025.pdf,07f56e5457c63192ae7b5b4036f975f7eb058a3364a25a87cdc6ce2369082401,85,917,618889,,,"4L of Bhangbar Near Ranital to Kangra Bypass Section of Old NH-88 New NH- 303,503 up to Intersection with NH-154 from Km 175.270 to Km 193.400 Pkg-VB",National Highways Authority of India [NHAI],Roads & Highways,Himachal Pradesh,2021-03,2022-12,2024-12,,1322.95,1829.49,739.17,96.0,NO_LEGACY_CODE;NO_PMGID
2025-12,FlashReport_December_2025.pdf,07f56e5457c63192ae7b5b4036f975f7eb058a3364a25a87cdc6ce2369082401,85,918,618890,,,2L PS of Hamirpur Bypass from Km 121.175 to Km.138.295 of NH-103&3,National Highways Authority of India [NHAI],Roads & Highways,Himachal Pradesh,2022-08,2023-10,2025-10,,739.39,754.82,231.02,91.0,NO_LEGACY_CODE;NO_PMGID
2025-12,FlashReport_December_2025.pdf,07f56e5457c63192ae7b5b4036f975f7eb058a3364a25a87cdc6ce2369082401,85,919,618921,,,4L of Kathlighat to Shakral Village from Km 128.835 to Km 146.300 of NH- 5 Shimla Bypass - Pkg I,National Highways Authority of India [NHAI],Roads & Highways,Himachal Pradesh,2022-03,2023-04,2026-04,,1703.48,2648.8,752.37,49.0,NO_LEGACY_CODE;NO_PMGID
2025-12,FlashReport_December_2025.pdf,07f56e5457c63192ae7b5b4036f975f7eb058a3364a25a87cdc6ce2369082401,85,920,618394,,,Up-gradation to 2-lane with Paved Shoulder from Km 12.850 to Km20.300 of 7.450Km length on Goha-Khellani section and a link road to Goha village of 2.016 km on NH- 244 in UT of Jammu and Kashmir on EPC Mode Pkg-1,NHIDCL,Roads & Highways,Jammu and Kashmir,2020-07,2020-10,2022-04,2025-06,228.39,225.37,159.56,90.0,NO_LEGACY_CODE;NO_PMGID;MULTILINE_STATE
2025-12,FlashReport_December_2025.pdf,07f56e5457c63192ae7b5b4036f975f7eb058a3364a25a87cdc6ce2369082401,85,921,618395,,,"Construction & Upgradation to 2-lane with paved shoulder from Design Ch. Km 51700 at Premnagar km 66315 to Km 66535 New Thatri at Start of Km 83rd, Tunnel Km 82665 of 14.835 Km design length on Chenani-Sudhmahadev-Goha Khellani- Kishtwar-Vailoo Donipawa-Ashajipora section of NH-244 in the UT of J&K on EPC Mode under NHO-Gen Pkg - 2",NHIDCL,Roads & Highways,Jammu and Kashmir,2021-03,2021-08,2023-03,2025-07,512.43,512.43,0.0,0.0,NO_LEGACY_CODE;NO_PMGID;MULTILINE_STATE
2025-12,FlashReport_December_2025.pdf,07f56e5457c63192ae7b5b4036f975f7eb058a3364a25a87cdc6ce2369082401,85,922,618396,,,Construction & Upgradation to 2 lane with paved shoulder from Design Km. 31.449 Khellani Ex. Km 44.946 to Km 51.700 Prem Nagar Ex. Km 68617 of 20.251 Km length on Khellani - Kishtwar - Chattroo section of NH-244 in the UT of J&K on EPC Mode under NHO-Gen PKG- 1,NHIDCL,Roads & Highways,Jammu and Kashmir,2021-02,2021-03,2021-09,2024-10,486.45,486.45,0.0,0.0,NO_LEGACY_CODE;NO_PMGID;MULTILINE_STATE
2025-12,FlashReport_December_2025.pdf,07f56e5457c63192ae7b5b4036f975f7eb058a3364a25a87cdc6ce2369082401,85,923,618398,,,Up-gradation to 2-lane with Paved Shoulder from Km 20.300 to Km 29.030 of 8.730 Km length on Goha-Khellani section on NH-244 in UT of Jammu and Kashmir on EPC Mode Package II,NHIDCL,Roads & Highways,Jammu and Kashmir,2020-07,2020-10,2022-04,2025-06,210.79,210.79,172.27,94.0,NO_LEGACY_CODE;NO_PMGID;MULTILINE_STATE
2025-12,FlashReport_December_2025.pdf,07f56e5457c63192ae7b5b4036f975f7eb058a3364a25a87cdc6ce2369082401,85,924,618399,,,Construction of Kishtwar bypass with 2 lane with paved shoulder from Design Km. 80.675 Dulhasti to km 95.550 Bandarkoot of 14.88 km & a link road to Kishtwar town from 0000 to 1.871 of length1.871 Km on Khellani - Kishtwar - Chattroo section in UT of Jammu and Kashmir on EPC Mode Pkg-4,NHIDCL,Roads & Highways,Jammu and Kashmir,2021-03,2021-08,2023-08,2024-11,859.67,859.67,0.0,0.0,NO_LEGACY_CODE;NO_PMGID;MULTILINE_STATE
2025-12,FlashReport_December_2025.pdf,07f56e5457c63192ae7b5b4036f975f7eb058a3364a25a87cdc6ce2369082401,85,925,618400,,,Construction & Upgradation to 2-lane with paved shoulder from Design Km 67.805 at the end of Km 83rd Tunnel near Dhrabshalla Ex. Km 83905 to Km 80.675 start of Kishtwar Bypass - Dulhasti Ex. Km 970751 of 12.870 Km length on chenani- Sudhmahadev-Goha Khellani-Kishtwar-vailoo-Donipawa-Ashajipora seition of NH-244 in the UT of J&K on EPC Mode under NHO-Gen Pkg-3,NHIDCL,Roads & Highways,Jammu and Kashmir,2021-03,2021-07,2022-12,2024-10,398.51,398.51,0.0,0.0,NO_LEGACY_CODE;NO_PMGID;MULTILINE_STATE
2025-12,FlashReport_December_2025.pdf,07f56e5457c63192ae7b5b4036f975f7eb058a3364a25a87cdc6ce2369082401,85,926,618406,,,Up-gradation to 4-lane with Paved Shoulder of Jammu-Akhnoor road section of NH- 144A from Ganesh Vihar Km 6.000 to Khati Chowk Km 26.350 in UT of Jammu and Kashmir on EPC basis Pkg-3A,NHIDCL,Roads & Highways,Jammu and Kashmir,2018-03,2019-07,2021-07,2022-05,322.49,322.49,0.0,0.0,NO_LEGACY_CODE;NO_PMGID;MULTILINE_STATE
2025-12,FlashReport_December_2025.pdf,07f56e5457c63192ae7b5b4036f975f7eb058a3364a25a87cdc6ce2369082401,85,927,618407,,,Jammu-Akhnoor Road Pkg-I,NHIDCL,Roads & Highways,Jammu and Kashmir,2018-03,2023-01,2025-01,,245.3,245.3,0.0,0.0,NO_LEGACY_CODE;NO_PMGID;MULTILINE_STATE
2025-12,FlashReport_December_2025.pdf,07f56e5457c63192ae7b5b4036f975f7eb058a3364a25a87cdc6ce2369082401,85,928,618494,,,Delhi-Amritsar-Katra Expressway Phase-II Pkg-XV [Junction with Hiranagar Road near village Gurha Baildaran to Junction with Jammu Ring Road NH-244A near Jakh village from Km 468100 to Km 503250],National Highways Authority of India [NHAI],Roads & Highways,Jammu and Kashmir,2021-10,2022-09,2024-09,2026-02,2714.95,3716.56,1602.61,88.0,NO_LEGACY_CODE;NO_PMGID;MULTILINE_STATE
2025-12,FlashReport_December_2025.pdf,07f56e5457c63192ae7b5b4036f975f7eb058a3364a25a87cdc6ce2369082401,85,929,618495,,,4/6L Access Control Expressway from Design Chainage Km 515.000 to 528.300 Kunjwani to Sidhra Section of NH-44 and from Design Chainage Km 550.900 to Km 566.520 Domel to Katra Section Phase II-Package XVII,National Highways Authority of India [NHAI],Roads & Highways,Jammu and Kashmir,2022-06,2023-06,2025-06,2026-02,2894.74,2894.74,682.85,53.0,NO_LEGACY_CODE;NO_PMGID;MULTILINE_STATE
2025-12,FlashReport_December_2025.pdf,07f56e5457c63192ae7b5b4036f975f7eb058a3364a25a87cdc6ce2369082401,85,930,618496,,,Delhi-Amritsar-Katra Expressway Phase-II Pkg-XVI Existing Jakh Vijaypur-Kunjwani section of NH-44 including spur Connectivity to Jammu Airport NH-144A [Km 503500 to km 514500],National Highways Authority of India [NHAI],Roads & Highways,Jammu and Kashmir,2021-09,2022-09,2024-09,2026-03,1821.72,2522.56,1120.3,92.0,NO_LEGACY_CODE;NO_PMGID;MULTILINE_STATE
2025-12,FlashReport_December_2025.pdf,07f56e5457c63192ae7b5b4036f975f7eb058a3364a25a87cdc6ce2369082401,85,931,618497,,,Delhi Amritsar Katra Expressway Phase-II Pkg XVIII Development and Upgradation of Four lane Access Control Expressway from Design Chainage KM 530.00 to KM 545.300 Sidhra to Domel Section of NH-44,National Highways Authority of India [NHAI],Roads & Highways,Jammu and Kashmir,2022-12,2023-11,2025-11,,975.38,975.38,433.72,51.0,NO_LEGACY_CODE;NO_PMGID;MULTILINE_STATE
2025-12,FlashReport_December_2025.pdf,07f56e5457c63192ae7b5b4036f975f7eb058a3364a25a87cdc6ce2369082401,85,932,618541,,,4L Ring road/bypass around Srinagar city from km 0.000 to km 42.100 Phase-I,National Highways Authority of India [NHAI],Roads & Highways,Jammu and Kashmir,2021-03,2021-08,2024-02,2025-10,2919.96,2604.76,1662.84,83.0,NO_LEGACY_CODE;NO_PMGID;MULTILINE_STATE
2025-12,FlashReport_December_2025.pdf,07f56e5457c63192ae7b5b4036f975f7eb058a3364a25a87cdc6ce2369082401,85,933,618543,,,4L of twin tube tunnel configuration including approaches from Marog to Digdol from Km.154.210 to Km.158.650 North Bound and from Km.155.940 to Km.160.260 South Bound of Ramban to Banihal Pkg-I of Old NH-1A New NH-44,National Highways Authority of India [NHAI],Roads & Highways,Jammu and Kashmir,2021-07,2022-08,2025-08,2026-06,1912.17,1034.3,272.7,21.0,NO_LEGACY_CODE;NO_PMGID;MULTILINE_STATE
2025-12,FlashReport_December_2025.pdf,07f56e5457c63192ae7b5b4036f975f7eb058a3364a25a87cdc6ce2369082401,86,934,618544,,,"4L twin tube tunnel including approaches from Digdol to Khuni Nallah North Bound connecting with existing major bridge on NB and South Bound connecting with Tunnel T4 ,Single tube tunnel of Ramban to Banihal Pkg-II of Old NH-1A New NH-44",National Highways Authority of India [NHAI],Roads & Highways,Jammu and Kashmir,2021-07,2022-02,2024-06,2025-05,1401.87,1020.99,898.96,84.0,NO_LEGACY_CODE;NO_PMGID;MULTILINE_STATE
2025-12,FlashReport_December_2025.pdf,07f56e5457c63192ae7b5b4036f975f7eb058a3364a25a87cdc6ce2369082401,86,935,618545,,,"4L of Km.165.092 to Km.171.855 North Bound and from Km.166.895 to Km.173.638 South Bound, excl. certain reaches of North Bound and South Bound of Ramban to Banihal Pkg-III of Old NH-1A New NH-44",National Highways Authority of India [NHAI],Roads & Highways,Jammu and Kashmir,2021-07,2022-02,2024-08,,614.48,444.76,231.2,35.0,NO_LEGACY_CODE;NO_PMGID;MULTILINE_STATE
2025-12,FlashReport_December_2025.pdf,07f56e5457c63192ae7b5b4036f975f7eb058a3364a25a87cdc6ce2369082401,86,936,618546,,,Construction of Tunnels/Viaducts at identified sliding/slip zones at Km 130.550 to Km.130.750 Km. 131.170 to Km. 131.763 Km. 132.560 to Km. 133.168 Km. 133.590 to Km. 133.743 and Km. 147.877 to Km. 148.715 of Udhampur-Ramban section of NH-44,National Highways Authority of India [NHAI],Roads & Highways,Jammu and Kashmir,2021-09,2022-04,2023-10,2025-06,442.14,533.11,324.74,36.0,NO_LEGACY_CODE;NO_PMGID;MULTILINE_STATE
2025-12,FlashReport_December_2025.pdf,07f56e5457c63192ae7b5b4036f975f7eb058a3364a25a87cdc6ce2369082401,86,937,618547,,,2L NH-1 from km 8.660 to km 33.775 Sumbal to Wayul to 4L dual carriageway NH standard as part of Srinagar Ring Road PhaseII [Design Ch. 41.907 to Ch. 66.609],National Highways Authority of India [NHAI],Roads & Highways,Jammu and Kashmir,2022-11,2023-12,2026-06,,961.0,643.64,355.59,41.0,NO_LEGACY_CODE;NO_PMGID;MULTILINE_STATE
2025-12,FlashReport_December_2025.pdf,07f56e5457c63192ae7b5b4036f975f7eb058a3364a25a87cdc6ce2369082401,86,938,618548,,,Stand-alone Ring road/bypass around Jammu City from Raya Morh km. -0.687 to Jagti km. 57.568,National Highways Authority of India [NHAI],Roads & Highways,Jammu and Kashmir,2017-12,2018-01,2021-01,2023-10,2023.88,2117.63,54.24,99.0,NO_LEGACY_CODE;NO_PMGID;MULTILINE_STATE
2025-12,FlashReport_December_2025.pdf,07f56e5457c63192ae7b5b4036f975f7eb058a3364a25a87cdc6ce2369082401,86,939,618549,,,Construction of twin tube tunnels on Jammu Kashmir Ring Road NH-244A Between Design Ch. 50600 to 51700 and design Ch. 53535 to 55700 on EPC mode under residual NHDP component of Bharatmala Pariyojna,National Highways Authority of India [NHAI],Roads & Highways,Jammu and Kashmir,2022-11,2023-06,2025-06,2026-03,242.65,731.59,637.61,81.0,NO_LEGACY_CODE;NO_PMGID;MULTILINE_STATE
2025-12,FlashReport_December_2025.pdf,07f56e5457c63192ae7b5b4036f975f7eb058a3364a25a87cdc6ce2369082401,86,940,618550,,,Corridor Efficiency Improvement including removal of black spots in Lakhanpur - Samba section of NH-44 from Chainage Km. 16.300 to Km. 74.100,National Highways Authority of India [NHAI],Roads & Highways,Jammu and Kashmir,2022-06,2022-12,2024-06,2025-05,855.74,215.68,176.32,70.0,NO_LEGACY_CODE;NO_PMGID;MULTILINE_STATE
2025-12,FlashReport_December_2025.pdf,07f56e5457c63192ae7b5b4036f975f7eb058a3364a25a87cdc6ce2369082401,86,941,618060,,,Widening and Strengthening of existing paveemnt to two lane with paved shoulders from km 116.00 to km 176.355 of NH-75E in the State of Jharkhand on EPC mode.,MoRTH,Roads & Highways,Jharkhand,2022-01,2023-01,2024-07,,315.21,315.21,129.49,87.0,NO_LEGACY_CODE;NO_PMGID
2025-12,FlashReport_December_2025.pdf,07f56e5457c63192ae7b5b4036f975f7eb058a3364a25a87cdc6ce2369082401,86,942,618084,,,Widening to 2-lane with paved shoulder from km 0.00 to 44.00 Kuru-Ghaghra section of NH-143A including re-construction of culverts and bridges.,MoRTH,Roads & Highways,Jharkhand,2020-02,2021-08,2023-08,2023-11,153.01,133.67,77.0,0.0,NO_LEGACY_CODE;NO_PMGID
2025-12,FlashReport_December_2025.pdf,07f56e5457c63192ae7b5b4036f975f7eb058a3364a25a87cdc6ce2369082401,86,943,618123,,,Widening and Strengthening/Reconstruction to Two Lane with Paved Shoulder/ Two Lane with paved shoulders with service road from km 0000 to km 42250 excluding design Ch. 03220 to 04200 & 28350 to 29060 of NH-320G in the state of Jharkhand under EPC mode,MoRTH,Roads & Highways,Jharkhand,2022-03,2023-08,2025-08,,423.18,423.18,4.11,0.0,NO_LEGACY_CODE;NO_PMGID
2025-12,FlashReport_December_2025.pdf,07f56e5457c63192ae7b5b4036f975f7eb058a3364a25a87cdc6ce2369082401,86,944,618642,,,4L of Palma to Gumla from km. 26.00 to km. 89.170 of NH-23,National Highways Authority of India [NHAI],Roads & Highways,Jharkhand,2020-03,2022-04,2024-03,2024-10,1882.93,1895.75,826.77,98.0,NO_LEGACY_CODE;NO_PMGID
2025-12,FlashReport_December_2025.pdf,07f56e5457c63192ae7b5b4036f975f7eb058a3364a25a87cdc6ce2369082401,86,945,618644,,,4L of Ormanjhi-Gola section from Km 81.450 to Km 53.600 of NH- 320BPKG-II,National Highways Authority of India [NHAI],Roads & Highways,Jharkhand,2022-02,2023-06,2025-06,,1214.93,1462.19,763.1,87.0,NO_LEGACY_CODE;NO_PMGID
2025-12,FlashReport_December_2025.pdf,07f56e5457c63192ae7b5b4036f975f7eb058a3364a25a87cdc6ce2369082401,86,946,618645,,,4L of Gola-BokaroJaina More section from Km 53.600 to Km 21.110 of NH-320PKG-1,National Highways Authority of India [NHAI],Roads & Highways,Jharkhand,2022-02,2023-06,2025-06,2026-01,1007.97,1030.64,366.57,72.0,NO_LEGACY_CODE;NO_PMGID
2025-12,FlashReport_December_2025.pdf,07f56e5457c63192ae7b5b4036f975f7eb058a3364a25a87cdc6ce2369082401,86,947,618829,,,4L from km 196.87 Sankha to km 219.6 Khajuri on NH-75 [Rehla / Garhwa Bypass],National Highways Authority of India [NHAI],Roads & Highways,Jharkhand,2020-09,2021-10,2023-10,,1129.48,1129.48,527.11,93.0,NO_LEGACY_CODE;NO_PMGID
2025-12,FlashReport_December_2025.pdf,07f56e5457c63192ae7b5b4036f975f7eb058a3364a25a87cdc6ce2369082401,86,948,618830,,,4L from Km 147.450 Bhogu to Km 196.870 Sankha on NH-75 Sec-III,National Highways Authority of India [NHAI],Roads & Highways,Jharkhand,2022-10,2023-11,2025-11,,1517.87,1652.09,962.12,76.0,NO_LEGACY_CODE;NO_PMGID
2025-12,FlashReport_December_2025.pdf,07f56e5457c63192ae7b5b4036f975f7eb058a3364a25a87cdc6ce2369082401,86,949,618946,,,4L of Mehgama - Hansdiha from km. 41.900 to km. 93.000 of NH -133A Pkg-II,National Highways Authority of India [NHAI],Roads & Highways,Jharkhand,2022-03,2023-05,2025-05,2026-03,1479.72,1568.18,849.01,98.0,NO_LEGACY_CODE;NO_PMGID
2025-12,FlashReport_December_2025.pdf,07f56e5457c63192ae7b5b4036f975f7eb058a3364a25a87cdc6ce2369082401,86,950,618947,,,4L of NH-80 from km 215.00 to km 260.00 Mirza Chauki to Farkka Pkg-I,National Highways Authority of India [NHAI],Roads & Highways,Jharkhand,2018-03,2021-12,2023-07,2025-06,1504.8,1508.21,643.11,75.0,NO_LEGACY_CODE;NO_PMGID
2025-12,FlashReport_December_2025.pdf,07f56e5457c63192ae7b5b4036f975f7eb058a3364a25a87cdc6ce2369082401,86,951,618949,,,4L of Basukinath- Deoghar Section of NH-114A,National Highways Authority of India [NHAI],Roads & Highways,Jharkhand,2022-09,2023-12,2025-12,,1444.94,1553.76,593.59,76.0,NO_LEGACY_CODE;NO_PMGID
2025-12,FlashReport_December_2025.pdf,07f56e5457c63192ae7b5b4036f975f7eb058a3364a25a87cdc6ce2369082401,86,952,617935,,,"Construction of Elevated corridor from Km. 135.650 to 136.300 on 63, from Km. 249 to Km. 250.050 on old NH-4 and from Km. 192.910 to Km. 193.350 on NH-218 from decongestion of traffic in Ranichennamma circle in Hubli city in the state of Karnataka on EPC basis",MoRTH,Roads & Highways,Karnataka,2020-08,2021-06,2024-06,2025-08,298.0,349.49,141.25,52.0,NO_LEGACY_CODE;NO_PMGID
2025-12,FlashReport_December_2025.pdf,07f56e5457c63192ae7b5b4036f975f7eb058a3364a25a87cdc6ce2369082401,86,953,617954,,,Balance work of Rehabilitation and upgrading to 2lane/2lane with paved shoulder configuration and strengthening from from Km 343.80 to 400.33 of Gowribidanur-Chik Ballapur section in the state of Karnataka Under Annual Plan 2021-22 under EPC Mode.-952,MoRTH,Roads & Highways,Karnataka,2022-03,2023-02,2025-02,,398.48,398.48,179.01,72.0,NO_LEGACY_CODE;NO_PMGID
2025-12,FlashReport_December_2025.pdf,07f56e5457c63192ae7b5b4036f975f7eb058a3364a25a87cdc6ce2369082401,86,954,617955,,,Widening to two lane with paved Shoulders from Km 40.00 to Km 75.00 Existing chainages of Mangalore - Tumkur section of NH-73 in the State of Karnataka on EPC Mode under Annual Plan 2021-22 Job No NH-73-KNT-2021-22-945,MoRTH,Roads & Highways,Karnataka,2022-03,2023-03,2025-03,,718.52,718.52,260.03,72.0,NO_LEGACY_CODE;NO_PMGID
2025-12,FlashReport_December_2025.pdf,07f56e5457c63192ae7b5b4036f975f7eb058a3364a25a87cdc6ce2369082401,86,955,617989,,,Construction of Major Bridge at Km.180.865 across river Krishna on NH 167 Hagari Jadcherla section,MoRTH,Roads & Highways,Karnataka,2019-03,2019-05,2021-11,2024-10,157.32,187.61,92.25,68.0,NO_LEGACY_CODE;NO_PMGID
2025-12,FlashReport_December_2025.pdf,07f56e5457c63192ae7b5b4036f975f7eb058a3364a25a87cdc6ce2369082401,87,956,617998,,,Widening to existing 2 lane with paved Shoulder to 4 Lane with paved shoulder from design Km 153.00 to 168.27 Mala Gate to Karkala of NH -169 on Shimoga - Mangalore section in the state of Karnataka on EPC mode under Annula Plan 2021-22 Job No. NH-169-KNT-2021-22-949,MoRTH,Roads & Highways,Karnataka,2022-03,2023-02,2025-02,,177.94,177.94,94.59,75.0,NO_LEGACY_CODE;NO_PMGID
2025-12,FlashReport_December_2025.pdf,07f56e5457c63192ae7b5b4036f975f7eb058a3364a25a87cdc6ce2369082401,87,957,618000,,,Widening to 2-Lane with Paved Shoulders from Km 116.800 to 149.070Design Changes on Hosadurga - Holalkere Section of NH-173 in the State of Karnataka on EPC mode under Annual Plan 2021-22 Job no. NH-173-KNT-2021-22-946,MoRTH,Roads & Highways,Karnataka,2022-03,2022-08,2024-02,,170.34,147.39,60.21,92.0,NO_LEGACY_CODE;NO_PMGID
2025-12,FlashReport_December_2025.pdf,07f56e5457c63192ae7b5b4036f975f7eb058a3364a25a87cdc6ce2369082401,87,958,618029,,,Widening to 4 lane from Km. 133.00 to 158.04 design Chainage Km. 130.88 to 155.145 Shirur Cross to Gaddankeri of NH-367 in the State of Karnataka on EPC mode. Job No. NH-367-KNT-2021-22-930,MoRTH,Roads & Highways,Karnataka,2022-01,2023-01,2025-01,,350.69,312.06,195.06,78.0,NO_LEGACY_CODE;NO_PMGID
2025-12,FlashReport_December_2025.pdf,07f56e5457c63192ae7b5b4036f975f7eb058a3364a25a87cdc6ce2369082401,87,959,618030,,,Widening to 2 lane with paved shoulder from Km. 103.225 Pattadakal to Km. 133.00 Shirur cross of NH-367 in the state of Karnataka on EPC Mode.Job No. NH-367-KNT- 2021-22-934,MoRTH,Roads & Highways,Karnataka,2022-02,2022-11,2024-05,,264.14,264.14,3.58,0.0,NO_LEGACY_CODE;NO_PMGID
2025-12,FlashReport_December_2025.pdf,07f56e5457c63192ae7b5b4036f975f7eb058a3364a25a87cdc6ce2369082401,87,960,618031,,,Balance work of Construction of Two/Four lane with paved shoulder from Km 422.000 to 523.600 Chitradurga to Shivamogga of NH-13 in the state of Kanataka on EPC mode.,MoRTH,Roads & Highways,Karnataka,2021-01,2021-12,2024-06,,516.96,516.96,333.48,0.0,NO_LEGACY_CODE;NO_PMGID
2025-12,FlashReport_December_2025.pdf,07f56e5457c63192ae7b5b4036f975f7eb058a3364a25a87cdc6ce2369082401,87,961,618087,,,Widening to intermediate/two lane to 2 lane with paved shoulder from Existing chanages Km 112.750 to 142.00 Liingasur to Mudabal cross & from Km. 147.070 to Km. 149.070 Maski city limit of Jewargi Chamrajnagar setion of NH-150A in the state of Karnataka on EPC mode. Job No. NH-150A-KNT-2021-22-951,MoRTH,Roads & Highways,Karnataka,2022-03,2023-01,2024-07,,255.88,255.88,175.75,93.0,NO_LEGACY_CODE;NO_PMGID
2025-12,FlashReport_December_2025.pdf,07f56e5457c63192ae7b5b4036f975f7eb058a3364a25a87cdc6ce2369082401,87,962,618109,,,Widening to 4 lane from Km 51.60 to 76.20 Hebri to Parkala and from Km 85.20 to 88.90 Karavali junction to Malpe of Thirthahalli-Udupi-Malpe Section of NH-169A in the State of Karnataka on EPC Mode under Annual plan 2021-22 Job No. NH-169A- KNT-2021-22-927,MoRTH,Roads & Highways,Karnataka,2022-01,2022-12,2024-12,,355.72,355.72,170.76,76.0,NO_LEGACY_CODE;NO_PMGID
2025-12,FlashReport_December_2025.pdf,07f56e5457c63192ae7b5b4036f975f7eb058a3364a25a87cdc6ce2369082401,87,963,618144,,,Construction of Major Bridge Across Sharavathi Backwaters and approches between Ambargodu and Kalasavalli Near Sigandhur in Sagar Taluk on NH 369E in the State of Karnataka on EPC mode.Job No. NH-369E-KNT-2018-19-895 dated 06.03.2019.,MoRTH,Roads & Highways,Karnataka,2019-03,2019-12,2022-12,,423.15,423.15,0.0,0.0,NO_LEGACY_CODE;NO_PMGID
2025-12,FlashReport_December_2025.pdf,07f56e5457c63192ae7b5b4036f975f7eb058a3364a25a87cdc6ce2369082401,87,964,618517,,,4/6L of Bangalore - Pune Section of bypass connecting Dharwad - Hubli from km. 403.80 to km. 433.20,National Highways Authority of India [NHAI],Roads & Highways,Karnataka,2021-12,2023-03,2025-09,,1135.39,763.36,659.51,76.0,NO_LEGACY_CODE;NO_PMGID
2025-12,FlashReport_December_2025.pdf,07f56e5457c63192ae7b5b4036f975f7eb058a3364a25a87cdc6ce2369082401,87,965,618630,,,6L of MH/KN Border Nimbal Village to KN/TS Border Singnodi Village from Km. 26.000 to Km. 97.000 in Gulbarga of NH-150C Pkg-II,National Highways Authority of India [NHAI],Roads & Highways,Karnataka,2022-02,2022-12,2025-06,2026-05,2355.56,1923.3,696.37,55.0,NO_LEGACY_CODE;NO_PMGID
2025-12,FlashReport_December_2025.pdf,07f56e5457c63192ae7b5b4036f975f7eb058a3364a25a87cdc6ce2369082401,87,966,618702,,,4L of Addahole Near Gundya to Bantwal Cross section Pkg-02 from Design Km 270.270 to Design km 318.55 including flyover at Kalladka Town including approaches from Km. 311.57 to Km. 313.67 of NH-75 Old NH-48,National Highways Authority of India [NHAI],Roads & Highways,Karnataka,2020-12,2021-11,2023-11,2026-04,1660.19,1318.24,1235.46,89.0,NO_LEGACY_CODE;NO_PMGID
2025-12,FlashReport_December_2025.pdf,07f56e5457c63192ae7b5b4036f975f7eb058a3364a25a87cdc6ce2369082401,87,967,618799,,,Belakeri Port to Kumta - Sirsi road from km 0.00 - km 4.265 of Belekeri Port Road Link Rd. and km 4.965 - km 60.00 of SH-69,National Highways Authority of India [NHAI],Roads & Highways,Karnataka,2018-03,2020-12,2022-12,2025-12,456.32,456.79,381.34,79.0,NO_LEGACY_CODE;NO_PMGID
2025-12,FlashReport_December_2025.pdf,07f56e5457c63192ae7b5b4036f975f7eb058a3364a25a87cdc6ce2369082401,87,968,618887,,,4L of Bettadahalli- Shivamogga section from Km.170.415 to km. 226.750 of NH-206 Tumkur- Shivamogga Pkg-IV,National Highways Authority of India [NHAI],Roads & Highways,Karnataka,2019-01,2021-10,2023-10,2024-10,2082.98,2545.11,859.62,80.0,NO_LEGACY_CODE;NO_PMGID
2025-12,FlashReport_December_2025.pdf,07f56e5457c63192ae7b5b4036f975f7eb058a3364a25a87cdc6ce2369082401,87,969,618896,,,4L of Sannur to Bikarnakatte section from Km 691.350 to Km 736.362 of NH-169 Karkala - Mangalore Package-III,National Highways Authority of India [NHAI],Roads & Highways,Karnataka,2021-03,2022-10,2024-10,2026-06,1386.41,2038.71,900.61,60.0,NO_LEGACY_CODE;NO_PMGID
2025-12,FlashReport_December_2025.pdf,07f56e5457c63192ae7b5b4036f975f7eb058a3364a25a87cdc6ce2369082401,87,970,618070,,,Widening to 2 Lanes with paved shoulders from Km.87/000 to 133/720 Nattukal to Thanau Jn. in Palakkad of NH-966 Old NH-213 on EPC mode Basis under NHO Annual Plan 2016-17 in the state of Kerala,MoRTH,Roads & Highways,Kerala,2017-02,2017-08,2019-08,2025-06,294.28,315.63,0.0,98.0,NO_LEGACY_CODE;NO_PMGID
2025-12,FlashReport_December_2025.pdf,07f56e5457c63192ae7b5b4036f975f7eb058a3364a25a87cdc6ce2369082401,87,971,618595,,,6L of Chengala - Neeleshwaram from km. 56.200 to km. 93.468,National Highways Authority of India [NHAI],Roads & Highways,Kerala,2020-06,2021-10,2024-04,,1746.45,2538.06,775.85,79.0,NO_LEGACY_CODE;NO_PMGID
2025-12,FlashReport_December_2025.pdf,07f56e5457c63192ae7b5b4036f975f7eb058a3364a25a87cdc6ce2369082401,87,972,618596,,,6L of Taliparamba to Muzhappilangad from Km 134.650 to Km 170.6 of NH-66,National Highways Authority of India [NHAI],Roads & Highways,Kerala,2020-08,2021-11,2024-05,2025-08,2714.6,3557.65,1006.75,80.0,NO_LEGACY_CODE;NO_PMGID
2025-12,FlashReport_December_2025.pdf,07f56e5457c63192ae7b5b4036f975f7eb058a3364a25a87cdc6ce2369082401,87,973,618597,,,6L of Azhiyur-Vengalam from km. 189.200 to km. 230.400 of NH-66,National Highways Authority of India [NHAI],Roads & Highways,Kerala,2020-10,2021-10,2024-07,,3205.77,3898.46,771.21,57.0,NO_LEGACY_CODE;NO_PMGID
2025-12,FlashReport_December_2025.pdf,07f56e5457c63192ae7b5b4036f975f7eb058a3364a25a87cdc6ce2369082401,87,974,618598,,,6L Minor Bridge Paloli Palam at km. 203.160 & Major Bridge Morad at km. 204.895 and allied works,National Highways Authority of India [NHAI],Roads & Highways,Kerala,2020-03,2020-12,2022-06,2024-02,210.0,216.94,70.89,93.0,NO_LEGACY_CODE;NO_PMGID
2025-12,FlashReport_December_2025.pdf,07f56e5457c63192ae7b5b4036f975f7eb058a3364a25a87cdc6ce2369082401,87,975,618599,,,6L of Ramanatukkara Junction to start of Valanchery bypass section of NH-66,National Highways Authority of India [NHAI],Roads & Highways,Kerala,2021-01,2022-01,2024-07,2025-03,4924.11,4919.46,1668.84,99.0,NO_LEGACY_CODE;NO_PMGID
2025-12,FlashReport_December_2025.pdf,07f56e5457c63192ae7b5b4036f975f7eb058a3364a25a87cdc6ce2369082401,87,976,618600,,,6L of Valanchery bypass to Kappirikkad of NH 66 from km. 298500 to km 335850,National Highways Authority of India [NHAI],Roads & Highways,Kerala,2021-02,2022-01,2024-07,2025-03,4023.94,4023.94,1348.96,98.0,NO_LEGACY_CODE;NO_PMGID
2025-12,FlashReport_December_2025.pdf,07f56e5457c63192ae7b5b4036f975f7eb058a3364a25a87cdc6ce2369082401,87,977,618601,,,6L of Kappirikkad to Thalikulam section from km 335.85 to km 369.015 of NH - 66 old NH-17,National Highways Authority of India [NHAI],Roads & Highways,Kerala,2021-06,2022-09,2025-01,2025-10,4225.59,4225.59,646.6,85.0,NO_LEGACY_CODE;NO_PMGID
2025-12,FlashReport_December_2025.pdf,07f56e5457c63192ae7b5b4036f975f7eb058a3364a25a87cdc6ce2369082401,88,978,618602,,,6L of Thalikulam to Kodugallur section from km 369.015 to km 397.850 of NH - 66 old NH-17,National Highways Authority of India [NHAI],Roads & Highways,Kerala,2021-06,2022-09,2025-02,2025-11,4302.06,4302.06,618.13,80.0,NO_LEGACY_CODE;NO_PMGID
2025-12,FlashReport_December_2025.pdf,07f56e5457c63192ae7b5b4036f975f7eb058a3364a25a87cdc6ce2369082401,88,979,618603,,,6L of Kodugallur to Edapppally section from km 397.750 to km 423.780 of NH - 66 old NH-17,National Highways Authority of India [NHAI],Roads & Highways,Kerala,2021-11,2022-10,2025-04,,3465.82,3606.2,767.36,64.0,NO_LEGACY_CODE;NO_PMGID
2025-12,FlashReport_December_2025.pdf,07f56e5457c63192ae7b5b4036f975f7eb058a3364a25a87cdc6ce2369082401,88,980,618604,,,Aroor-Thuravoor Thekku,National Highways Authority of India [NHAI],Roads & Highways,Kerala,2022-08,2023-02,2026-01,,2429.52,2382.83,1567.88,81.0,NO_LEGACY_CODE;NO_PMGID
2025-12,FlashReport_December_2025.pdf,07f56e5457c63192ae7b5b4036f975f7eb058a3364a25a87cdc6ce2369082401,88,981,618605,,,Thuravoor Thekku-Paravoor,National Highways Authority of India [NHAI],Roads & Highways,Kerala,2021-09,2022-03,2024-09,2026-03,2878.97,2638.67,1880.96,65.0,NO_LEGACY_CODE;NO_PMGID
2025-12,FlashReport_December_2025.pdf,07f56e5457c63192ae7b5b4036f975f7eb058a3364a25a87cdc6ce2369082401,88,982,618606,,,Paravoor-Kottankulangara,National Highways Authority of India [NHAI],Roads & Highways,Kerala,2021-12,2022-08,2025-02,,3273.61,3200.24,1131.86,61.0,NO_LEGACY_CODE;NO_PMGID
2025-12,FlashReport_December_2025.pdf,07f56e5457c63192ae7b5b4036f975f7eb058a3364a25a87cdc6ce2369082401,88,983,618607,,,Kottankulangara- Start of Kollam Bypass,National Highways Authority of India [NHAI],Roads & Highways,Kerala,2021-06,2022-04,2024-10,,2842.14,3680.49,684.52,73.0,NO_LEGACY_CODE;NO_PMGID
2025-12,FlashReport_December_2025.pdf,07f56e5457c63192ae7b5b4036f975f7eb058a3364a25a87cdc6ce2369082401,88,984,618708,,,Widening/Development of Existing NH-85 from Km 0.000 to Km 124.636 section to 2L/LPS section in the state of Kerala on EPC Mode under Bharatmala Pariyojana,National Highways Authority of India [NHAI],Roads & Highways,Kerala,2022-09,2023-06,2025-06,,1187.47,1265.47,545.52,50.0,NO_LEGACY_CODE;NO_PMGID
2025-12,FlashReport_December_2025.pdf,07f56e5457c63192ae7b5b4036f975f7eb058a3364a25a87cdc6ce2369082401,88,985,618408,,,Kargil Zanskar Road,NHIDCL,Roads & Highways,Ladakh,2021-03,2021-07,2023-01,2025-03,398.37,398.37,0.0,0.0,NO_LEGACY_CODE;NO_PMGID
2025-12,FlashReport_December_2025.pdf,07f56e5457c63192ae7b5b4036f975f7eb058a3364a25a87cdc6ce2369082401,88,986,618409,,,Widening & Up-gradation to 2 lane with Paved shoulder of NH-301 Kargil- Zanskar Road from Design km 57.000 Ex. Km. 57.905 to Km 87.000 Ex. Km. 88.2491 of 30.000 Km length Pkg-lll,NHIDCL,Roads & Highways,Ladakh,2021-03,2021-07,2023-01,2025-02,381.01,381.01,0.0,0.0,NO_LEGACY_CODE;NO_PMGID
2025-12,FlashReport_December_2025.pdf,07f56e5457c63192ae7b5b4036f975f7eb058a3364a25a87cdc6ce2369082401,88,987,618410,,,Widening & Up-gradation to 2 lane with paved shoulder of NH-301 Kargil- Zanskar Road from Design Km .30.040 Ex. Km. 30.000 to Design Km 57.000 Ex. Km. 57.905 of 26.960 Km length Pkg-II,NHIDCL,Roads & Highways,Ladakh,2021-03,2021-07,2023-01,2026-12,404.89,404.89,0.0,0.0,NO_LEGACY_CODE;NO_PMGID
2025-12,FlashReport_December_2025.pdf,07f56e5457c63192ae7b5b4036f975f7eb058a3364a25a87cdc6ce2369082401,88,988,617911,,,Rehabilitation and upgradation Umaria to Shahdol section of NH-78 from Existing Km. 68/4 to Km. 142/2 to 2LPS including construction of Birshinghpur and Shahdol Bypass on EPC mode under NHDP-IVA,MoRTH,Roads & Highways,Madhya Pradesh,2015-03,2015-08,2017-07,2023-07,511.83,613.16,0.0,0.0,NO_LEGACY_CODE;NO_PMGID
2025-12,FlashReport_December_2025.pdf,07f56e5457c63192ae7b5b4036f975f7eb058a3364a25a87cdc6ce2369082401,88,989,617915,,,Upgradation of Dindori-Sagartola-kabichabutra MP-CG border section of NH -45 from km 000Design to km 77.00 Design to Two lane with paved shoulder configration along with one time improvement in 04 nos. of bypaased built-up areas in a total length of 9.1 km in the state of Madhya Pradesh on EPC mode.,MoRTH,Roads & Highways,Madhya Pradesh,2022-01,2023-09,2025-09,,329.14,319.09,0.0,0.0,NO_LEGACY_CODE;NO_PMGID
2025-12,FlashReport_December_2025.pdf,07f56e5457c63192ae7b5b4036f975f7eb058a3364a25a87cdc6ce2369082401,88,990,618019,,,Upgradation & widening of Jharkheda- Berasia - Dholkhedi from design km 0000 to km 87900 Design length 87.90km of NH-346 including 3 nos. bypasses of 13.10 Km in the State of Madhya Pradesh under EPC mode.,MoRTH,Roads & Highways,Madhya Pradesh,2022-03,2023-05,2025-05,,365.21,365.21,0.0,0.0,NO_LEGACY_CODE;NO_PMGID
2025-12,FlashReport_December_2025.pdf,07f56e5457c63192ae7b5b4036f975f7eb058a3364a25a87cdc6ce2369082401,88,991,618020,,,"Rehabilitation & Upgradation of KurwaiMungaoliChanderi Road section of NH-346, from Design Chainge 0.000 to 81.300 Km Total length 83.1 km to Two lane with paved shoulder configuration along with One time improvement in 07 nos of bypassed built- up areas in a total length of 22.615 km in the state of Madhya Pradesh on EPC mode.",MoRTH,Roads & Highways,Madhya Pradesh,2022-03,2023-02,2025-02,2025-07,386.49,386.49,160.38,0.0,NO_LEGACY_CODE;NO_PMGID
2025-12,FlashReport_December_2025.pdf,07f56e5457c63192ae7b5b4036f975f7eb058a3364a25a87cdc6ce2369082401,88,992,618045,,,"Construction of Mihona bypass, Lahar bypass, Daboh bypass & Bhander Bypass total length 20.60 km to 2-lane with paved shoulder from on Mihona-Bhander-MP/UP border section of NH 552E in the State of Madhya Pradesh on EPC mode",MoRTH,Roads & Highways,Madhya Pradesh,2022-03,2023-06,2024-12,,179.18,179.18,71.77,67.0,NO_LEGACY_CODE;NO_PMGID
2025-12,FlashReport_December_2025.pdf,07f56e5457c63192ae7b5b4036f975f7eb058a3364a25a87cdc6ce2369082401,88,993,618068,,,"Construction of Kaithi-Padaria Kala bypass, Patna-Tamoli bypass, Jaso bypass and Nagod bypass total length 15.44 Km to 2-lane with paved shoulders flexible pavement on NH-943 in the State of Madhya Pradesh on EPC Mode.",MoRTH,Roads & Highways,Madhya Pradesh,2022-03,2023-10,2025-10,,158.36,158.36,0.0,0.0,NO_LEGACY_CODE;NO_PMGID
2025-12,FlashReport_December_2025.pdf,07f56e5457c63192ae7b5b4036f975f7eb058a3364a25a87cdc6ce2369082401,88,994,618085,,,Upgradation of Nasrullagani-Rehti-Budhni Scction to 2-lane with paved shoulder from Km 0150 to Km 50500 of NH-146B in the state of Madhya Pradesh on EPC mode.,MoRTH,Roads & Highways,Madhya Pradesh,2021-12,2023-04,2024-10,2025-02,305.12,293.74,0.0,0.0,NO_LEGACY_CODE;NO_PMGID
2025-12,FlashReport_December_2025.pdf,07f56e5457c63192ae7b5b4036f975f7eb058a3364a25a87cdc6ce2369082401,88,995,618621,,,Indore - Edlabad Pkg-II [Tejajinagar to Balwara],National Highways Authority of India [NHAI],Roads & Highways,Madhya Pradesh,2022-03,2023-01,2025-01,,1162.8,1530.82,484.47,79.0,NO_LEGACY_CODE;NO_PMGID
2025-12,FlashReport_December_2025.pdf,07f56e5457c63192ae7b5b4036f975f7eb058a3364a25a87cdc6ce2369082401,88,996,618622,,,4L of Indore - Boregaon Pkg-III [Balwara to Dhangaon] from km. 42.260 to km. 82.660 of NH347BG & 753L,National Highways Authority of India [NHAI],Roads & Highways,Madhya Pradesh,2021-01,2022-04,2024-04,2025-05,1001.69,888.81,679.16,87.0,NO_LEGACY_CODE;NO_PMGID
2025-12,FlashReport_December_2025.pdf,07f56e5457c63192ae7b5b4036f975f7eb058a3364a25a87cdc6ce2369082401,88,997,618654,,,4L Greenfield Rudhi to Deshgaon Pkg V of Betul-Khandwa/Deshgaon,National Highways Authority of India [NHAI],Roads & Highways,Madhya Pradesh,2022-11,2023-10,2025-10,2026-03,521.21,469.68,162.85,59.0,NO_LEGACY_CODE;NO_PMGID
2025-12,FlashReport_December_2025.pdf,07f56e5457c63192ae7b5b4036f975f7eb058a3364a25a87cdc6ce2369082401,88,998,618663,,,i 4L Vidisha to Hinotiya from km 0.000 to Km 27.000 Vidisha Mehulwa-Talbehat Pkg- I Section of NH- 346 and ii 4L Vidisha to Morikori from Km 39.000 to 59.476 section of NH-146,National Highways Authority of India [NHAI],Roads & Highways,Madhya Pradesh,2022-09,2023-12,2025-12,2026-05,1003.87,941.12,305.39,70.0,NO_LEGACY_CODE;NO_PMGID
2025-12,FlashReport_December_2025.pdf,07f56e5457c63192ae7b5b4036f975f7eb058a3364a25a87cdc6ce2369082401,88,999,618664,,,Berkhedi to Godpehra on NH-44 Sagar link road,National Highways Authority of India [NHAI],Roads & Highways,Madhya Pradesh,2022-02,2022-11,2024-11,2025-08,524.84,471.31,292.9,0.0,NO_LEGACY_CODE;NO_PMGID
2025-12,FlashReport_December_2025.pdf,07f56e5457c63192ae7b5b4036f975f7eb058a3364a25a87cdc6ce2369082401,88,1000,618665,,,4L of Sagar - Mohari from Km.8 to Km.50 Pkg-I,National Highways Authority of India [NHAI],Roads & Highways,"Madhya Pradesh Project Name (Agency) (Project Code) Indore - Harda Pkg-I [Indore to Raghav Garh from km. 0.25 to km. 26.903] (National Highways Authority of India [NHAI]) (618694) Indore - Harda Pkg-III [Nanasa to Pidgaon Section from km 95.000 to km 142.445] (National Highways Authority of India [NHAI]) (618695) Balance work of 4L of Nauradehi Sanctuary de-scoped stretch of Hiran River to Sindoor River from Km. 66.00 to 130.00 NH-12 New NH-45 (National Highways Authority of India [NHAI]) (618701) 4L of Chandesara to Khedakhajuriya from Km. 0.000 to - 750 & Km 0.000 to km 41.400 of NH-148NG Pkg-I (National Highways Authority of India [NHAI]) (618735) 2L PS of Hinotiya-Mehulwa section of NH-346 from Km. 27.000 to Km 75.700 Vidisha Mehulwa-Talbehat Pkg-II Section of NH- 346 (National Highways Authority of India [NHAI]) (618751) Construction of 4 Lane Flyover at Nagpur RTO Chowk To Nagpur University Campus from Ch 2/250 to 5/100 and 4 lane flyover at wadi/midc junction from km 8/360 to km, 10/300 on NH 53 in state of Maharashtra. (MoRTH) (617917) Construction of New Four Lane Bypass to Parbhani City Parwa to Asola Km 463/265 to Km 481/180 Design Ch. 19220 to Ch. 34434 Length-15.214 Km section of NH-61 on EPC mode in the State of Maharashtra. (MoRTH) (617932) Up-gradation to four lane/ Two lane with paved shoulders configuration of Kalyan - Murbad - Malshej Ghat - Nirmal Road NH- 61 km 15/200 to Km 38/00 and from Km. 58/00 to Km 84/00 Design length 48.58 km of NH-61 on EPC Mode in Thane District in the state of Maharashtra (MoRTH) (617933) Nasratpur to Barasgaon section of NH-61 2L / 4L PS from Km.514/00 to 558/200 (MoRTH) (617934) Kashedi ghat tunnel NH-66 [Bhogaon Khurd - Kashedi section] 4 lanes under NHDP on EPC mode (MoRTH) (617944) Arawali Kante section of NH-17New NH-66 4L PS from Km.241/300 to 281/300 (MoRTH) (617947) Kante - Wakad section of NH-66 4L PS from Km.281/300 to 332/200 (MoRTH) (617948) Kopargaon to Savali Vihir section (MoRTH) (617965) Rehabilitation/ Upgradation of existing Highway to four lane standards in Kurkheda town from km.413257 to km 410775, Two lane in Shankarpur Gurnuli km 42400 to km 43100 section and Reconstruction of Major Bridge at Ch. 448558 Bhuti Nallah and Ch. 411695 Sati River bridge, Minor Bridge at Ch. 411477 and Ch. 405800 Lendhari Bridge of NH 543 Bhamhapuri-wadsa-kurkheda-korchi-Deori-Amgaon road on EPC mode in the State of Maharashtra (MoRTH) (618042) Rehabilitation & Up-gradation of Sabalkhed to Ashti Section from Km 37900 to Km 55100 & Chinchpur to Jamkhed Section from km 70000 to km 72922 of NH-561 to Two lane with Paved shoulder/ Four lane configuration in the State of Maharashtra on EPC Mode Length20.122km. (MoRTH) (618046) Construction of four-lane Concrete Road from Police Headquarter Gondia City to Rawanwadi Village Birsi Airport Junction from design km 0.000 to km 15.781 existing km 39/720 of NH-753 to existing Km 8/400 of NH 543 on sections from Kohmara- Goregaon- Police HeadquarterKaranja - Collector Office Square - Balaghat T Point- Rawanwadi- Rajegaon of NH-753 and NH-543 in Gondia District in the state of Maharashtra. Total Length of the project 15.781 Km. (MoRTH) (618059) Rehabilitation/Upgradation of existing Highway to 2LPS/4 lane of Dhawali to Rajoli from Design Km.149476 to 163476 existing Km.150000 to 164000, Pandhasala to Mohadongri from design Km.170476 to 181476 existing Km.171000 to 182000, Ambeshivni Fata to Bodli from design Km.183476 to 185476 existing Km.184000 to 186000 and Made Tukum to Gadchiroli from design Km.188476 to 189476 existing Km.188000 to 18900 having length 28 km of NH-930 of Dhawali to Gadchroli road in the (MoRTH) (618065) Rehabilitation & Up-gradation of Mudkhed to Nanded section from Km. 372000 to Km 388400 of NH 161A i.e. Nanded-Bhokar-Himayatnagar-Kinwat-Mahur-Arani Road Design chainage from Km 372000 Mudkhed to Km 387650 Nanded of NH 161A Length 15.65 Km to 2/4Lane with paved shoulders configuration in the State of Maharashtra on EPC mode. (MoRTH) (618089) Sarsam - Kothari of NH-161A - 2L PS from Km.33/00 to 90/00 (MoRTH) (618090) Pen to Khopoli 2LPS (MoRTH) (618094) Guhagar - Rampur - 2L-PS - km 0/00 Guhagar to 26/230 Rampur and 40/00 Mirjoli to 53/600 Sati on NH-166E (MoRTH) (618097)",2021-03,2022-04,2024-04,2022-11,790.78,660.38,411.38,75.0,NO_LEGACY_CODE;NO_PMGID;MULTILINE_STATE;ROW_SPANS_PAGE
2025-12,FlashReport_December_2025.pdf,07f56e5457c63192ae7b5b4036f975f7eb058a3364a25a87cdc6ce2369082401,90,1022,618098,,,"Upgradation of exhisting 2 lane flexible pavement to 2 lane paved shoulders rigid pavement from design chainage Km 66.00 to Design Km 82.440 Start of Kolhapur Municipal corporation near Phulewadi to kale, design length 16.440 Km section on Talere Gaganbawada-Kolhapur road NH 166G in the state of Maharashtra on EPC mode",MoRTH,Roads & Highways,Maharashtra,2021-03,2022-11,2024-05,2025-05,167.97,167.97,0.0,83.0,NO_LEGACY_CODE;NO_PMGID
2025-12,FlashReport_December_2025.pdf,07f56e5457c63192ae7b5b4036f975f7eb058a3364a25a87cdc6ce2369082401,90,1023,618133,,,Strengthening and Widening of road Sakoli- Wadsa-Armori-Gadchiroli-Ashti- Allapalli - Sironcha National highway NH 353C in Km 262/00 to 321/00 including 16 minor Bridges and 2 Major Bridge Total length 59 Km section from repanpalli to sironcha in Gadchiroli Dist in the State of Maharashtra.,MoRTH,Roads & Highways,Maharashtra,2021-03,2022-06,2024-05,2025-07,280.57,280.57,0.0,0.0,NO_LEGACY_CODE;NO_PMGID
2025-12,FlashReport_December_2025.pdf,07f56e5457c63192ae7b5b4036f975f7eb058a3364a25a87cdc6ce2369082401,90,1024,618136,,,Upgradatiobn and Rehabilitation of Section of NH 361 F from Parli 00/000 to Gangakhed 30/400 to Two Lanes with paved shoulder / Four lane configurations on EPC mode in the State of Maharashtra.,MoRTH,Roads & Highways,Maharashtra,2021-03,2022-02,2023-09,2024-08,224.44,224.44,0.0,87.0,NO_LEGACY_CODE;NO_PMGID
2025-12,FlashReport_December_2025.pdf,07f56e5457c63192ae7b5b4036f975f7eb058a3364a25a87cdc6ce2369082401,90,1025,618152,,,Mhaswad to Tembhurni section of NH-548C - 2L PS,MoRTH,Roads & Highways,Maharashtra,2017-01,2017-08,2019-07,2019-07,488.6,488.6,0.0,96.0,NO_LEGACY_CODE;NO_PMGID
2025-12,FlashReport_December_2025.pdf,07f56e5457c63192ae7b5b4036f975f7eb058a3364a25a87cdc6ce2369082401,90,1026,618153,,,Satara to Mhaswad,MoRTH,Roads & Highways,Maharashtra,2017-01,2017-08,2019-08,,653.46,653.46,0.0,98.0,NO_LEGACY_CODE;NO_PMGID
2025-12,FlashReport_December_2025.pdf,07f56e5457c63192ae7b5b4036f975f7eb058a3364a25a87cdc6ce2369082401,90,1027,618154,,,"Rehabilitation & upgradation of Jamkhed to Sautada Section of NH548 D from km 195.375 to km 208.774, Length 13.399 Km to 2L PS /4L configuration with rigid pavement in the state of Maharashtra on EPC mode.",MoRTH,Roads & Highways,Maharashtra,2022-03,2023-01,2024-07,,157.62,157.62,0.0,62.0,NO_LEGACY_CODE;NO_PMGID
2025-12,FlashReport_December_2025.pdf,07f56e5457c63192ae7b5b4036f975f7eb058a3364a25a87cdc6ce2369082401,90,1028,618172,,,Paithan - Shirur section 2LPS Km 0.0 to 55.00,MoRTH,Roads & Highways,Maharashtra,2017-03,2017-06,2019-06,2022-03,341.8,341.8,0.0,80.0,NO_LEGACY_CODE;NO_PMGID
2025-12,FlashReport_December_2025.pdf,07f56e5457c63192ae7b5b4036f975f7eb058a3364a25a87cdc6ce2369082401,90,1029,618173,,,Shirur-Kharda section from 55937 km to 114486 km to 2LPS/4L,MoRTH,Roads & Highways,Maharashtra,2017-02,2017-06,2019-06,2022-03,381.77,381.77,0.0,83.0,NO_LEGACY_CODE;NO_PMGID
2025-12,FlashReport_December_2025.pdf,07f56e5457c63192ae7b5b4036f975f7eb058a3364a25a87cdc6ce2369082401,90,1030,618175,,,Rehabilitation and Upgradation of Satana to Mangrul Chandwad Section of NH752 G Design Ch Km 64.000 to Ch Km 101.140 two lane with paved shoulder/four lane configuration in the state of Maharashtra on EPC mode.,MoRTH,Roads & Highways,Maharashtra,2022-03,2023-05,2025-05,,428.8,428.8,0.0,62.0,NO_LEGACY_CODE;NO_PMGID
2025-12,FlashReport_December_2025.pdf,07f56e5457c63192ae7b5b4036f975f7eb058a3364a25a87cdc6ce2369082401,90,1031,618177,,,Pal Phata Phulambri - Khultabad 2LPS,MoRTH,Roads & Highways,Maharashtra,2018-03,2018-06,2019-12,2021-06,227.19,227.19,0.0,99.0,NO_LEGACY_CODE;NO_PMGID
2025-12,FlashReport_December_2025.pdf,07f56e5457c63192ae7b5b4036f975f7eb058a3364a25a87cdc6ce2369082401,90,1032,618180,,,Pune raigarh District Border To Mangaon Ch 69000 to 103775 NH-753F,MoRTH,Roads & Highways,Maharashtra,2018-03,2018-06,2019-12,,223.46,223.46,0.0,89.0,NO_LEGACY_CODE;NO_PMGID
2025-12,FlashReport_December_2025.pdf,07f56e5457c63192ae7b5b4036f975f7eb058a3364a25a87cdc6ce2369082401,90,1033,618181,,,Rehabilitation / Upgradation to 4 Lane with Paved shoulder of Existing Section in Sillod Town with Design Ch. Km54500 to Km 60679 [Length6.179 km] section of NH 753F Aurangabad-Jalgaon road on EPC Mode in the State of Maharashtra,MoRTH,Roads & Highways,Maharashtra,2023-03,2024-01,2025-07,,153.79,153.79,0.0,93.0,NO_LEGACY_CODE;NO_PMGID
2025-12,FlashReport_December_2025.pdf,07f56e5457c63192ae7b5b4036f975f7eb058a3364a25a87cdc6ce2369082401,90,1034,618188,,,Rehabilitation and Up-gradation to 2 lane with paved shoulder configuration of Mahud Sangola road NH 965 G 159400 to 161900and 162400 to 183960 Design Chainage from km. 32/300 to km. 34/800 and km. 35/800 to km. 56/860 Rigid Pavement on EPC mode in the State of Maharashtra.,MoRTH,Roads & Highways,Maharashtra,2023-02,2023-11,2025-05,,253.78,253.78,0.0,99.0,NO_LEGACY_CODE;NO_PMGID
2025-12,FlashReport_December_2025.pdf,07f56e5457c63192ae7b5b4036f975f7eb058a3364a25a87cdc6ce2369082401,90,1035,618198,,,Balance work of Rehabilitation and Up-gradation to 2-lane road with paved shoulders configuration for NH- 965DD from Pacharal-Mandangad-Mhapral-Rajewadi Upto Junction of NH-66 Ch-22700 to 75100 Km and Ambadave connector Birth place of Dr. Babasaheb Ambedkar Ch-0000 to 7325 Km length Km 59.725 in the state of Maharashtra on EPC mode. Balance Work,MoRTH,Roads & Highways,Maharashtra,2018-03,2022-01,2024-01,,388.93,341.69,0.0,81.0,NO_LEGACY_CODE;NO_PMGID
2025-12,FlashReport_December_2025.pdf,07f56e5457c63192ae7b5b4036f975f7eb058a3364a25a87cdc6ce2369082401,90,1036,618199,,,"Rehabilitation, Upgradation & Widening of existing Highway to Rigid Pavement 2 Lane with Paved Shoulder of NH 965DD from Lonand Shirval-Bhor Mandangad-Pchral Section ShindewadiPhata to Varandah Ghat Dist Border from Km 33/550 to 92/550 in the state of Maharashtra on EPC mode.",MoRTH,Roads & Highways,Maharashtra,2023-02,2024-07,2026-07,,723.13,723.13,0.0,34.0,NO_LEGACY_CODE;NO_PMGID
2025-12,FlashReport_December_2025.pdf,07f56e5457c63192ae7b5b4036f975f7eb058a3364a25a87cdc6ce2369082401,90,1037,618468,,,Vadodara Mumbai Expressway Phase II - Pkg XI [Km. 77.000 to Km. 103.400] Ganjad - Talsari,National Highways Authority of India [NHAI],Roads & Highways,Maharashtra,2020-06,2022-05,2024-05,2025-01,1524.71,1913.95,813.07,99.0,NO_LEGACY_CODE;NO_PMGID
2025-12,FlashReport_December_2025.pdf,07f56e5457c63192ae7b5b4036f975f7eb058a3364a25a87cdc6ce2369082401,90,1038,618469,,,Vadodara Mumbai Expressway Phase II - Pkg XIII [Km. 26.582 to Km. 50.700] Shirsad - Masvan,National Highways Authority of India [NHAI],Roads & Highways,Maharashtra,2020-06,2022-02,2024-02,2025-06,3536.9,4679.54,1707.29,87.0,NO_LEGACY_CODE;NO_PMGID
2025-12,FlashReport_December_2025.pdf,07f56e5457c63192ae7b5b4036f975f7eb058a3364a25a87cdc6ce2369082401,90,1039,618470,,,Vadodara Mumbai Expressway Phase II - Pkg XIV [Km. 3.000 to Km. 20.200 of Spur] Shirsad - Akloli,National Highways Authority of India [NHAI],Roads & Highways,Maharashtra,2021-05,2022-11,2024-05,2025-06,2058.79,2324.72,541.49,80.0,NO_LEGACY_CODE;NO_PMGID
2025-12,FlashReport_December_2025.pdf,07f56e5457c63192ae7b5b4036f975f7eb058a3364a25a87cdc6ce2369082401,90,1040,618471,,,Vadodara Mumbai Expressway Phase II - Pkg XV [Km. 20.200 to Km. 43.000 of Spur] Akloli - Amne,National Highways Authority of India [NHAI],Roads & Highways,Maharashtra,2021-05,2022-11,2024-05,2025-11,2610.88,2918.39,571.76,90.0,NO_LEGACY_CODE;NO_PMGID
2025-12,FlashReport_December_2025.pdf,07f56e5457c63192ae7b5b4036f975f7eb058a3364a25a87cdc6ce2369082401,90,1041,618472,,,Vadodara Mumbai Expressway Phase II - Pkg XVI [Km. 43.000 to Km. 69.800 of Spur] Amne - Bhoj,National Highways Authority of India [NHAI],Roads & Highways,Maharashtra,2021-06,2022-11,2024-10,2025-06,4051.8,4315.56,824.37,86.0,NO_LEGACY_CODE;NO_PMGID
2025-12,FlashReport_December_2025.pdf,07f56e5457c63192ae7b5b4036f975f7eb058a3364a25a87cdc6ce2369082401,90,1042,618473,,,Vadodara Mumbai Expressway Phase II - Pkg XVII [Km. 69.800 to Km. 79.783 of Spur] Bhoj - Morbe,National Highways Authority of India [NHAI],Roads & Highways,Maharashtra,2021-09,2023-01,2025-07,,2208.68,2463.02,802.11,84.0,NO_LEGACY_CODE;NO_PMGID
2025-12,FlashReport_December_2025.pdf,07f56e5457c63192ae7b5b4036f975f7eb058a3364a25a87cdc6ce2369082401,91,1043,618512,,,Tunnel at Khambataki Ghat Section and its approaches from existing Km. 771.730 to existing Km. 782.000,National Highways Authority of India [NHAI],Roads & Highways,Maharashtra,2017-11,2019-02,2022-02,2025-08,907.03,816.12,520.53,85.0,NO_LEGACY_CODE;NO_PMGID
2025-12,FlashReport_December_2025.pdf,07f56e5457c63192ae7b5b4036f975f7eb058a3364a25a87cdc6ce2369082401,91,1044,618513,,,6L of Kagal-Satara section from Km 592.500 to Km 658.000 of NH-48 Pkg-I,National Highways Authority of India [NHAI],Roads & Highways,Maharashtra,2021-12,2023-01,2025-01,2026-04,2111.95,1435.46,613.7,49.0,NO_LEGACY_CODE;NO_PMGID
2025-12,FlashReport_December_2025.pdf,07f56e5457c63192ae7b5b4036f975f7eb058a3364a25a87cdc6ce2369082401,91,1045,618514,,,6L of Kagal-Satara section from Km 658.000 to Km 725.000 of NH-48 Pkg-II,National Highways Authority of India [NHAI],Roads & Highways,Maharashtra,2021-12,2022-12,2024-12,,2330.71,317.4,171.02,70.0,NO_LEGACY_CODE;NO_PMGID
2025-12,FlashReport_December_2025.pdf,07f56e5457c63192ae7b5b4036f975f7eb058a3364a25a87cdc6ce2369082401,91,1046,618555,,,"Flyover at Km.544.650 including ROB, Service Roads ,Footpath for RCC drains on urban link to Nagpur -Raipur road Pardi octroi Naka to Itwari",National Highways Authority of India [NHAI],Roads & Highways,Maharashtra,2015-12,2016-03,2019-03,2019-03,1097.81,758.4,25.94,0.0,NO_LEGACY_CODE;NO_PMGID
2025-12,FlashReport_December_2025.pdf,07f56e5457c63192ae7b5b4036f975f7eb058a3364a25a87cdc6ce2369082401,91,1047,618557,,,4L of Indora Chowk to Pachpaoli and Agrasen Chowk - Ashoka Chowk,National Highways Authority of India [NHAI],Roads & Highways,Maharashtra,2023-03,2023-07,2026-06,,1038.84,918.53,551.23,69.0,NO_LEGACY_CODE;NO_PMGID
2025-12,FlashReport_December_2025.pdf,07f56e5457c63192ae7b5b4036f975f7eb058a3364a25a87cdc6ce2369082401,91,1048,618588,,,4L Mitigation Measure structures on CH/MH Border to Wainganga Bridge Section of NH-6 New NH-53,National Highways Authority of India [NHAI],Roads & Highways,Maharashtra,2021-02,2021-11,2023-11,2025-01,540.24,468.92,464.23,70.0,NO_LEGACY_CODE;NO_PMGID
2025-12,FlashReport_December_2025.pdf,07f56e5457c63192ae7b5b4036f975f7eb058a3364a25a87cdc6ce2369082401,91,1049,618594,,,Balance work of 4L Panvel to Indapur section of NH-66 Old NH- 17 from km 0.000 Panvel to km 42.300 Kasu,National Highways Authority of India [NHAI],Roads & Highways,Maharashtra,2022-12,2023-03,2024-10,,329.82,196.87,183.56,43.0,NO_LEGACY_CODE;NO_PMGID
2025-12,FlashReport_December_2025.pdf,07f56e5457c63192ae7b5b4036f975f7eb058a3364a25a87cdc6ce2369082401,91,1050,618693,,,Bodhre - Dhule,National Highways Authority of India [NHAI],Roads & Highways,Maharashtra,2021-02,2022-01,2024-07,,1344.78,1292.7,712.97,78.0,NO_LEGACY_CODE;NO_PMGID
2025-12,FlashReport_December_2025.pdf,07f56e5457c63192ae7b5b4036f975f7eb058a3364a25a87cdc6ce2369082401,91,1051,618836,,,4L of Ratnagiri - Kolhapur section from km 67.140 to km 112.340 of NH-166 Pkg II,National Highways Authority of India [NHAI],Roads & Highways,Maharashtra,2022-02,2023-05,2025-05,,1985.38,1798.0,300.57,62.0,NO_LEGACY_CODE;NO_PMGID
2025-12,FlashReport_December_2025.pdf,07f56e5457c63192ae7b5b4036f975f7eb058a3364a25a87cdc6ce2369082401,91,1052,618837,,,4L of Ratnagiri - Kolhapur section from km 112.340 to km 145.300 of NH-166 PkgIII,National Highways Authority of India [NHAI],Roads & Highways,Maharashtra,2022-02,2023-05,2025-05,2026-05,1939.23,1910.41,389.93,62.0,NO_LEGACY_CODE;NO_PMGID
2025-12,FlashReport_December_2025.pdf,07f56e5457c63192ae7b5b4036f975f7eb058a3364a25a87cdc6ce2369082401,91,1053,618937,,,4L of Nagpur-Katol Section from Km. 13.00 to Km. 62.900 of NH-353J,National Highways Authority of India [NHAI],Roads & Highways,Maharashtra,2021-02,2021-10,2023-10,,1166.96,1432.82,836.13,56.0,NO_LEGACY_CODE;NO_PMGID
2025-12,FlashReport_December_2025.pdf,07f56e5457c63192ae7b5b4036f975f7eb058a3364a25a87cdc6ce2369082401,91,1054,618298,,,Widening/Improvement of existing 2-Lane road to 4-Lane Divided Highway from Sekmai to Nilakuthi section of Imphal-Kohima Road Design Chainage from Km 297700 to Km 308729 of NH-39 New NH-02 in state of Manipur on EPC mode Pkg-5B,NHIDCL,Roads & Highways,Manipur,2021-03,2021-07,2023-01,2025-06,211.7,211.7,209.48,78.0,NO_LEGACY_CODE;NO_PMGID
2025-12,FlashReport_December_2025.pdf,07f56e5457c63192ae7b5b4036f975f7eb058a3364a25a87cdc6ce2369082401,91,1055,618300,,,Improvement/Up-gradation of existing 2-Lane Road to 4-Lane Divided Highway from Taphukuki to Daili section of Imphal-Kohima road NH-02 Design Chainage from Km 262175 to Km 274610 in the state of Manipur on EPC mode Pkg-4A,NHIDCL,Roads & Highways,Manipur,2020-09,2020-10,2022-04,2025-07,379.39,379.39,0.0,78.0,NO_LEGACY_CODE;NO_PMGID
2025-12,FlashReport_December_2025.pdf,07f56e5457c63192ae7b5b4036f975f7eb058a3364a25a87cdc6ce2369082401,91,1056,618302,,,Widening/Improvement to 2-lane with earthen shoulder of Yaingangpokpi - Finch corner road section of NH-202 from Km 16.900 to Km 30.970 of NH-202 in the state of Manipur on EPC mode Package-2,NHIDCL,Roads & Highways,Manipur,2020-03,2020-07,2022-06,2025-12,256.04,256.04,0.0,35.0,NO_LEGACY_CODE;NO_PMGID
2025-12,FlashReport_December_2025.pdf,07f56e5457c63192ae7b5b4036f975f7eb058a3364a25a87cdc6ce2369082401,91,1057,618303,,,Widening/Improvement to 2-lane with earthen shoulder of Yaingangpokpi - Finch corner road section of NH-202 from Km 0.000 to Km 16.900 of NH-202 in the state of Manipur on EPC mode Package-1,NHIDCL,Roads & Highways,Manipur,2020-03,2020-07,2022-06,2025-04,222.77,222.77,0.0,37.0,NO_LEGACY_CODE;NO_PMGID
2025-12,FlashReport_December_2025.pdf,07f56e5457c63192ae7b5b4036f975f7eb058a3364a25a87cdc6ce2369082401,91,1058,618333,,,Widening to 2 lane with Paved shoulder of lmphal to Jiribam section of NH-37 from Design Ch. from km 169570 Near Nungkao vlllage under Tamenglong District to km 205974 near Jiribam Bridge under Jiribam district under NHO-NE PKG-7,NHIDCL,Roads & Highways,Manipur,2023-01,2023-12,2025-12,,760.16,760.16,365.34,75.0,NO_LEGACY_CODE;NO_PMGID
2025-12,FlashReport_December_2025.pdf,07f56e5457c63192ae7b5b4036f975f7eb058a3364a25a87cdc6ce2369082401,91,1059,618334,,,Widening to 2 Lane with Paved shoulder of lmphal to Jiribam section of NH-37 from Design Ch. from km 131.280 to km 169.570 on EPC mode in Manipur under NHO- TSP PKG-6,NHIDCL,Roads & Highways,Manipur,2021-12,2023-02,2025-02,2025-05,504.76,504.76,269.89,0.0,NO_LEGACY_CODE;NO_PMGID
2025-12,FlashReport_December_2025.pdf,07f56e5457c63192ae7b5b4036f975f7eb058a3364a25a87cdc6ce2369082401,91,1060,618335,,,Widening to 2 Lane with Paved shoulder of lmphal to Jiribam section of NH-37 from Design Ch. from Km 101280 Near Khongsang Village to Km 131280 near Puilon Kambiron Village on EPC Mode in Manipur PKG-5,NHIDCL,Roads & Highways,Manipur,2021-12,2022-11,2024-05,2026-02,410.68,410.68,309.93,80.0,NO_LEGACY_CODE;NO_PMGID
2025-12,FlashReport_December_2025.pdf,07f56e5457c63192ae7b5b4036f975f7eb058a3364a25a87cdc6ce2369082401,91,1061,618336,,,Widening to 2 -Lane with Paved shoulder of Imphal to Jiribam section of NH-37 from Design Chainage 66.110 km to 101.280 Km Existing Chainage km 67.496 to km 103.557 on EPC Mode in Manipur PKG-4,NHIDCL,Roads & Highways,Manipur,2021-09,2022-06,2023-12,2025-08,579.63,579.63,355.94,79.0,NO_LEGACY_CODE;NO_PMGID
2025-12,FlashReport_December_2025.pdf,07f56e5457c63192ae7b5b4036f975f7eb058a3364a25a87cdc6ce2369082401,91,1062,618337,,,Widening to 2 -Lane with Paved shoulder of Imphal to Jiribam section of NH-37 from Design Chainage 33.000 km to 66.390 Km Existing Chainage from km 33.395 to km 67.496 on EPC Mode in Manipur PKG-3,NHIDCL,Roads & Highways,Manipur,2021-03,2021-09,2023-03,2025-07,467.0,467.0,552.2,82.0,NO_LEGACY_CODE;NO_PMGID
2025-12,FlashReport_December_2025.pdf,07f56e5457c63192ae7b5b4036f975f7eb058a3364a25a87cdc6ce2369082401,91,1063,618344,,,Widening to 2-lane with Hard shoulder of Churachandpur to Tuivai Section of NH- 102B from Design Chainage 69.875 Km to 121.769 Km in the State of Manipur on EPC mode Package-3,NHIDCL,Roads & Highways,Manipur,2021-03,2021-08,2023-08,2025-04,673.27,673.27,480.59,50.0,NO_LEGACY_CODE;NO_PMGID
2025-12,FlashReport_December_2025.pdf,07f56e5457c63192ae7b5b4036f975f7eb058a3364a25a87cdc6ce2369082401,91,1064,618345,,,Widening to 2-lane with Hard shoulder of Churachandpur to Tuivai Section from Km 48.587 to Km 69.875 in the State of Manipur on EPC mode under NHO Package-2B,NHIDCL,Roads & Highways,Manipur,2020-06,2020-08,2022-08,2023-02,365.53,365.53,168.23,64.0,NO_LEGACY_CODE;NO_PMGID
2025-12,FlashReport_December_2025.pdf,07f56e5457c63192ae7b5b4036f975f7eb058a3364a25a87cdc6ce2369082401,91,1065,618346,,,Widening to 2-lane with Hard shoulder of Churachandpur to Tuivai Section of NH- 102B from km 32.835 to km 48.587 in the State of Manipur on EPC mode under NHO Package-2A,NHIDCL,Roads & Highways,Manipur,2020-04,2020-07,2022-06,2023-02,232.99,232.99,127.15,81.0,NO_LEGACY_CODE;NO_PMGID
2025-12,FlashReport_December_2025.pdf,07f56e5457c63192ae7b5b4036f975f7eb058a3364a25a87cdc6ce2369082401,92,1066,618347,,,Widening to 2-lane with Hard shoulder of Churachandpur to Tuivai Section of NH- 102B from km 13.747 to km 32.835 in the State of Manipur on EPC mode under NHO Package-1B,NHIDCL,Roads & Highways,Manipur,2020-04,2020-07,2022-06,2025-04,241.52,241.52,0.0,45.0,NO_LEGACY_CODE;NO_PMGID
2025-12,FlashReport_December_2025.pdf,07f56e5457c63192ae7b5b4036f975f7eb058a3364a25a87cdc6ce2369082401,92,1067,618355,,,"Construction of of 2 -Lane with paved shoulders road from Tamenglong-Tousem- Lisang-Mahur Road NH-137 starting near Dialong Village from km 10.000 at Dialong to km 31.430 near Old Tamenglong , near Barak River on EPC Mode Package-2",NHIDCL,Roads & Highways,Manipur,2021-07,2021-09,2023-03,2025-12,483.87,483.87,351.99,92.0,NO_LEGACY_CODE;NO_PMGID
2025-12,FlashReport_December_2025.pdf,07f56e5457c63192ae7b5b4036f975f7eb058a3364a25a87cdc6ce2369082401,92,1068,618356,,,Construction of 2 -Lane with paved shoulders road from Tamenglong to Mahur in the state of Manipur from km 31.430 at Old Tamenglong to km 43.480 ending near Phelong on EPC Mode Package-3,NHIDCL,Roads & Highways,Manipur,2021-03,2021-06,2022-12,2025-12,234.08,234.08,0.0,94.0,NO_LEGACY_CODE;NO_PMGID
2025-12,FlashReport_December_2025.pdf,07f56e5457c63192ae7b5b4036f975f7eb058a3364a25a87cdc6ce2369082401,92,1069,618357,,,Construction of 2 -Lane with paved shoulders road from Tamenglong to Mahur NH- 137 in Manipur starting from km 54.180 near Azuram to km 80.630 near Mandeu on EPC Mode Package 5,NHIDCL,Roads & Highways,Manipur,2021-09,2021-11,2023-05,2025-04,477.86,477.86,330.1,84.0,NO_LEGACY_CODE;NO_PMGID
2025-12,FlashReport_December_2025.pdf,07f56e5457c63192ae7b5b4036f975f7eb058a3364a25a87cdc6ce2369082401,92,1070,618358,,,Construction of 2 -Lane with paved shoulders road from Tamenglong to Mahur NH- 137 starting from km 80.630 near Mandeu to km 96.870 near Jiri River on EPC Mode Package-6,NHIDCL,Roads & Highways,Manipur,2021-09,2021-11,2023-05,2027-07,311.18,311.18,223.12,84.0,NO_LEGACY_CODE;NO_PMGID
2025-12,FlashReport_December_2025.pdf,07f56e5457c63192ae7b5b4036f975f7eb058a3364a25a87cdc6ce2369082401,92,1071,618387,,,Construction of 2-laning with Hard shoulder of Ukhrul Tolloi - Tadubi section of NH- 102A from Design Chainage km 9450 to km 50850 in the State of Manipur on EPC mode under NHO-NE Package-2,NHIDCL,Roads & Highways,Manipur,2023-03,2024-03,2026-03,,578.98,578.98,234.11,77.0,NO_LEGACY_CODE;NO_PMGID
2025-12,FlashReport_December_2025.pdf,07f56e5457c63192ae7b5b4036f975f7eb058a3364a25a87cdc6ce2369082401,92,1072,618388,,,Construction of 2-laning with Hard shoulder road of Ukhrul - Tolloi - Tadubi section of NH-102A from Design Chainage 50.850 km to 81.870 km in the State of Manipur on EPC mode under NHO-TSP Package -3,NHIDCL,Roads & Highways,Manipur,2021-09,2023-07,2025-01,2025-03,315.56,315.56,227.97,90.0,NO_LEGACY_CODE;NO_PMGID
2025-12,FlashReport_December_2025.pdf,07f56e5457c63192ae7b5b4036f975f7eb058a3364a25a87cdc6ce2369082401,92,1073,618389,,,Construction of 2-laning with Hard shoulder road of Ukhrul - Tolloi - Tadubi section of NH-102A from Design Chainage 81.870 km to 105.825 km in the State of Manipur on EPC mode under NHO-TSP Package -4,NHIDCL,Roads & Highways,Manipur,2021-09,2022-08,2024-02,2025-10,310.76,310.76,247.0,96.0,NO_LEGACY_CODE;NO_PMGID
2025-12,FlashReport_December_2025.pdf,07f56e5457c63192ae7b5b4036f975f7eb058a3364a25a87cdc6ce2369082401,92,1074,618415,,,"Improvement of existing road to 2 laning with Hard Shoulders of Maram-Peren section Package-1B, length- 17.660 km from Design Chainage 22.340 km to 40.000 km on NH-129A in the State of Manipur on EPC mode",NHIDCL,Roads & Highways,Manipur,2021-02,2021-06,2022-12,2023-08,188.36,188.36,0.0,99.0,NO_LEGACY_CODE;NO_PMGID
2025-12,FlashReport_December_2025.pdf,07f56e5457c63192ae7b5b4036f975f7eb058a3364a25a87cdc6ce2369082401,92,1075,618416,,,"Improvement of existing road to 2 laning with Hard Shoulders of Maram -Peren section Package-1A, length- 22.340Km from Design Chainage 0.000 km to 22.340 km on NH-129A in the State of Manipur on EPC mode",NHIDCL,Roads & Highways,Manipur,2021-02,2021-06,2022-12,2023-02,226.32,226.32,0.0,0.0,NO_LEGACY_CODE;NO_PMGID
2025-12,FlashReport_December_2025.pdf,07f56e5457c63192ae7b5b4036f975f7eb058a3364a25a87cdc6ce2369082401,92,1076,617885,,,Rehabilitation and Up-gradation of Nongstoin Wahkaji section of Project Road Km 0000 to Km 43060 to Intermediate Lane with earthern shoulder under SARDP-NE Phase-A in the State of Meghalaya on EPC mode. Job No- SARDP-NE/Nong-Don- Maw/MG/2020-21/294,MoRTH,Roads & Highways,Meghalaya,2020-08,2022-02,2023-08,2024-07,302.88,302.88,182.58,98.0,NO_LEGACY_CODE;NO_PMGID
2025-12,FlashReport_December_2025.pdf,07f56e5457c63192ae7b5b4036f975f7eb058a3364a25a87cdc6ce2369082401,92,1077,618374,,,Improvement/Widening to 2-L with Paved Shoulder/ 4-Laning of NH-40 section from Km 151330 to Km 163400 design Km 63.530 to Km 71.520 including Dawki Bridge of length 368 m between Shillong-Dawki under JICA ODA Loan assistance Phase-II Pkg- 5 -Balance work,NHIDCL,Roads & Highways,Meghalaya,2020-07,2024-05,2026-11,2027-11,284.21,284.21,0.0,32.0,NO_LEGACY_CODE;NO_PMGID
2025-12,FlashReport_December_2025.pdf,07f56e5457c63192ae7b5b4036f975f7eb058a3364a25a87cdc6ce2369082401,92,1078,618375,,,Improvement/Widening to 2-Lane with Paved Shoulder from design Km 45.760 to Km 63.530 between Shillong-Dawki under JICA ODA Loan assistance Phase-II -Balance work Pkg-4,NHIDCL,Roads & Highways,Meghalaya,2020-07,2024-04,2026-04,2026-07,445.51,445.51,0.0,37.0,NO_LEGACY_CODE;NO_PMGID
2025-12,FlashReport_December_2025.pdf,07f56e5457c63192ae7b5b4036f975f7eb058a3364a25a87cdc6ce2369082401,92,1079,618376,,,Improvement/Widening to 2-Lane with Paved Shoulder between Shillong-Dawki road up to Bangladesh Border from design Km 10.670 to Km 37.550 under JICA ODA Loan assistance Phase-II -Balance Work-Pkg-2,NHIDCL,Roads & Highways,Meghalaya,2020-07,2024-02,2026-08,2026-07,525.67,525.67,0.0,41.0,NO_LEGACY_CODE;NO_PMGID
2025-12,FlashReport_December_2025.pdf,07f56e5457c63192ae7b5b4036f975f7eb058a3364a25a87cdc6ce2369082401,92,1080,618377,,,Improvement/Widening to 2-L with Paved Shoulder/4-L from Km 81740 to Km 93490 design Km 0000 to Km 10670 of NH-40 New NH-106 & 206 section & 4-L from design Km 0.00 to Km 0.930 of NH-44 section between Shillong-Dawki under JICA ODA Loan assistance Phase-II -Balance Work Pkg-1,NHIDCL,Roads & Highways,Meghalaya,2020-07,2023-10,2025-10,,351.12,351.12,0.0,78.0,NO_LEGACY_CODE;NO_PMGID
2025-12,FlashReport_December_2025.pdf,07f56e5457c63192ae7b5b4036f975f7eb058a3364a25a87cdc6ce2369082401,92,1081,618418,,,Rehabilitation and up gradation of Nongstoin-Rambrai-Kyrshai road up to Meghalaya- Assam border from Km 0.335 to km 34.039 to 2-Lane under NHO - NE in the State of Meghalaya Package-1,NHIDCL,Roads & Highways,Meghalaya,2021-09,2022-05,2024-05,2025-06,359.86,359.86,0.0,69.0,NO_LEGACY_CODE;NO_PMGID
2025-12,FlashReport_December_2025.pdf,07f56e5457c63192ae7b5b4036f975f7eb058a3364a25a87cdc6ce2369082401,92,1082,618419,,,"Construction of 2-Lane with paved shoulders of Shillong Western Bypass starting from NH-06 near Ladumsaw existing Km 60.900 of old NH40 to NH106 old NH 44E Package-III, from km 24700 to km 38256 under SARDP-NE PHASE A in the state of Meghalaya on EPC Mode Greenfield alignment",NHIDCL,Roads & Highways,Meghalaya,2023-03,2024-09,2026-09,,562.48,562.48,0.0,33.0,NO_LEGACY_CODE;NO_PMGID
2025-12,FlashReport_December_2025.pdf,07f56e5457c63192ae7b5b4036f975f7eb058a3364a25a87cdc6ce2369082401,92,1083,618420,,,"Construction of 2 lane with paved shoulder of Shillong Western Bypass starting from NH-06 near Ladumsaw existing km 60.900 of old NH-40 to NH-106 old NH-44E, Package-II km 12800 to km 24700 under SARDP-NE Phase A in the State of Meghalaya on EPC Mode",NHIDCL,Roads & Highways,Meghalaya,2023-03,2024-09,2026-09,,686.03,686.03,0.0,0.0,NO_LEGACY_CODE;NO_PMGID
2025-12,FlashReport_December_2025.pdf,07f56e5457c63192ae7b5b4036f975f7eb058a3364a25a87cdc6ce2369082401,93,1084,618421,,,"Construction of 2-Lane with paved shoulder of Shillong Western Bypass starting from NH-06 near Ladumsaw Existing km 60.900 of old NH-40 to NH106 old NH-44E, km 0000 to km 12800 Package-I under SARDP-NE PHASE A in the State of Meghalaya on EPC Mode Greenfield alignment",NHIDCL,Roads & Highways,Meghalaya,2023-03,2024-09,2026-09,,620.3,620.3,0.0,46.0,NO_LEGACY_CODE;NO_PMGID
2025-12,FlashReport_December_2025.pdf,07f56e5457c63192ae7b5b4036f975f7eb058a3364a25a87cdc6ce2369082401,93,1085,618341,,,Up-gradation to 2-lane with paved shoulders of Ngopa - Pawlrang section of NH 102B of Aizawl - Imphal Economic Corridor from Existing Chainage km 32.796 to km 72.030 [Design Chainage km 31.280 to km 68.170] in the State of Mizoram under Bharatmala Pariyojna on EPC mode under NHO-NE Package-2 Keifang- Tuivai Pkg-2,NHIDCL,Roads & Highways,Mizoram,2021-09,2023-09,2025-02,2026-06,523.78,523.78,0.0,64.0,NO_LEGACY_CODE;NO_PMGID
2025-12,FlashReport_December_2025.pdf,07f56e5457c63192ae7b5b4036f975f7eb058a3364a25a87cdc6ce2369082401,93,1086,618342,,,Rehabilitation and upgradation to 2 Lane with Paved shoulder of Economic corridor of NH-6 from Design chaiange Km 0.000 to Km 13.510 Package-1 in the state of Mizoram under Bharatmala Pariyojana on EPC mode,NHIDCL,Roads & Highways,Mizoram,2020-03,2020-07,2022-06,2024-06,206.9,206.9,0.0,0.0,NO_LEGACY_CODE;NO_PMGID
2025-12,FlashReport_December_2025.pdf,07f56e5457c63192ae7b5b4036f975f7eb058a3364a25a87cdc6ce2369082401,93,1087,618343,,,"Rehabilitation and Up gradation to 2-lane with paved shoulder of Keifang Section Economic Corridor of NH-06 from Existing Chainage Km 30050 Keifang to Km 50360 Keifang, Design Chainage Km 27400 to Km 45040 PkgIII in the State of Mizoram under Bharatmala Pariyojna on EPC Mode Seling-Dulte - III",NHIDCL,Roads & Highways,Mizoram,2020-03,2020-07,2022-06,2024-12,292.23,292.23,0.0,0.0,NO_LEGACY_CODE;NO_PMGID
2025-12,FlashReport_December_2025.pdf,07f56e5457c63192ae7b5b4036f975f7eb058a3364a25a87cdc6ce2369082401,93,1088,618362,,,Construction of 2-laning with hard shoulder of Lunglei to Chhumkhum from Design Chainage Km 0.000 to Km 37.420 of NH-302 [Lunglei-Tlabung] Package-A,NHIDCL,Roads & Highways,Mizoram,2021-03,2021-06,2022-12,2025-05,698.45,698.45,0.0,0.0,NO_LEGACY_CODE;NO_PMGID
2025-12,FlashReport_December_2025.pdf,07f56e5457c63192ae7b5b4036f975f7eb058a3364a25a87cdc6ce2369082401,93,1089,618363,,,Construction of 2-laning with hard shoulder configuration of Chhumkhum to Tlabung from Design Chainage Km 37.420 to Km 74.950 of NH-302 in Mizoram under Bharatmala Pariyojana on EPC mode [Pkg-B],NHIDCL,Roads & Highways,Mizoram,2021-06,2021-07,2023-01,2025-05,740.58,740.58,0.0,0.0,NO_LEGACY_CODE;NO_PMGID
2025-12,FlashReport_December_2025.pdf,07f56e5457c63192ae7b5b4036f975f7eb058a3364a25a87cdc6ce2369082401,93,1090,618379,,,Widening and Up-gradation to 2- Lane with Paved Shoulder Configuration and geometric improvement from Km. 208. 000 to Km 250.000 Package-5 on Aizawl Tuipang Section of NH-54 in the State of Mizoram Package-5,NHIDCL,Roads & Highways,Mizoram,2019-09,2019-10,2023-04,,752.89,752.89,125.62,95.0,NO_LEGACY_CODE;NO_PMGID
2025-12,FlashReport_December_2025.pdf,07f56e5457c63192ae7b5b4036f975f7eb058a3364a25a87cdc6ce2369082401,93,1091,618380,,,Widening and Up-gradation to 2- Lane with Paved Shoulder Configuration and geometric improvement from Km. 125. 000 to Km 166 Package-3 on Aizawl Tuipang Section of NH-54 in the State of Mizoram Package-3,NHIDCL,Roads & Highways,Mizoram,2019-09,2019-10,2023-04,2024-11,867.09,867.09,0.0,0.0,NO_LEGACY_CODE;NO_PMGID
2025-12,FlashReport_December_2025.pdf,07f56e5457c63192ae7b5b4036f975f7eb058a3364a25a87cdc6ce2369082401,93,1092,618381,,,Widening and up-gradation to 2-lane with paved shoulder configuration and geometric improvements from km 250.00 Lunglei to km 298.00 on Aizawl-Tuipang section under JICA ODA Loan assistance Phase-I Package-6,NHIDCL,Roads & Highways,Mizoram,2019-09,2019-12,2023-06,2025-03,768.76,768.76,168.78,98.0,NO_LEGACY_CODE;NO_PMGID
2025-12,FlashReport_December_2025.pdf,07f56e5457c63192ae7b5b4036f975f7eb058a3364a25a87cdc6ce2369082401,93,1093,618382,,,Widening and up-gradation to 2-lane with paved shoulder configuration and geometric improvements from km 298.00 to km 339.00 on Aizawl-Tuipang section under JICA ODA Loan assistance Phase-I Package-7,NHIDCL,Roads & Highways,Mizoram,2019-09,2020-10,2024-04,2025-03,605.76,750.32,0.01,100.0,NO_LEGACY_CODE;NO_PMGID
2025-12,FlashReport_December_2025.pdf,07f56e5457c63192ae7b5b4036f975f7eb058a3364a25a87cdc6ce2369082401,93,1094,618383,,,Widening and up-gradation to 2-lane with paved shoulder configuration and geometric improvements from km 339.00 to km 380.00 Siaha on Aizawl-Tuipang section under JICA ODA Loan assistance Phase-I Package-8,NHIDCL,Roads & Highways,Mizoram,2019-09,2020-03,2023-09,2025-05,637.06,637.06,101.89,99.0,NO_LEGACY_CODE;NO_PMGID
2025-12,FlashReport_December_2025.pdf,07f56e5457c63192ae7b5b4036f975f7eb058a3364a25a87cdc6ce2369082401,93,1095,618384,,,Widening and Up-gradation to 2- Lane with Paved Shoulder Configuration and geometric improvement from Km. 166. 000 to Km 208.000 Package-4 on Aizawl Tuipang Section of NH-54 in the State of Mizoram Package-4,NHIDCL,Roads & Highways,Mizoram,2019-09,2019-10,2023-04,2024-09,899.45,899.45,191.59,99.0,NO_LEGACY_CODE;NO_PMGID
2025-12,FlashReport_December_2025.pdf,07f56e5457c63192ae7b5b4036f975f7eb058a3364a25a87cdc6ce2369082401,93,1096,618681,,,6L Aluru - Jakkuva Section of NH-130CD Road from km 365.033 to km 396.800 Pkg. 1,National Highways Authority of India [NHAI],Roads & Highways,"Multi-States (Andhra Pradesh, Odisha)",2021-02,2022-03,2024-03,2025-04,1216.12,1241.66,627.48,90.0,NO_LEGACY_CODE;NO_PMGID;MULTILINE_STATE
2025-12,FlashReport_December_2025.pdf,07f56e5457c63192ae7b5b4036f975f7eb058a3364a25a87cdc6ce2369082401,93,1097,618477,,,Bangalore Chennai Expressway Phase-III Package I Gudipala to Walajajhpet from Km 156.000 to Km 180.000,National Highways Authority of India [NHAI],Roads & Highways,"Multi-States (Andhra Pradesh, Tamil Nadu)",2020-10,2022-05,2024-05,2024-08,1481.87,1481.87,711.04,91.0,NO_LEGACY_CODE;NO_PMGID;MULTILINE_STATE
2025-12,FlashReport_December_2025.pdf,07f56e5457c63192ae7b5b4036f975f7eb058a3364a25a87cdc6ce2369082401,93,1098,618634,,,6L of Veera Kaveri Raja Puram to Pondavakkam from km 61.380 to km 96.040 of NH 716B Pkg-III,National Highways Authority of India [NHAI],Roads & Highways,"Multi-States (Andhra Pradesh, Tamil Nadu)",2021-03,2023-01,2025-01,,1439.77,1439.77,685.44,98.0,NO_LEGACY_CODE;NO_PMGID;MULTILINE_STATE
2025-12,FlashReport_December_2025.pdf,07f56e5457c63192ae7b5b4036f975f7eb058a3364a25a87cdc6ce2369082401,93,1099,618771,,,6L of Varadharajula to Kumarajapet from km 0.000 to km 43.800 of NH-716B Pkg-I,National Highways Authority of India [NHAI],Roads & Highways,"Multi-States (Andhra Pradesh, Tamil Nadu)",2021-02,2022-12,2024-12,2025-08,1924.75,1887.38,922.92,98.0,NO_LEGACY_CODE;NO_PMGID;MULTILINE_STATE
2025-12,FlashReport_December_2025.pdf,07f56e5457c63192ae7b5b4036f975f7eb058a3364a25a87cdc6ce2369082401,93,1100,618772,,,6L of Kumarajapet to Veera Kaveri Raja Puram from km 43.800 to km 61.380 of NH- 716B Pkg-II,National Highways Authority of India [NHAI],Roads & Highways,"Multi-States (Andhra Pradesh, Tamil Nadu)",2021-02,2023-10,2025-10,,702.52,799.36,354.34,92.0,NO_LEGACY_CODE;NO_PMGID;MULTILINE_STATE
2025-12,FlashReport_December_2025.pdf,07f56e5457c63192ae7b5b4036f975f7eb058a3364a25a87cdc6ce2369082401,93,1101,618747,,,Khammam-Devarapalle Pkg III [4L Access Controlled Greenfield from Chintagudem village to Recherla village Design Chainage 63117 to 105236],National Highways Authority of India [NHAI],Roads & Highways,"Multi-States (Andhra Pradesh, Telangana)",2021-01,2022-09,2024-10,2025-09,829.5,1227.07,459.37,98.0,NO_LEGACY_CODE;NO_PMGID;MULTILINE_STATE
2025-12,FlashReport_December_2025.pdf,07f56e5457c63192ae7b5b4036f975f7eb058a3364a25a87cdc6ce2369082401,93,1102,618531,,,6L of Aurangabad to Bihar-Jharkhand border Chordaha section from km. 180.000 to km. 209.827 of NH-2 PKG-01,National Highways Authority of India [NHAI],Roads & Highways,"Multi-States (Bihar, Jharkhand)",2021-02,2024-12,2026-12,,1054.46,786.81,86.0,16.0,NO_LEGACY_CODE;NO_PMGID;MULTILINE_STATE
2025-12,FlashReport_December_2025.pdf,07f56e5457c63192ae7b5b4036f975f7eb058a3364a25a87cdc6ce2369082401,93,1103,618532,,,6L of Aurangabad to Bihar-Jharkhand border Chordaha section from km. 209.827 to Km. 249.525 of NH-19 PKG-02,National Highways Authority of India [NHAI],Roads & Highways,"Multi-States (Bihar, Jharkhand)",2021-06,2022-03,2024-03,2025-04,1822.46,738.11,565.91,92.0,NO_LEGACY_CODE;NO_PMGID;MULTILINE_STATE
2025-12,FlashReport_December_2025.pdf,07f56e5457c63192ae7b5b4036f975f7eb058a3364a25a87cdc6ce2369082401,93,1104,618951,,,Hariharganj to Parwa Mode section from km 23.284 to km 57.049 of NH-98,National Highways Authority of India [NHAI],Roads & Highways,"Multi-States (Bihar, Jharkhand) Project Name (Agency) (Project Code) 4L of Sahibganj - Manihari Ganga Bridge including Manihari Bypass (National Highways Authority of India [NHAI]) (618952) Six Laning of Varanasi to Aurangabad from km. 786.00 to km. 978.40 of Old NH-2 (National Highways Authority of India [NHAI]) (618530) 6L of Dhanara - Hatibena Section from Km 124.611 to km 146.50 of NH-130-CD Package OD-1 (National Highways Authority of India [NHAI]) (618676) Balance work of 2L PS from Km 30.800 to Km 70.800 and 2L with Rigid Carriageway from Km 70.800 to km 84.120 of Khanapur- KA/GOA Border section of NH-4A (National Highways Authority of India [NHAI]) (618942) Bal. Works of Fagne Km. 510.000 to Maharashtra/Gujarat Border Km. 650.794 (National Highways Authority of India [NHAI]) (618637) 4L Greenfield a Malout bypass from ch. Km 44.500 to ch. Km 35.500 on NH-07 and Ch. Km 0.000 to Km 6.984 on NH-09 bMandi Dabwali Bypass from Ch. 38.450 Km to Km 27.910 Pkg-02 (National Highways Authority of India [NHAI]) (618760) 4L Ambala - Kalaamb from Km. -0.800 to Km. 33.015 of old NH-72 (National Highways Authority of India [NHAI]) (618935) Additional Structures on 6LGurgaon-Jaipur Section of NH-48 between KM 42.700 to KM 273.00 (National Highways Authority of India [NHAI]) (618505) 6L access Controlled Greenfield Highway from Ranipur Barsi to Adhoya Musalmana section of Shamli -Ambala Package-II Design Ch. Form km 45.500 to km 84.400 (National Highways Authority of India [NHAI]) (618723) 4L from Km 219.600 Khajuri to Km 260.483 Wyndhamganj on NH-75 Sec-V (National Highways Authority of India [NHAI]) (618828) Barwa Adda Km. 398.240 to Panagarh Km. 521.120 (National Highways Authority of India [NHAI]) (618533) 2L PS of JH / WB Border km. 70.524 - Purulia km.84.400 & Purulia km. 94.30 - Chandil Junction with NH-33 km. 153.705 of Old NH-32 (National Highways Authority of India [NHAI]) (618909) 6L from Belgaum to Sankeshwar Bypass from Km. 515.000 to Km. 555.017 of NH-48 Pkg-I (National Highways Authority of India [NHAI]) (618515) 6L from Sankeshwar Bypass to MH-KNT Border from Km. 555.017 to Km. 592.853 of NH-48 Pkg-II (National Highways Authority of India [NHAI]) (618516) Bangalore Ring Road STRR-NH-948A- Package-I of Phase-III from Belagondapalli TN to TN/KNT border from km 144.480 to 179.969 (National Highways Authority of India [NHAI]) (618519) Hosur to Dhamrapuri Pkg-1 [Neraluru - Thorapalli Agraharam] (National Highways Authority of India [NHAI]) (618581) 6L Access Controlled Greenfield Highway of Nandinne village to Julekal village from Km 202.900 to Km 242.200 Pkg-1 (National Highways Authority of India [NHAI]) (618632) 4L of Rajura-Korpana-Adilabad Road upto M.S. Border from km 32.910 to km 89.090 of NH-353B (National Highways Authority of India [NHAI]) (618938) Puducherry Km.29.000 to Poondiyankuppam Km.67.000 (National Highways Authority of India [NHAI]) (618845) Sattanathapuram to Nagapattinam from Km 123.800 to Km 179.555 (National Highways Authority of India [NHAI]) (618847) 6L with access control provision Saharanpur bypass to Ganeshpur section from 13.89 Km to 41.820 Km of Delhi- Dehradun Economic Corridor package-2 (National Highways Authority of India [NHAI]) (618711) Improvement & Up-gradation of NH-734 Section of Moradabad-Thakurdwara Kashipur including Moradabad & Kashipur Bypasse Package-III Kashipur Bypass Length 14.490 Km., Starts from Ch. 38770 and ends at Ch. 53260 existing Ch. 05560 (National Highways Authority of India [NHAI]) (618928) 4/6L of Spur to Haridwar Greenfield from Km. 0.000 to Km. 50.70 (National Highways Authority of India [NHAI]) (618969) Widening of existing Single lane / Intermediate lane road to 2 lane from Km 101 to Km 125 of NH 61 (MoRTH) (617886) Widening of existing single lane to intermediate lane road from Mokokchung to Chare via Dikhu in the state of Nagaland on EPC mode (MoRTH) (618002) Widening to Existing single lane /intermediate lane to 2 lane from Km185.00 to Km 220.00 of NH-61 New NH-02 in the state of Nagaland. (MoRTH) (618072)",2020-09,2022-03,2024-02,2020-11,1125.78,1186.56,474.19,79.0,NO_LEGACY_CODE;NO_PMGID;MULTILINE_STATE;ROW_SPANS_PAGE
2025-12,FlashReport_December_2025.pdf,07f56e5457c63192ae7b5b4036f975f7eb058a3364a25a87cdc6ce2369082401,95,1131,618290,,,"Construction of 2-lane with Paved shoulder of Kohima- Bypass Road Connecting NH- 39New NH-02, NH-150New NH-02, NH-61New NH-29, NH-39New NH-02 from Design Km 32.00 to Design Km 43.454Design Length-11.454 Km in the State of Nagaland under SARDP-NE on EPC Mode Package-IV",NHIDCL,Roads & Highways,Nagaland,2020-07,2020-10,2022-04,2025-02,202.36,202.36,0.0,0.0,NO_LEGACY_CODE;NO_PMGID
2025-12,FlashReport_December_2025.pdf,07f56e5457c63192ae7b5b4036f975f7eb058a3364a25a87cdc6ce2369082401,95,1132,618291,,,"Construction of 2-lane with Paved shoulder of Kohima-Bypass Road connecting NH- 39 New NH-02, NH150New NH-02, NH7-61 New NH-29 and NH-39 New NH-02 from Design km 21.000 to km 32.268 [Design length11.268 km] in the state of Nagaland Under SARDP-NE on EPC Mode Package- 3",NHIDCL,Roads & Highways,Nagaland,2020-07,2023-06,2025-06,,159.85,342.29,0.0,0.0,NO_LEGACY_CODE;NO_PMGID
2025-12,FlashReport_December_2025.pdf,07f56e5457c63192ae7b5b4036f975f7eb058a3364a25a87cdc6ce2369082401,95,1133,618292,,,Construction of 2-Lane with paved shoulder of Kohima-Bypass Road connecting New NH-02 and New NH-29 from Design Km 10.500 to design Km 21.000 [Design Length- 10.500 km] including TUNNEL of 500m at Ch. 11.000 in the state of Nagaland Under SARDP-NE on EPC Mode Package-2,NHIDCL,Roads & Highways,Nagaland,2020-07,2020-10,2022-10,2024-01,277.44,277.44,0.0,0.0,NO_LEGACY_CODE;NO_PMGID
2025-12,FlashReport_December_2025.pdf,07f56e5457c63192ae7b5b4036f975f7eb058a3364a25a87cdc6ce2369082401,95,1134,618293,,,"Construction of 2-Lane with paved shoulder of Kohima-Bypass Road connecting NH- 39New NH-02, NH-150New NH-02, NH-61New NH-29 and NH-39New NH-02 from design Km 0.00 to Km 10.500 in the State of Nagaland under SARDP-NE on EPC Mode Package-1 -Balance work",NHIDCL,Roads & Highways,Nagaland,2020-07,2023-11,2026-11,,232.29,350.88,0.0,20.0,NO_LEGACY_CODE;NO_PMGID
2025-12,FlashReport_December_2025.pdf,07f56e5457c63192ae7b5b4036f975f7eb058a3364a25a87cdc6ce2369082401,95,1135,618296,,,Balance work of Construction of 2-lane with hard shoulder of Kohima - Jessami road on NH-29 old NH-150 from existing km 98.380 near Chizami vill. to km120.367 Nagaland/Manipur Border [Design km 95.700 to design km 117.200] [Design Length 21.500 km] in the state of Nagaland Under Bharatmala Pariyojna on EPC Mode Package-V under NHO,NHIDCL,Roads & Highways,Nagaland,2020-03,2023-11,2025-11,,330.8,330.8,0.0,91.0,NO_LEGACY_CODE;NO_PMGID
2025-12,FlashReport_December_2025.pdf,07f56e5457c63192ae7b5b4036f975f7eb058a3364a25a87cdc6ce2369082401,95,1136,618297,,,Construction of 2-lane with hard shoulder of Kohima - Jessami road on NH-29 Old NH- 150 from existing Km 30.474 Near Kidwema road Chakahabama to existing Km 53.220 Near Kikruma Village Design Km 29.60 to Km 51.50 Design length-21.90 Km in the state of Nagaland Under Bharatmala Pariyojna on EPC Mode under NHO Package-II -Balance work,NHIDCL,Roads & Highways,Nagaland,2020-03,2024-01,2026-01,,355.79,355.79,0.0,29.0,NO_LEGACY_CODE;NO_PMGID
2025-12,FlashReport_December_2025.pdf,07f56e5457c63192ae7b5b4036f975f7eb058a3364a25a87cdc6ce2369082401,95,1137,618328,,,4-Laning of Balance work of Dimapur-Kohima Road from design km 152.490 to km 166.700 Existing km 156.000 to km 172.900 Excluding Dimapur & Kohima Bypass under SARDP-NE Package-III,NHIDCL,Roads & Highways,Nagaland,2016-03,2023-09,2025-09,,562.98,794.75,0.0,0.0,NO_LEGACY_CODE;NO_PMGID
2025-12,FlashReport_December_2025.pdf,07f56e5457c63192ae7b5b4036f975f7eb058a3364a25a87cdc6ce2369082401,95,1138,618329,,,Construction of 4/6 Laning from Km 132.375 to Km 153.058 Total New Alignment length of 20.683 Km of Daboka-Dimapur Section Dimapur Bypass Nagaland Portion of NH-36 & 39 in the State of Nagaland on EPC basis under PhaseA of SARDP-NE,NHIDCL,Roads & Highways,Nagaland,2017-02,2017-09,2020-09,2023-02,819.39,819.39,0.0,0.0,NO_LEGACY_CODE;NO_PMGID
2025-12,FlashReport_December_2025.pdf,07f56e5457c63192ae7b5b4036f975f7eb058a3364a25a87cdc6ce2369082401,95,1139,618364,,,"Widening to 2 Lane with Hard shoulder of Akegwo-Avangkhu section of NH-202K for Package-I Design Chainage 0000 Km to 34795 Km, in the State of Nagaland on EPC mode under NH O-NE",NHIDCL,Roads & Highways,Nagaland,2022-12,2023-08,2026-02,,430.24,430.24,0.0,78.0,NO_LEGACY_CODE;NO_PMGID
2025-12,FlashReport_December_2025.pdf,07f56e5457c63192ae7b5b4036f975f7eb058a3364a25a87cdc6ce2369082401,95,1140,618365,,,Widening to 2 Lane with Hard shoulder of Akegwo-Avangkhu section of NH-202K for Package-III Design Chainage 69875 Km to 106816 Km in the State of Nagaland on EPC mode under NHO-NE,NHIDCL,Roads & Highways,Nagaland,2022-12,2023-08,2026-02,,497.18,497.18,0.0,80.0,NO_LEGACY_CODE;NO_PMGID
2025-12,FlashReport_December_2025.pdf,07f56e5457c63192ae7b5b4036f975f7eb058a3364a25a87cdc6ce2369082401,95,1141,618366,,,Widening to 2 Lane with Hard shoulder of Akegwo-Avangkhu section of NH-202K for Package-II Design Chainage 34795 Km to 69875 Km in the State of Nagaland on EPC mode under NHO-NE,NHIDCL,Roads & Highways,Nagaland,2022-12,2023-08,2026-02,,442.54,442.54,0.0,38.0,NO_LEGACY_CODE;NO_PMGID
2025-12,FlashReport_December_2025.pdf,07f56e5457c63192ae7b5b4036f975f7eb058a3364a25a87cdc6ce2369082401,95,1142,618413,,,Construction of 2 laning with Hard shoulder of Peren-Dimapur section on NH 129A from Design Km 146.208 to Km 163.592 Length- 17.384 km in the state of Nagaland on EPC mode under NHO-TSP Package-III,NHIDCL,Roads & Highways,Nagaland,2021-02,2023-06,2025-06,2025-11,177.77,199.02,0.0,76.0,NO_LEGACY_CODE;NO_PMGID
2025-12,FlashReport_December_2025.pdf,07f56e5457c63192ae7b5b4036f975f7eb058a3364a25a87cdc6ce2369082401,95,1143,618414,,,Construction of Balance work for 2-lane with hard shoulder of Peren- Dimapur section on NH-129A from Design Km 126.775 to Km 146.208 Length 19.433 Km in the state of Nagaland on EPC mode under NHO-TSP Package-II,NHIDCL,Roads & Highways,Nagaland,2021-01,2023-09,2025-09,,258.52,258.52,0.0,0.0,NO_LEGACY_CODE;NO_PMGID
2025-12,FlashReport_December_2025.pdf,07f56e5457c63192ae7b5b4036f975f7eb058a3364a25a87cdc6ce2369082401,95,1144,618422,,,"Construction of 2-lane with hard shoulders of Merangkong-Tamlu-Mon road Wakching Twon portion on EPC basis from existing Chainage Km 59000 to Km 73640 [Design Km. 59000 to Km, 72450] Design length - 13.450 Km under SARDP-NE package-V Balance work",NHIDCL,Roads & Highways,Nagaland,2021-03,2023-09,2025-09,,161.73,161.73,0.0,0.0,NO_LEGACY_CODE;NO_PMGID
2025-12,FlashReport_December_2025.pdf,07f56e5457c63192ae7b5b4036f975f7eb058a3364a25a87cdc6ce2369082401,95,1145,618423,,,Construction of 2-Lane with hard shoulders of Merangkong-Tamlu-Mon MTM Road from existing Km 20.456 to Km 41.065 Design Km. 20 to Km. 40.0 Design Length- 20.000 Km in the State of Nagaland under SARDP-NE Phase-A Pkg-2 Balance work,NHIDCL,Roads & Highways,Nagaland,2018-03,2023-08,2025-08,,215.79,215.79,0.0,0.0,NO_LEGACY_CODE;NO_PMGID
2025-12,FlashReport_December_2025.pdf,07f56e5457c63192ae7b5b4036f975f7eb058a3364a25a87cdc6ce2369082401,95,1146,617899,,,Widening and Strengthening to 4LPS/2LPS from km 0.000 to 35.800 Kuakhia - Mangalpur section of NH 20 in the state of Odisha on Annual Plan 2021-22,MoRTH,Roads & Highways,Odisha,2022-03,2024-02,2026-02,,636.1,636.1,47.79,45.0,NO_LEGACY_CODE;NO_PMGID
2025-12,FlashReport_December_2025.pdf,07f56e5457c63192ae7b5b4036f975f7eb058a3364a25a87cdc6ce2369082401,95,1147,617904,,,Construction of Bypass road to Balangir town from km 72/400 Desing km 0/0 to km 79/800 Design km 11/670 of NH-26 in the State of Odisha.,MoRTH,Roads & Highways,Odisha,2022-02,2023-04,2025-10,,238.78,238.78,6.09,0.0,NO_LEGACY_CODE;NO_PMGID
2025-12,FlashReport_December_2025.pdf,07f56e5457c63192ae7b5b4036f975f7eb058a3364a25a87cdc6ce2369082401,95,1148,617905,,,Construction of 4 lane ROB with approaches in lieu of LC No. RV-172 at km 176.00 of NH-201 present NH-26 at Kesinga including land acquisition in the state of Odisha on EPC mode under Annual Plan 2021-22,MoRTH,Roads & Highways,Odisha,2021-12,2023-05,2025-05,,324.09,324.09,65.83,70.0,NO_LEGACY_CODE;NO_PMGID
2025-12,FlashReport_December_2025.pdf,07f56e5457c63192ae7b5b4036f975f7eb058a3364a25a87cdc6ce2369082401,96,1149,617921,,,Widening and strengthening to 2LPS including LA of Kandarpur-Balikuda from km 277/500 to 318/970 of NH-55 in the State of Odisha under Annual Plan 2021-22.,MoRTH,Roads & Highways,Odisha,2022-03,2023-06,2025-06,,499.79,499.79,99.63,50.0,NO_LEGACY_CODE;NO_PMGID
2025-12,FlashReport_December_2025.pdf,07f56e5457c63192ae7b5b4036f975f7eb058a3364a25a87cdc6ce2369082401,96,1150,617924,,,Construction of bypass to Nayagarh town from km 235.469 to 252.482 of NH-57 including land acquisition in the state of Odisha.,MoRTH,Roads & Highways,Odisha,2022-01,2023-05,2025-04,,300.33,300.33,78.14,68.0,NO_LEGACY_CODE;NO_PMGID
2025-12,FlashReport_December_2025.pdf,07f56e5457c63192ae7b5b4036f975f7eb058a3364a25a87cdc6ce2369082401,96,1151,617925,,,Construction of Bypass to Khordha town from Km 294/000 to 300/300 on NH-57 including LA in the State of Odisha on EPC mode.,MoRTH,Roads & Highways,Odisha,2022-02,2023-05,2024-11,2025-07,157.49,157.49,33.61,35.0,NO_LEGACY_CODE;NO_PMGID
2025-12,FlashReport_December_2025.pdf,07f56e5457c63192ae7b5b4036f975f7eb058a3364a25a87cdc6ce2369082401,96,1152,617930,,,Construction of Bypass on NH-59 from Km 336/350 to 349/910 13.56 km near Berhampur town including 4-lane RoB in the state of Odisha.,MoRTH,Roads & Highways,Odisha,2021-03,2022-03,2024-03,,196.94,196.94,30.46,35.0,NO_LEGACY_CODE;NO_PMGID
2025-12,FlashReport_December_2025.pdf,07f56e5457c63192ae7b5b4036f975f7eb058a3364a25a87cdc6ce2369082401,96,1153,618003,,,Construction of four lane ROB and its approaches in lieu of existing Level Crossing No. RV-71 at km 435 on NH-217 New NH-353 at Khariar including land acquisition under NHO in Annual Plan 2021-22 for the state of Odisha for F.Y. 2021-22 to F.Y 2033-34,MoRTH,Roads & Highways,Odisha,2021-11,2023-06,2024-12,,154.49,154.49,22.32,0.0,NO_LEGACY_CODE;NO_PMGID
2025-12,FlashReport_December_2025.pdf,07f56e5457c63192ae7b5b4036f975f7eb058a3364a25a87cdc6ce2369082401,96,1154,618012,,,"Widening & strengthenlng to 2LPS from km 0,000 to 40.000 Dhaugaon- Podamari section of NH 326 in the State of Odisha under Annual Plan 2021.22.",MoRTH,Roads & Highways,Odisha,2022-03,2024-02,2026-02,,186.52,186.52,42.7,60.0,NO_LEGACY_CODE;NO_PMGID
2025-12,FlashReport_December_2025.pdf,07f56e5457c63192ae7b5b4036f975f7eb058a3364a25a87cdc6ce2369082401,96,1155,618523,,,Bhadrak KM 136.500 to Baleshwar KM 199.141,National Highways Authority of India [NHAI],Roads & Highways,Odisha,2014-11,2019-03,2021-09,,844.67,1394.82,231.14,91.0,NO_LEGACY_CODE;NO_PMGID
2025-12,FlashReport_December_2025.pdf,07f56e5457c63192ae7b5b4036f975f7eb058a3364a25a87cdc6ce2369082401,96,1156,618677,,,6L Greenfield Kaliagura Baunsaguar Section of NH-130-CD Road from km 249000 to km 293000 Package OD-5,National Highways Authority of India [NHAI],Roads & Highways,Odisha,2021-09,2022-05,2024-05,2025-10,1539.75,1918.49,881.05,92.0,NO_LEGACY_CODE;NO_PMGID
2025-12,FlashReport_December_2025.pdf,07f56e5457c63192ae7b5b4036f975f7eb058a3364a25a87cdc6ce2369082401,96,1157,618678,,,6L Greenfield Baunsaguar - Baraja Section of NH-130-CD Road from km 293000 to km 338500 Package OD-6,National Highways Authority of India [NHAI],Roads & Highways,Odisha,2021-08,2022-06,2024-05,2025-06,1265.59,1635.44,762.26,98.0,NO_LEGACY_CODE;NO_PMGID
2025-12,FlashReport_December_2025.pdf,07f56e5457c63192ae7b5b4036f975f7eb058a3364a25a87cdc6ce2369082401,96,1158,618680,,,6L Greenfield Kandili - Aluru Section of NH-130-CD Road from km 342500 to km 365033 Package-OD-8,National Highways Authority of India [NHAI],Roads & Highways,Odisha,2021-12,2022-10,2024-10,2025-08,1492.74,1912.84,965.07,92.0,NO_LEGACY_CODE;NO_PMGID
2025-12,FlashReport_December_2025.pdf,07f56e5457c63192ae7b5b4036f975f7eb058a3364a25a87cdc6ce2369082401,96,1159,618819,,,Balance work of Panikoili Rimoli Section of new NH-20 from Km 0.00 to Km. 163.000,National Highways Authority of India [NHAI],Roads & Highways,Odisha,2020-09,2021-03,2022-03,2022-07,183.03,200.79,89.36,99.0,NO_LEGACY_CODE;NO_PMGID
2025-12,FlashReport_December_2025.pdf,07f56e5457c63192ae7b5b4036f975f7eb058a3364a25a87cdc6ce2369082401,96,1160,618820,,,Rehabilitation and Up gradation from 4 to 8 laning of Chandikhole Paradip Section of NH-53 Old NH 5A from Km.39.000 to Km.60.00 Package-3,National Highways Authority of India [NHAI],Roads & Highways,Odisha,2023-03,2023-12,2025-12,,861.84,938.55,344.24,81.0,NO_LEGACY_CODE;NO_PMGID
2025-12,FlashReport_December_2025.pdf,07f56e5457c63192ae7b5b4036f975f7eb058a3364a25a87cdc6ce2369082401,96,1161,618821,,,Rehabilitation and Up gradation from 4 to 8 laning of Chandikhole Paradip Section of NH-53 Old NH 5A from Km 18.00 to Km 39.00 in the State of Odisha on HAM mode Package-2,National Highways Authority of India [NHAI],Roads & Highways,Odisha,2023-03,2023-12,2025-12,,920.47,950.4,363.82,83.0,NO_LEGACY_CODE;NO_PMGID
2025-12,FlashReport_December_2025.pdf,07f56e5457c63192ae7b5b4036f975f7eb058a3364a25a87cdc6ce2369082401,96,1162,618908,,,3L Major Bridge over River Brahmani at Km. 401.250 Duburi - Chandikhole Section of NH-200 New NH -53,National Highways Authority of India [NHAI],Roads & Highways,Odisha,2022-04,2022-08,2025-01,,153.61,103.68,61.82,0.0,NO_LEGACY_CODE;NO_PMGID
2025-12,FlashReport_December_2025.pdf,07f56e5457c63192ae7b5b4036f975f7eb058a3364a25a87cdc6ce2369082401,96,1163,618913,,,4-L of Rajamunda to Barkote Section of NH-23 from km. 287.200 to km. 337.185,National Highways Authority of India [NHAI],Roads & Highways,Odisha,2017-10,2018-12,2021-06,2024-12,609.63,630.97,114.77,96.0,NO_LEGACY_CODE;NO_PMGID
2025-12,FlashReport_December_2025.pdf,07f56e5457c63192ae7b5b4036f975f7eb058a3364a25a87cdc6ce2369082401,96,1164,618023,,,Work of Widening/upgradation of 2-Lane with paved shoulder of Sri Muktsar Sahib to Malout road from Km 279.400 to Km 307.060 section of NH-354 in the State of Punjab on EPC mode. Job No. NH-354-PB-2021-22-555,MoRTH,Roads & Highways,Punjab,2022-03,2023-10,2025-04,,152.58,152.58,0.0,96.0,NO_LEGACY_CODE;NO_PMGID
2025-12,FlashReport_December_2025.pdf,07f56e5457c63192ae7b5b4036f975f7eb058a3364a25a87cdc6ce2369082401,96,1165,618024,,,Up-gradation to two lane with paved shoulder configuration of NH-354 Section Arifkes- Ferozepur-Muktsar-Malaut from Km 201.500 to Km 212.500 & Km 229.690 to Km 269.960 and strengthening of existing pavement from Km 212.500 to Km 229.690 excluding Km 218.500 to 223.690 of NH-354 on EPC Mode in the State of Punjab. Job No. NH-354-PB-2020-21-532,MoRTH,Roads & Highways,Punjab,2021-03,2023-10,2025-04,,263.19,263.19,0.0,0.0,NO_LEGACY_CODE;NO_PMGID
2025-12,FlashReport_December_2025.pdf,07f56e5457c63192ae7b5b4036f975f7eb058a3364a25a87cdc6ce2369082401,96,1166,618487,,,Delhi-Amritsar-Katra Expressway Phase-I Pkg-VII from Junction with Patiala-Bathinda road NH-7 near Bhawanigarh to Junction with Ludhiana-Malerhkotla SH-11 near Bhogiwal village Km 188830 to km 225770,National Highways Authority of India [NHAI],Roads & Highways,Punjab,2020-12,2022-07,2024-07,,1759.82,1774.32,1217.21,95.0,NO_LEGACY_CODE;NO_PMGID
2025-12,FlashReport_December_2025.pdf,07f56e5457c63192ae7b5b4036f975f7eb058a3364a25a87cdc6ce2369082401,96,1167,618488,,,Delhi-Amritsar-Katra Expressway Phase-I Pkg-VIII from Junction with Ludhiana- Malerkotla SH-11 near Bhogiwal village to Junction with Ludhiana-Moga road NH-5 near Mullanpur Dakha Km 225770 to km 260860,National Highways Authority of India [NHAI],Roads & Highways,Punjab,2020-12,2023-03,2025-03,,1895.74,2034.94,751.95,31.0,NO_LEGACY_CODE;NO_PMGID
2025-12,FlashReport_December_2025.pdf,07f56e5457c63192ae7b5b4036f975f7eb058a3364a25a87cdc6ce2369082401,96,1168,618489,,,Delhi-Amritsar-Katra Expressway Phase-I Pkg-IX from Junction with Ludhiana-Moga road NH-5 near Mullanpur Dakha to Junction with Jalandhar - Moga road NH-703 near Kang Sahibu village Km 260860 to km 303900,National Highways Authority of India [NHAI],Roads & Highways,Punjab,2020-12,2022-07,2024-07,2025-09,1851.47,2407.14,1305.41,69.0,NO_LEGACY_CODE;NO_PMGID
2025-12,FlashReport_December_2025.pdf,07f56e5457c63192ae7b5b4036f975f7eb058a3364a25a87cdc6ce2369082401,96,1169,618490,,,Delhi-Amritsar-Katra Expressway Phase-I Pkg-X from Jn. with Jalandhar - Moga road NH-703 to Jn. with Jalandhar-Kapurthala road NH-703A and to Jn. with Kapurthala - Sultanpur Lodhi road NH-703A km 000 to km 24000 to Amritsar connectivity,National Highways Authority of India [NHAI],Roads & Highways,Punjab,2020-12,2022-07,2024-07,2025-09,2177.54,2062.74,1004.28,62.0,NO_LEGACY_CODE;NO_PMGID
2025-12,FlashReport_December_2025.pdf,07f56e5457c63192ae7b5b4036f975f7eb058a3364a25a87cdc6ce2369082401,97,1170,618491,,,Delhi-Amritsar-Katra Expressway Phase-I Pkg-XI from Junction with Jalandhar - Kapurthala road NH-703A near khojewal village to Junction with Amritsar-Mehta- SriHargobindpur-Tanda road NH-503A near SriHargobindpur Km 319400 to km 362420,National Highways Authority of India [NHAI],Roads & Highways,Punjab,2021-03,2022-11,2024-11,,2175.35,2206.71,941.19,43.0,NO_LEGACY_CODE;NO_PMGID
2025-12,FlashReport_December_2025.pdf,07f56e5457c63192ae7b5b4036f975f7eb058a3364a25a87cdc6ce2369082401,97,1171,618492,,,Delhi-Amritsar-Katra Expressway Phase-I Pkg-XII from Junction with Amritsar-Mehta- SriHargobindpur-Tanda road NH-503A near SriHargobindpur to Junction with Pathankot-Gurdaspur road NH-54 near Gurdaspur Km 362420 to km 397700,National Highways Authority of India [NHAI],Roads & Highways,Punjab,2021-03,2024-01,2025-12,,1734.18,1538.47,470.44,25.0,NO_LEGACY_CODE;NO_PMGID
2025-12,FlashReport_December_2025.pdf,07f56e5457c63192ae7b5b4036f975f7eb058a3364a25a87cdc6ce2369082401,97,1172,618493,,,Delhi-Amritsar-Katra Expressway Phase-I Spur-I from Jn. with Kapurthala - Sultanpur Lodhi Road NH-703A near Isharwal village to Jn. with Kapurthala - Tarn Taran road NH-703AA near Goinwal Sahib [Km 24000 to Km 41000 of Amritsar connectivity],National Highways Authority of India [NHAI],Roads & Highways,Punjab,2021-12,2023-04,2026-04,,2165.23,1519.6,331.17,27.0,NO_LEGACY_CODE;NO_PMGID
2025-12,FlashReport_December_2025.pdf,07f56e5457c63192ae7b5b4036f975f7eb058a3364a25a87cdc6ce2369082401,97,1173,618552,,,Development of 6L Greenfield Jalandhar Bypass starting from Kahlwan NH-03 ending at Kang Sahbu NH-703 via Sarmastpur NH-44 - Madara NH-03 - Khajurla NH-44,National Highways Authority of India [NHAI],Roads & Highways,Punjab,2021-03,2023-01,2025-01,2026-03,1754.84,2167.39,797.22,41.0,NO_LEGACY_CODE;NO_PMGID
2025-12,FlashReport_December_2025.pdf,07f56e5457c63192ae7b5b4036f975f7eb058a3364a25a87cdc6ce2369082401,97,1174,618610,,,6L of Jodhpur Romana Bathinda - Mandi Dabwali Punjab Haryana Border section of NH-54 from km. 0.000 to km. 27.400 of NH-54,National Highways Authority of India [NHAI],Roads & Highways,Punjab,2020-05,2023-08,2025-08,,789.26,1318.91,507.03,98.0,NO_LEGACY_CODE;NO_PMGID
2025-12,FlashReport_December_2025.pdf,07f56e5457c63192ae7b5b4036f975f7eb058a3364a25a87cdc6ce2369082401,97,1175,618617,,,6L Amritsar-Bathinda Greenfield section from village Tiba on NE-5A to Jn. with Moga Jalandhar road NH-703 near Dharamkot from km 0.000 to km 39.000 of NH-754A Pkg-1,National Highways Authority of India [NHAI],Roads & Highways,Punjab,2021-03,2022-11,2024-11,2025-09,1229.38,1549.32,732.07,64.0,NO_LEGACY_CODE;NO_PMGID
2025-12,FlashReport_December_2025.pdf,07f56e5457c63192ae7b5b4036f975f7eb058a3364a25a87cdc6ce2369082401,97,1176,618618,,,6L Amritsar-Bathinda Greenfield section from Jn. with Bhagta Bhai Ka-Bhadaur Road near Dyalpura Bhai Ka to Jn. with Mandi Dabwali Bathinda Road on NH-54 near Sangat Kalan from km 93.000 to km 154.866 of NH-754A Pkg-3,National Highways Authority of India [NHAI],Roads & Highways,Punjab,2021-03,2024-06,2026-06,,2029.17,2677.23,504.83,65.0,NO_LEGACY_CODE;NO_PMGID
2025-12,FlashReport_December_2025.pdf,07f56e5457c63192ae7b5b4036f975f7eb058a3364a25a87cdc6ce2369082401,97,1177,618647,,,6L Access Controlled Ludhiana-Bathinda Greenfield highway from Jn. with Amritsar- Bathanda Greenfield Road NH-754A near Rampura Phul to Jn. with Moga-Barnala Road NH-703 near village Tallewal from Km 0.0 to Km 30.3 of NH-754AD Pkg-1,National Highways Authority of India [NHAI],Roads & Highways,Punjab,2021-06,2023-09,2025-09,,906.51,1020.52,429.44,78.0,NO_LEGACY_CODE;NO_PMGID
2025-12,FlashReport_December_2025.pdf,07f56e5457c63192ae7b5b4036f975f7eb058a3364a25a87cdc6ce2369082401,97,1178,618764,,,Moga - Bagha Purana - Bajakhana from km. 0.00 to km. 43.32,National Highways Authority of India [NHAI],Roads & Highways,Punjab,2020-05,2022-12,2024-12,2025-08,864.23,1264.17,625.94,75.0,NO_LEGACY_CODE;NO_PMGID
2025-12,FlashReport_December_2025.pdf,07f56e5457c63192ae7b5b4036f975f7eb058a3364a25a87cdc6ce2369082401,97,1179,618785,,,4/6L Greenfield LudhianaRupnagar highway from Jn. with NE-5 village near to ManewalLudhiana to Jn. with NH-205 near Bheora Village Rupnagar from Km 66.0 to Km 91.0 i/c spur to Kharar from Km 0.0 to Km 19.5 with Ludhiana bypass of NH-205K Pkg-3,National Highways Authority of India [NHAI],Roads & Highways,Punjab,2021-07,2023-02,2025-02,,1501.02,1815.13,992.69,76.0,NO_LEGACY_CODE;NO_PMGID
2025-12,FlashReport_December_2025.pdf,07f56e5457c63192ae7b5b4036f975f7eb058a3364a25a87cdc6ce2369082401,97,1180,618789,,,6L of IT City Chowk to Kurali Chandigarh Road,National Highways Authority of India [NHAI],Roads & Highways,Punjab,2021-03,2022-10,2024-10,2025-06,1525.31,1936.54,1689.83,98.0,NO_LEGACY_CODE;NO_PMGID
2025-12,FlashReport_December_2025.pdf,07f56e5457c63192ae7b5b4036f975f7eb058a3364a25a87cdc6ce2369082401,97,1181,618794,,,Amritsarairport Junction - Ramdas from km. 100.835 to km. 139.813 Pkg - IV,National Highways Authority of India [NHAI],Roads & Highways,Punjab,2020-12,2022-03,2023-09,,524.88,416.58,345.41,60.0,NO_LEGACY_CODE;NO_PMGID
2025-12,FlashReport_December_2025.pdf,07f56e5457c63192ae7b5b4036f975f7eb058a3364a25a87cdc6ce2369082401,97,1182,618795,,,Amritsar Bypass Pkg III from km. 71.496 to km. 105.158,National Highways Authority of India [NHAI],Roads & Highways,Punjab,2021-02,2022-08,2024-08,,1474.77,1228.42,863.93,79.0,NO_LEGACY_CODE;NO_PMGID
2025-12,FlashReport_December_2025.pdf,07f56e5457c63192ae7b5b4036f975f7eb058a3364a25a87cdc6ce2369082401,97,1183,618809,,,4L of Beas-Mehta-Batala-Dera Baba Nanak from intersection with Jalandhar-Amritsar Highway NH-3 near Beas till start of Batala Bypass near Village Acchhal from Km. 0.000 to Km. 31.300 Pkg-1,National Highways Authority of India [NHAI],Roads & Highways,Punjab,2021-08,2023-06,2025-06,,809.51,966.99,467.61,53.0,NO_LEGACY_CODE;NO_PMGID
2025-12,FlashReport_December_2025.pdf,07f56e5457c63192ae7b5b4036f975f7eb058a3364a25a87cdc6ce2369082401,97,1184,618810,,,4L of existing Beas Baba Bakala - Dera Baba Nanak Section from start of Batala Bypass till intersection with Ajnala Gurdaspur Highway NH 354 near Dera Baba Nanak from Km. 31.300 to Km. 69.100 with Additional batala Bypass Pkg-II,National Highways Authority of India [NHAI],Roads & Highways,Punjab,2021-10,2023-06,2025-06,,1003.38,993.6,564.01,74.0,NO_LEGACY_CODE;NO_PMGID
2025-12,FlashReport_December_2025.pdf,07f56e5457c63192ae7b5b4036f975f7eb058a3364a25a87cdc6ce2369082401,97,1185,618906,,,4L of Amritsar-Ghoman - Tanda - Una Section from Km 8.270 to Km 54.000 of NH- 503A Package-I,National Highways Authority of India [NHAI],Roads & Highways,Punjab,2020-12,2022-06,2024-06,,857.91,1443.47,466.83,58.0,NO_LEGACY_CODE;NO_PMGID
2025-12,FlashReport_December_2025.pdf,07f56e5457c63192ae7b5b4036f975f7eb058a3364a25a87cdc6ce2369082401,97,1186,617887,,,Beawer Gomti 4LPS from km 58.245 to km 108.600 Pkg-I,MoRTH,Roads & Highways,Rajasthan,2020-12,2021-10,2023-10,2025-12,379.23,379.23,201.18,0.0,NO_LEGACY_CODE;NO_PMGID
2025-12,FlashReport_December_2025.pdf,07f56e5457c63192ae7b5b4036f975f7eb058a3364a25a87cdc6ce2369082401,97,1187,617891,,,"Construction of Two lane with Paved Shoulder for Fatehpur Bypass Design Km 0.000 to Km 7.400 , Mandawa Bypass Design Km 20.925 to Km 27.300 & Jhunjhunu Bypass Design Km 41.625 to Km 54.689 of NH-11 on EPC Mode in the state of Rajasthan .",MoRTH,Roads & Highways,Rajasthan,2022-03,2023-02,2024-08,2025-06,186.29,186.29,66.7,99.0,NO_LEGACY_CODE;NO_PMGID
2025-12,FlashReport_December_2025.pdf,07f56e5457c63192ae7b5b4036f975f7eb058a3364a25a87cdc6ce2369082401,97,1188,617900,,,Upgradation to Two Lane Paved Shoulder in km 33/0 to 126/520 of NH-23 Old NH- 11B Kothun-Lalsot-Karoli-Dholpur road in the state of Rajasthan under EPC mode Length-93.52 Km.,MoRTH,Roads & Highways,Rajasthan,2021-12,2022-09,2024-09,2025-03,150.11,150.11,12.2,97.0,NO_LEGACY_CODE;NO_PMGID
2025-12,FlashReport_December_2025.pdf,07f56e5457c63192ae7b5b4036f975f7eb058a3364a25a87cdc6ce2369082401,97,1189,617901,,,Widening of Pachpadra-Bagundi Section to 4 Lane from Km 73/60 to 95/70 of NH-25 on EPC mode in the state of Rajasthan.,MoRTH,Roads & Highways,Rajasthan,2022-01,2022-12,2024-12,2025-07,194.88,194.88,48.47,85.0,NO_LEGACY_CODE;NO_PMGID
2025-12,FlashReport_December_2025.pdf,07f56e5457c63192ae7b5b4036f975f7eb058a3364a25a87cdc6ce2369082401,97,1190,618011,,,Construction of 2 lane with paved shoulder for the work of Development of remaining sections of NH-325 Balotra to sanderao via Jalore to 2 lane with paved shoulder configuration by Construction of Byasses for town portions1 Asotra- Brahmdham bypass 2Siwana Bypass 3 Mokalsar Bypass 4 Major realignment at Kathadi 5 Major realignment at Bishangarh 6 Jalore Bypass 7 Ahore Town portion 8 Dujana Bypass in the state of Rajasthan on EPC Mode,MoRTH,Roads & Highways,Rajasthan,2021-12,2022-05,2024-05,2025-06,411.44,411.44,66.63,83.0,NO_LEGACY_CODE;NO_PMGID
2025-12,FlashReport_December_2025.pdf,07f56e5457c63192ae7b5b4036f975f7eb058a3364a25a87cdc6ce2369082401,98,1191,618093,,,Up-gradation to 2 lane with Paved shoulder from Charbhuja at Design km 0.00 existing km 150.00 to Neechli Oden Nathdwara at Design ch. Km 88.800 existing km 55.950 of NH-162E on EPC mode.,MoRTH,Roads & Highways,Rajasthan,2022-02,2023-09,2025-09,,838.43,838.43,55.04,0.0,NO_LEGACY_CODE;NO_PMGID
2025-12,FlashReport_December_2025.pdf,07f56e5457c63192ae7b5b4036f975f7eb058a3364a25a87cdc6ce2369082401,98,1192,618118,,,Upgradation of two lane paved shoulder from Shahpura existing km. 0.00 Design Ch. 000 to Thanagazi existing Km.37352 Design Ch. 36810 of NH-248A on EPC mode in the State of Rajasthan.,MoRTH,Roads & Highways,Rajasthan,2022-03,2023-02,2024-07,2025-03,174.34,174.34,63.51,90.0,NO_LEGACY_CODE;NO_PMGID
2025-12,FlashReport_December_2025.pdf,07f56e5457c63192ae7b5b4036f975f7eb058a3364a25a87cdc6ce2369082401,98,1193,618200,,,Construction of 2 lane with Paved Shoulder for Northern Bypass Phase-II of Kota city in the State of Rajasthan.,MoRTH,Roads & Highways,Rajasthan,2022-03,2023-10,2025-04,2026-06,317.74,317.74,5.97,0.0,NO_LEGACY_CODE;NO_PMGID
2025-12,FlashReport_December_2025.pdf,07f56e5457c63192ae7b5b4036f975f7eb058a3364a25a87cdc6ce2369082401,98,1194,618456,,,Delhi-Vadodara Greenfield Alignment NH-148N Pkg-14 Ch. 388.420 to Ch. 419.000 [Junction with NH- 76 to Junction with NH-12 near village Ummedpura],National Highways Authority of India [NHAI],Roads & Highways,Rajasthan,2019-11,2021-05,2023-05,2025-03,1119.35,1194.17,975.7,99.0,NO_LEGACY_CODE;NO_PMGID
2025-12,FlashReport_December_2025.pdf,07f56e5457c63192ae7b5b4036f975f7eb058a3364a25a87cdc6ce2369082401,98,1195,618457,,,Delhi-Vadodara Greenfield Alignment NH-148N Pkg-10 Ch. 292.950 to Ch. 319.400 [End of Interchange on NH-166 near village Mui to Hardeoganj village near Indergarh],National Highways Authority of India [NHAI],Roads & Highways,Rajasthan,2019-11,2021-05,2023-05,2024-07,1272.97,1265.16,1070.22,94.0,NO_LEGACY_CODE;NO_PMGID
2025-12,FlashReport_December_2025.pdf,07f56e5457c63192ae7b5b4036f975f7eb058a3364a25a87cdc6ce2369082401,98,1196,618458,,,Delhi-Vadodara Greenfield Alignment NH-148N Pkg-15 Ch. 419.000 to Ch.427.300 [Junction with NH-12 near village Ummedpura to Major bridge over Takli river near Nayagaon Jageer village],National Highways Authority of India [NHAI],Roads & Highways,Rajasthan,2020-07,2021-07,2024-01,2026-02,1854.68,1854.68,1270.78,85.0,NO_LEGACY_CODE;NO_PMGID
2025-12,FlashReport_December_2025.pdf,07f56e5457c63192ae7b5b4036f975f7eb058a3364a25a87cdc6ce2369082401,98,1197,618612,,,Deogarh near Dhandhaniya-Rajasthan/Gujarat Border Phase-I AJ/DRGB-Package-6,National Highways Authority of India [NHAI],Roads & Highways,Rajasthan,2019-10,2021-08,2023-08,2024-12,846.59,740.62,666.43,100.0,NO_LEGACY_CODE;NO_PMGID
2025-12,FlashReport_December_2025.pdf,07f56e5457c63192ae7b5b4036f975f7eb058a3364a25a87cdc6ce2369082401,98,1198,618613,,,Deogarh near Dhandhaniya-Rajasthan/Gujarat Border Phase-I AJ/DRGB-Package-7,National Highways Authority of India [NHAI],Roads & Highways,Rajasthan,2019-10,2021-07,2023-07,2024-12,662.08,597.77,503.05,100.0,NO_LEGACY_CODE;NO_PMGID
2025-12,FlashReport_December_2025.pdf,07f56e5457c63192ae7b5b4036f975f7eb058a3364a25a87cdc6ce2369082401,98,1199,618796,,,Tanot -Ramgarh-Bhadasar-Jaisalmer NH-68 and BhadasarMokal-Sarkaritala up to Pakisthan Border NH-968 Pkg-BM/5,National Highways Authority of India [NHAI],Roads & Highways,Rajasthan,2018-02,2019-04,2021-04,,828.58,830.37,226.86,100.0,NO_LEGACY_CODE;NO_PMGID
2025-12,FlashReport_December_2025.pdf,07f56e5457c63192ae7b5b4036f975f7eb058a3364a25a87cdc6ce2369082401,98,1200,618838,,,4L of Karwar Km. 281.980 of NH-62 Nagaur road to Dangiyavas of Jodhpur Ring Road Pkg-II,National Highways Authority of India [NHAI],Roads & Highways,Rajasthan,2021-11,2022-08,2024-08,,736.75,512.77,395.34,98.0,NO_LEGACY_CODE;NO_PMGID
2025-12,FlashReport_December_2025.pdf,07f56e5457c63192ae7b5b4036f975f7eb058a3364a25a87cdc6ce2369082401,98,1201,618071,,,Construction of two lane with paved shoulder Gangtok Bypass Road from Ranipool to Burtuk Ch 0.00 Km to 23.316 L23.316 Km in the State of Sikkim,MoRTH,Roads & Highways,Sikkim,2021-10,2022-05,2024-05,2025-01,385.15,342.89,0.0,78.0,NO_LEGACY_CODE;NO_PMGID
2025-12,FlashReport_December_2025.pdf,07f56e5457c63192ae7b5b4036f975f7eb058a3364a25a87cdc6ce2369082401,98,1202,618446,,,Construction & Upgradation of existing road to 2-lane with paved shoulder from New Rolep Bridge at km 37.600 to Chochenpheri at km 52.00 in the section of Rongli to Chochenpheri of NH 717B Pkg-II C,NHIDCL,Roads & Highways,Sikkim,2020-10,2021-05,2024-05,2025-02,493.42,478.79,0.0,64.0,NO_LEGACY_CODE;NO_PMGID
2025-12,FlashReport_December_2025.pdf,07f56e5457c63192ae7b5b4036f975f7eb058a3364a25a87cdc6ce2369082401,98,1203,618447,,,Construction of 2-Laning with Paved Shoulder of New Greenfield Alignment From Helipad near Menla at Km 82000 to Menla at Km 94030 of Rhenock-Menla Spur NH- 717B Package-IIIB on EPC Basis under SARDP-NE Phase 'A' in the State of Sikkim.,NHIDCL,Roads & Highways,Sikkim,2021-01,2021-02,2024-02,2025-11,410.6,379.3,0.0,33.0,NO_LEGACY_CODE;NO_PMGID
2025-12,FlashReport_December_2025.pdf,07f56e5457c63192ae7b5b4036f975f7eb058a3364a25a87cdc6ce2369082401,98,1204,618448,,,Construction of 2-Laning with Paved Shoulder of New Greenfield Alignment From Chochenpheri at Km 52000 to Helipad near Menla at Km 82000 of Rhenock-Menla Spur NH-717B Package-IIIA on EPC Basis under SARDP-NE Phase 'A' in the State of Sikkim.,NHIDCL,Roads & Highways,Sikkim,2020-10,2020-12,2023-12,2025-09,816.79,786.6,0.0,0.0,NO_LEGACY_CODE;NO_PMGID
2025-12,FlashReport_December_2025.pdf,07f56e5457c63192ae7b5b4036f975f7eb058a3364a25a87cdc6ce2369082401,98,1205,618449,,,Construction & Upgradation of existing road to 2-lane with paved shoulder from km27.200 End of Rongli bypass to km37.600New Rolep Bridge of Rhenok-Menla spur NH-717B on EPC Mode under SARDP-NE Phase-A in Sikkim Pkg-II B,NHIDCL,Roads & Highways,Sikkim,2020-07,2020-10,2023-04,2025-02,230.45,244.91,0.0,64.0,NO_LEGACY_CODE;NO_PMGID
2025-12,FlashReport_December_2025.pdf,07f56e5457c63192ae7b5b4036f975f7eb058a3364a25a87cdc6ce2369082401,98,1206,618450,,,Rehabilitation & Upgradation of existing road to 2-lane with paved shoulder including geometric improvement of section from start of Rabangla km33.600 to km58.840 under SARDP-NE Phase A Pkg- IV,NHIDCL,Roads & Highways,Sikkim,2020-07,2020-10,2022-05,2025-04,292.8,292.8,1.91,18.0,NO_LEGACY_CODE;NO_PMGID
2025-12,FlashReport_December_2025.pdf,07f56e5457c63192ae7b5b4036f975f7eb058a3364a25a87cdc6ce2369082401,98,1207,617962,,,"Construction of Bypass to Madurai Achambathu Viratipathu in between km 6/850 10/382 of NH 49 Extn New NH 85 including Land Acquisition on Engineering, Procurement & Construction EPC basis Contract under NH O Annual Plan 2021-22 in the state of Tamil Nadu job No.NH-49 Extn New NH 85 - TN-2021-22-997",MoRTH,Roads & Highways,Tamil Nadu,2022-03,2024-09,2026-08,,238.97,260.07,85.64,72.0,NO_LEGACY_CODE;NO_PMGID
2025-12,FlashReport_December_2025.pdf,07f56e5457c63192ae7b5b4036f975f7eb058a3364a25a87cdc6ce2369082401,98,1208,618478,,,Bangalore Chennai Expressway Phase-III Package II Walajahpet to Arakkonam from Km 180.000 to Km 204.500,National Highways Authority of India [NHAI],Roads & Highways,Tamil Nadu,2021-01,2022-07,2024-07,,1106.65,1106.65,496.04,90.0,NO_LEGACY_CODE;NO_PMGID
2025-12,FlashReport_December_2025.pdf,07f56e5457c63192ae7b5b4036f975f7eb058a3364a25a87cdc6ce2369082401,98,1209,618479,,,Bangalore Chennai Expressway Phase-III Package III Arakkonam to Kancheepuram from Km 204.500 to Km 230.000,National Highways Authority of India [NHAI],Roads & Highways,Tamil Nadu,2020-12,2022-08,2024-07,2025-03,1525.1,1525.1,353.81,53.0,NO_LEGACY_CODE;NO_PMGID
2025-12,FlashReport_December_2025.pdf,07f56e5457c63192ae7b5b4036f975f7eb058a3364a25a87cdc6ce2369082401,98,1210,618481,,,4L Bangalore-Chennai Expressway from Km. 230.000 to Km. 261.705 of Kanchepuram to Sriperumbudur Section Phase-III/Package-IV,National Highways Authority of India [NHAI],Roads & Highways,Tamil Nadu,2021-02,2022-07,2024-07,,3605.73,3605.73,878.13,62.0,NO_LEGACY_CODE;NO_PMGID
2025-12,FlashReport_December_2025.pdf,07f56e5457c63192ae7b5b4036f975f7eb058a3364a25a87cdc6ce2369082401,98,1211,618521,,,Karaipettai to Walajapet from Km 71.015 to 107.091,National Highways Authority of India [NHAI],Roads & Highways,Tamil Nadu,2018-08,2019-02,2021-02,2025-04,766.51,766.51,426.79,88.0,NO_LEGACY_CODE;NO_PMGID
2025-12,FlashReport_December_2025.pdf,07f56e5457c63192ae7b5b4036f975f7eb058a3364a25a87cdc6ce2369082401,98,1212,618563,,,4L of Madurai Ring Road Phase 1 [Vadipatti-Thamrapatti] from km 0.00 - km 29.960,National Highways Authority of India [NHAI],Roads & Highways,Tamil Nadu,2018-12,2020-03,2022-03,2025-08,900.05,900.05,535.7,90.0,NO_LEGACY_CODE;NO_PMGID
2025-12,FlashReport_December_2025.pdf,07f56e5457c63192ae7b5b4036f975f7eb058a3364a25a87cdc6ce2369082401,99,1213,618608,,,4L of left-over works including additional structures from Kerala/Tamil Nadu border to Kanyakumari Section from Km 43.0 to Km 96.174 of NH66,National Highways Authority of India [NHAI],Roads & Highways,Tamil Nadu,2022-11,2023-08,2025-08,2026-04,1564.23,1263.42,802.39,70.0,NO_LEGACY_CODE;NO_PMGID
2025-12,FlashReport_December_2025.pdf,07f56e5457c63192ae7b5b4036f975f7eb058a3364a25a87cdc6ce2369082401,99,1214,618635,,,6L of Pondavakkam to Kannigaipair from km 96.040 to km 116.100 of NH 716B Pkg- IV,National Highways Authority of India [NHAI],Roads & Highways,Tamil Nadu,2021-02,2023-01,2025-01,2025-11,1359.81,1359.81,301.77,31.0,NO_LEGACY_CODE;NO_PMGID
2025-12,FlashReport_December_2025.pdf,07f56e5457c63192ae7b5b4036f975f7eb058a3364a25a87cdc6ce2369082401,99,1215,618744,,,4L of Thirumangalam to Vadugapatti section from km 0.000 to km 36.000 of NH-744,National Highways Authority of India [NHAI],Roads & Highways,Tamil Nadu,2022-03,2023-02,2025-02,,1076.97,791.6,651.91,92.0,NO_LEGACY_CODE;NO_PMGID
2025-12,FlashReport_December_2025.pdf,07f56e5457c63192ae7b5b4036f975f7eb058a3364a25a87cdc6ce2369082401,99,1216,618745,,,4L of Vadugapatti to Therkuvenganallur Rajapalyam section from km 36.000 to km 71.600 of NH-744,National Highways Authority of India [NHAI],Roads & Highways,Tamil Nadu,2022-02,2023-04,2025-04,,1317.6,1137.16,917.08,99.0,NO_LEGACY_CODE;NO_PMGID
2025-12,FlashReport_December_2025.pdf,07f56e5457c63192ae7b5b4036f975f7eb058a3364a25a87cdc6ce2369082401,99,1217,618756,,,Melur - Pilayarpatti - Karaikudi from km 99.920 of NH 38 to km 12.9 of NH 383 Ext.,National Highways Authority of India [NHAI],Roads & Highways,Tamil Nadu,2018-12,2020-03,2022-03,2025-05,1103.86,1085.41,157.65,90.0,NO_LEGACY_CODE;NO_PMGID
2025-12,FlashReport_December_2025.pdf,07f56e5457c63192ae7b5b4036f975f7eb058a3364a25a87cdc6ce2369082401,99,1218,618800,,,Construction of New Double Tier 4L Elevated Corridor from Chennai Port to Maduravoyal in Chennai District from km -0.342 to Km 20.593 and Package II from Km 4.604 to Km 9.700,National Highways Authority of India [NHAI],Roads & Highways,Tamil Nadu,2023-03,2023-11,2026-05,,1616.97,1616.97,99.84,13.0,NO_LEGACY_CODE;NO_PMGID
2025-12,FlashReport_December_2025.pdf,07f56e5457c63192ae7b5b4036f975f7eb058a3364a25a87cdc6ce2369082401,99,1219,618801,,,Construction of New Double Tier 4-lane Elevated Corridor from Chennai Port to Maduravoyal in Chennai District from Km -0342 to Km 20223 Package 1 from Km - 0342 to Km 4604,National Highways Authority of India [NHAI],Roads & Highways,Tamil Nadu,2023-03,2023-11,2026-05,,1388.59,1388.59,120.51,14.0,NO_LEGACY_CODE;NO_PMGID
2025-12,FlashReport_December_2025.pdf,07f56e5457c63192ae7b5b4036f975f7eb058a3364a25a87cdc6ce2369082401,99,1220,618894,,,4L of Madathukulam - Pollachi from km. 74.38 to km. 116.95 of old NH-209 New NH- 83,National Highways Authority of India [NHAI],Roads & Highways,Tamil Nadu,2019-01,2020-12,2022-12,,1772.13,1772.13,211.73,90.0,NO_LEGACY_CODE;NO_PMGID
2025-12,FlashReport_December_2025.pdf,07f56e5457c63192ae7b5b4036f975f7eb058a3364a25a87cdc6ce2369082401,99,1221,618895,,,Kamalapuram to Oddanchatram from km. 0.00 to km. 35.822,National Highways Authority of India [NHAI],Roads & Highways,Tamil Nadu,2019-01,2021-01,2023-01,2026-03,1319.42,1319.42,331.43,88.0,NO_LEGACY_CODE;NO_PMGID
2025-12,FlashReport_December_2025.pdf,07f56e5457c63192ae7b5b4036f975f7eb058a3364a25a87cdc6ce2369082401,99,1222,618897,,,4L of Sethiyathope -Cholapuram section from Km. 65.960 to Km. 116.440 section of NH45 C Pkg-II,National Highways Authority of India [NHAI],Roads & Highways,Tamil Nadu,,2018-08,2020-08,2024-06,2356.19,2356.9,1011.27,100.0,NO_LEGACY_CODE;NO_PMGID;DATE_PARSE_FAIL
2025-12,FlashReport_December_2025.pdf,07f56e5457c63192ae7b5b4036f975f7eb058a3364a25a87cdc6ce2369082401,99,1223,617913,,,6-laning of km 9.900 to km 19/948 Aramgarh to Shamshabad Section of Hyderabad- Bangalore section of NH-44 Under NHO EPC basis in the state of Telangana,MoRTH,Roads & Highways,Telangana,2018-01,2018-05,2020-05,2021-07,283.15,300.7,252.28,88.0,NO_LEGACY_CODE;NO_PMGID
2025-12,FlashReport_December_2025.pdf,07f56e5457c63192ae7b5b4036f975f7eb058a3364a25a87cdc6ce2369082401,99,1224,617936,,,Widening to two/four lane with paved shoulder from Km.180.600 to Km.223.000 of NH-63 on Nizamabad-Jagadalpur road on EPC mode under NHO in the state of Telangana.,MoRTH,Roads & Highways,Telangana,2016-10,2017-03,2019-03,,253.99,183.26,0.0,0.0,NO_LEGACY_CODE;NO_PMGID
2025-12,FlashReport_December_2025.pdf,07f56e5457c63192ae7b5b4036f975f7eb058a3364a25a87cdc6ce2369082401,99,1225,617940,,,"Rehabilitation and Upgradation of LB-Nagar to Malkapur section to 6-Lane main carriageway with service roads, drains cum footpath, including VUPs and widening of Minor bridge & road safety provisions from Km. 15/00 to Km 40/00 of NH-65 Old NH-9 under NH O for the year 2020-21 in the state of Telangana on EPC Mode.",MoRTH,Roads & Highways,Telangana,2021-03,2022-07,2024-07,2025-09,545.11,545.11,258.75,60.0,NO_LEGACY_CODE;NO_PMGID
2025-12,FlashReport_December_2025.pdf,07f56e5457c63192ae7b5b4036f975f7eb058a3364a25a87cdc6ce2369082401,99,1226,617980,,,Construction of six lane elevated corridor from km 7.950 Uppal to km 14.200 of NH- 163 to De-Congest the urban limits of Hyderabad-Bhoopalapatnam section on EPC mode in the state of Telangana,MoRTH,Roads & Highways,Telangana,2018-03,2018-07,2020-07,2026-04,626.76,626.76,13.91,49.0,NO_LEGACY_CODE;NO_PMGID
2025-12,FlashReport_December_2025.pdf,07f56e5457c63192ae7b5b4036f975f7eb058a3364a25a87cdc6ce2369082401,99,1227,617982,,,Widening and strengthening of existing 2-lane to 2- lane with paved shoulders from km 159/0 to 165/4 and 186/0 to 215/0 of NH-163 on EPC mode int the state of Telangana,MoRTH,Roads & Highways,Telangana,2018-01,2018-06,2019-11,2020-12,230.03,230.03,0.0,0.0,NO_LEGACY_CODE;NO_PMGID
2025-12,FlashReport_December_2025.pdf,07f56e5457c63192ae7b5b4036f975f7eb058a3364a25a87cdc6ce2369082401,99,1228,617983,,,Widening & Strengthening of Existing 2LPS to 4 lane PS from Km 150000 to Km 159000 and Km 165400 to Km 186000 of NH-163 old NH-202 under NH O for the year 2020-21 on EPC Mode in the state of Telangana.,MoRTH,Roads & Highways,Telangana,2021-03,2022-07,2024-07,2025-04,317.19,300.56,168.8,82.0,NO_LEGACY_CODE;NO_PMGID
2025-12,FlashReport_December_2025.pdf,07f56e5457c63192ae7b5b4036f975f7eb058a3364a25a87cdc6ce2369082401,99,1229,617992,,,Rehabilitation & upgradation of NH - 167 from design km 187.723 to 234.434 Miryalaguda to Kodad section to two lane with paved shoulder on EPC mode in the state of Telangana,MoRTH,Roads & Highways,Telangana,2018-03,2018-09,2020-09,,322.81,322.81,43.78,0.0,NO_LEGACY_CODE;NO_PMGID
2025-12,FlashReport_December_2025.pdf,07f56e5457c63192ae7b5b4036f975f7eb058a3364a25a87cdc6ce2369082401,99,1230,617994,,,Rehabilitation and upgradation of NH-167 from design km 113.900 to 154.479 Mallepally Haliya section to two lane with paved shoulders on EPC mode in the stte of Telangana,MoRTH,Roads & Highways,Telangana,2018-02,2018-06,2019-11,,294.13,257.61,3.16,88.0,NO_LEGACY_CODE;NO_PMGID
2025-12,FlashReport_December_2025.pdf,07f56e5457c63192ae7b5b4036f975f7eb058a3364a25a87cdc6ce2369082401,99,1231,617995,,,Widening to Two Lane with Paved Shoulders from Km 67.000 to Km 114.425 of Kalwakurthy- Mallapally Section of NH 167 Erstwhile section of SH 18 in the State of Telangana on EPC mode under NH O Annual Plan 2016-17,MoRTH,Roads & Highways,Telangana,2017-01,2017-05,2019-05,2021-07,300.0,300.0,2.08,99.0,NO_LEGACY_CODE;NO_PMGID
2025-12,FlashReport_December_2025.pdf,07f56e5457c63192ae7b5b4036f975f7eb058a3364a25a87cdc6ce2369082401,99,1232,617996,,,Widening to 2/4 Lane with paved shoulders from Km 182.120 to Km 227.600 of NH 167 on Haggari-Jadcherla Road on EPC mode under NHO in the state of Telangana,MoRTH,Roads & Highways,Telangana,2016-10,2017-02,2019-02,2023-07,298.0,298.0,228.09,95.0,NO_LEGACY_CODE;NO_PMGID
2025-12,FlashReport_December_2025.pdf,07f56e5457c63192ae7b5b4036f975f7eb058a3364a25a87cdc6ce2369082401,99,1233,618001,,,"Construction of 4-lane flyover at Amberpet-X road, Hyderabad on NH-202 in the State of Telangana",MoRTH,Roads & Highways,Telangana,2018-05,2021-06,2023-06,2024-04,216.53,265.88,154.05,36.0,NO_LEGACY_CODE;NO_PMGID
2025-12,FlashReport_December_2025.pdf,07f56e5457c63192ae7b5b4036f975f7eb058a3364a25a87cdc6ce2369082401,99,1234,618025,,,Rehabiitation and upgradation from km 121/000 to 154/000 Nakrekal to Mallampally section of NH-365 to 2 lane with paved shoulders in the state of Telangana in the EPC mode,MoRTH,Roads & Highways,Telangana,2018-03,2018-06,2019-12,,192.67,192.67,0.0,96.0,NO_LEGACY_CODE;NO_PMGID
2025-12,FlashReport_December_2025.pdf,07f56e5457c63192ae7b5b4036f975f7eb058a3364a25a87cdc6ce2369082401,100,1235,618026,,,Rehabilitation and upgradation to two lane with paved shoulders from Km 0/000 to 72/6 of NH-365 Nakrekal to Tanamcherla section under NHDP IV in the state of Telangana under EPC mode,MoRTH,Roads & Highways,Telangana,2017-06,2017-11,2019-10,,605.08,605.08,0.0,0.0,NO_LEGACY_CODE;NO_PMGID
2025-12,FlashReport_December_2025.pdf,07f56e5457c63192ae7b5b4036f975f7eb058a3364a25a87cdc6ce2369082401,100,1236,618104,,,Widening to two lane with paved shoulders from Km 0/000 to Km 79/300 of Kalwakurthy - Kollapur section of NH-167K in the state of Telangana under annual plan 2021-22 on EPC mode under NHO.,MoRTH,Roads & Highways,Telangana,2022-03,2023-07,2025-07,,886.69,886.69,557.4,78.0,NO_LEGACY_CODE;NO_PMGID
2025-12,FlashReport_December_2025.pdf,07f56e5457c63192ae7b5b4036f975f7eb058a3364a25a87cdc6ce2369082401,100,1237,618105,,,Widening and strengthening to 4 lane / 2-lane with paved shoulders of Mahabubnagar - Chincholi section from km 60/255 to Km 102/834 of NH-167N in the State of Telangana on EPC mode.,MoRTH,Roads & Highways,Telangana,2022-03,2023-10,2025-10,,631.49,631.49,71.91,0.0,NO_LEGACY_CODE;NO_PMGID
2025-12,FlashReport_December_2025.pdf,07f56e5457c63192ae7b5b4036f975f7eb058a3364a25a87cdc6ce2369082401,100,1238,618106,,,Widening and Strengthening to 2/4 lane with paved shoulders of Mahabubnagar Chincholi section from Km 0/0 to Km 60/255 of NH-167N in the state of Telangana under Annual plan 2021-22 on EPC modepackage-I under NHO Job No.167N-TS- 2021-22-75,MoRTH,Roads & Highways,Telangana,2022-01,2023-01,2025-01,,703.68,703.68,252.3,87.0,NO_LEGACY_CODE;NO_PMGID
2025-12,FlashReport_December_2025.pdf,07f56e5457c63192ae7b5b4036f975f7eb058a3364a25a87cdc6ce2369082401,100,1239,618132,,,Widening & strengthening of existing carriageway in 2 lane with paved shoulders from km 25/0 to 59/2 design Ch km 25.467 to 59.200 of NH - 353C on EPC mode in the state of Telangana,MoRTH,Roads & Highways,Telangana,2018-02,2018-06,2020-06,,206.13,206.13,152.77,98.0,NO_LEGACY_CODE;NO_PMGID
2025-12,FlashReport_December_2025.pdf,07f56e5457c63192ae7b5b4036f975f7eb058a3364a25a87cdc6ce2369082401,100,1240,618141,,,Widening and Improvement of existing carriage way to 2 lane with paved shoulders from Km. 86/160 to 131/730 of Jangaon-Duddeda section of NH-365B in the State of Telangana on EPC Mode,MoRTH,Roads & Highways,Telangana,2022-01,2022-12,2024-12,2025-06,423.48,423.48,159.94,0.0,NO_LEGACY_CODE;NO_PMGID
2025-12,FlashReport_December_2025.pdf,07f56e5457c63192ae7b5b4036f975f7eb058a3364a25a87cdc6ce2369082401,100,1241,618142,,,Widening to Two lane with Paved shoulders from km.40/410 to 84/037 of Thirumanlagiri-- Suryapet Section of NH-365B earstwhile section of SH-16,MoRTH,Roads & Highways,Telangana,2017-01,2017-05,2019-05,2019-05,244.54,244.54,0.0,99.0,NO_LEGACY_CODE;NO_PMGID
2025-12,FlashReport_December_2025.pdf,07f56e5457c63192ae7b5b4036f975f7eb058a3364a25a87cdc6ce2369082401,100,1242,618143,,,widening to two lane with Paved shoulders from Km.0/970 to Km.40/410 of Jangaon - Thirumal giriof NH- 365B in the state of Telanganaon EPC mode under NHO Annual Plan 2016-17,MoRTH,Roads & Highways,Telangana,2017-03,2017-11,2019-10,2019-10,197.0,197.0,0.0,92.0,NO_LEGACY_CODE;NO_PMGID
2025-12,FlashReport_December_2025.pdf,07f56e5457c63192ae7b5b4036f975f7eb058a3364a25a87cdc6ce2369082401,100,1243,618186,,,"Rehabilitation and Up-gradation of Valigonda to Thorrur Section to Two Lane with Paved Shoulders from Km 39.180 to Km 108.300 of NH-930P in the State of Telangana on Engineering, Procurement and Construction EPC Basis",MoRTH,Roads & Highways,Telangana,2022-01,2022-12,2024-12,2025-04,549.28,549.28,280.02,82.0,NO_LEGACY_CODE;NO_PMGID
2025-12,FlashReport_December_2025.pdf,07f56e5457c63192ae7b5b4036f975f7eb058a3364a25a87cdc6ce2369082401,100,1244,618190,,,Widening to two lane with paved shoulders of 'Bodhan Basar Bhainsa ' section from Km 38/900 to 95/300 of NH-161BB in the state of Telangana under Annual Plan 2021- 22 on EPC Mode under NH O.,MoRTH,Roads & Highways,Telangana,2022-03,2023-03,2025-03,,644.45,644.45,348.93,0.0,NO_LEGACY_CODE;NO_PMGID
2025-12,FlashReport_December_2025.pdf,07f56e5457c63192ae7b5b4036f975f7eb058a3364a25a87cdc6ce2369082401,100,1245,618196,,,Widening to 2 lane with Paved Shoulders of Siddipet-Elkathurthy section from Km 69/978 to km 133/619 of NH-765DG in the State of Telangana under Annual plan 2021-22 on EPC mode,MoRTH,Roads & Highways,Telangana,2022-01,2022-12,2024-12,2025-01,578.85,578.85,0.0,76.0,NO_LEGACY_CODE;NO_PMGID
2025-12,FlashReport_December_2025.pdf,07f56e5457c63192ae7b5b4036f975f7eb058a3364a25a87cdc6ce2369082401,100,1246,618197,,,Widening to 2 lane with Paved Shoulders of Medak - Siddipet section from Km 0/0 to km 69/978 of NH-765DG in the State of Telangana under Annual plan 2021-22 on EPC mode,MoRTH,Roads & Highways,Telangana,2022-01,2023-01,2025-01,2025-07,882.18,882.18,347.42,73.0,NO_LEGACY_CODE;NO_PMGID
2025-12,FlashReport_December_2025.pdf,07f56e5457c63192ae7b5b4036f975f7eb058a3364a25a87cdc6ce2369082401,100,1247,618558,,,Improvement of Geometrics of Kalkallu to Gundla Pochanpalli from Km 454.00 to Km 471.00 of NH-44,National Highways Authority of India [NHAI],Roads & Highways,Telangana,2022-03,2023-01,2025-01,2026-07,955.49,903.17,427.03,35.0,NO_LEGACY_CODE;NO_PMGID
2025-12,FlashReport_December_2025.pdf,07f56e5457c63192ae7b5b4036f975f7eb058a3364a25a87cdc6ce2369082401,100,1248,618559,,,6L of existing 4L from Gundlapochampally to Bowenpally from km 471.300 to km 481.331 of NH-44,National Highways Authority of India [NHAI],Roads & Highways,Telangana,2021-12,2022-08,2024-07,2026-04,521.53,528.21,256.27,50.0,NO_LEGACY_CODE;NO_PMGID
2025-12,FlashReport_December_2025.pdf,07f56e5457c63192ae7b5b4036f975f7eb058a3364a25a87cdc6ce2369082401,100,1249,618560,,,Improvement of Geometrics of Thondupally to Kothur from Km 22.300 to Km 34.14 of NH-44,National Highways Authority of India [NHAI],Roads & Highways,Telangana,2022-03,2023-03,2024-09,,541.58,527.43,45.13,10.0,NO_LEGACY_CODE;NO_PMGID
2025-12,FlashReport_December_2025.pdf,07f56e5457c63192ae7b5b4036f975f7eb058a3364a25a87cdc6ce2369082401,100,1250,618746,,,Khammam-Devarapalle Pkg I [4L Access Controlled Greenfield from Thallampadu village to Somavaram village Design Chainage 0000 to 33604],National Highways Authority of India [NHAI],Roads & Highways,Telangana,2021-01,2022-10,2024-10,2026-01,797.36,1337.18,570.63,91.0,NO_LEGACY_CODE;NO_PMGID
2025-12,FlashReport_December_2025.pdf,07f56e5457c63192ae7b5b4036f975f7eb058a3364a25a87cdc6ce2369082401,100,1251,618945,,,4L of Kodad Design Km 0.00/Existing Km 185.00 of NH-65 to Khammam Design Km 31.800/Existing Km 29.400 of NH-365A,National Highways Authority of India [NHAI],Roads & Highways,Telangana,2021-01,2022-01,2024-05,2025-05,1149.17,1606.99,688.18,99.0,NO_LEGACY_CODE;NO_PMGID
2025-12,FlashReport_December_2025.pdf,07f56e5457c63192ae7b5b4036f975f7eb058a3364a25a87cdc6ce2369082401,100,1252,618307,,,Rehabilitation and up-gradation of road from km 16.077 to km 43.935 total length 27.858 km of Lalchara-Kanchanpur section via Shivbari on NH-44A to 2 lane with paved shoulder in the state of Tripura on EPC Mode Pkg-2 under BharatMala Pariyojana Manu-Simlung -2,NHIDCL,Roads & Highways,Tripura,2022-02,2023-01,2025-01,2025-04,456.88,456.88,0.0,0.0,NO_LEGACY_CODE;NO_PMGID
2025-12,FlashReport_December_2025.pdf,07f56e5457c63192ae7b5b4036f975f7eb058a3364a25a87cdc6ce2369082401,100,1253,618368,,,Improvement and Widening to 2-lane with paved shoulder of road from design Km 36.000 Rangamati to design Km 72.000 Pati Chhari Total length 36.000 Km on Teliamura to Harina section of NH 208 in the state of Tripura on EPC mode under JICA ODA Loan Phase VI Package-3,NHIDCL,Roads & Highways,Tripura,2024-01,2024-09,2026-09,,670.9,670.9,0.0,6.0,NO_LEGACY_CODE;NO_PMGID
2025-12,FlashReport_December_2025.pdf,07f56e5457c63192ae7b5b4036f975f7eb058a3364a25a87cdc6ce2369082401,101,1254,618369,,,Improvement and Widening to 2-lane with paved shoulder of road from existing Km 438.170 Khowai Chowmuhani to existing Km 439.410 South Pulinpur of NH-08 and from design Km 0.000 South Pulinpur to design Km 36.00 near Rangamati of NH 208 on Khowai Teliamura- Harina section Total length 37.24 in the state of Tripura on EPC mode under JICA ODA Loan Phase VI Package-2,NHIDCL,Roads & Highways,Tripura,2024-01,2024-09,2026-09,,657.21,657.21,0.0,42.0,NO_LEGACY_CODE;NO_PMGID
2025-12,FlashReport_December_2025.pdf,07f56e5457c63192ae7b5b4036f975f7eb058a3364a25a87cdc6ce2369082401,101,1255,618370,,,Improvement and Widening to 2-lane with paved shoulder of road from Km 101.300 to km 127.319 Total Length 26.019 Km i.e. the Khowai Teliamura-Amarpur-Harina- Sabroom section of NH 208 in the state of Tripura on EPC under JICA ODA Loan Phase VI Package-1,NHIDCL,Roads & Highways,Tripura,2024-01,2024-07,2026-07,,431.78,431.78,0.0,0.0,NO_LEGACY_CODE;NO_PMGID
2025-12,FlashReport_December_2025.pdf,07f56e5457c63192ae7b5b4036f975f7eb058a3364a25a87cdc6ce2369082401,101,1256,618385,,,Rehabilitation and up-gradation of road from design km 25.250 to km 36.460 Total lengh 11.210 km of Kailashahar-Kurti Bridge section on NH-208A to 2-lane with paved shoulder on EPC basis under NHO Package-III- Balance Work,NHIDCL,Roads & Highways,Tripura,2020-02,2024-09,2025-09,,174.43,174.43,0.0,0.0,NO_LEGACY_CODE;NO_PMGID
2025-12,FlashReport_December_2025.pdf,07f56e5457c63192ae7b5b4036f975f7eb058a3364a25a87cdc6ce2369082401,101,1257,618386,,,Rehabilitation & Upgradation of Road from Km 0.00 to Km 18.600 Total length-18.600 km of Kumarghat-Kailashahar section on NH-208 to 2-lane with Paved shoulder on EPC bais under NHO,NHIDCL,Roads & Highways,Tripura,2020-02,2020-07,2022-01,2024-10,277.5,302.03,0.0,0.0,NO_LEGACY_CODE;NO_PMGID
2025-12,FlashReport_December_2025.pdf,07f56e5457c63192ae7b5b4036f975f7eb058a3364a25a87cdc6ce2369082401,101,1258,618411,,,Melaghar-Srimantapur section on NH-08 Spur from Km 23 to Km 34.500 11.5 Km and overlay from Km 20.30 to Km 22.00 1.7 Km Total Length 13.2 Km,NHIDCL,Roads & Highways,Tripura,2023-01,2023-05,2024-11,2025-12,195.95,195.95,0.0,0.0,NO_LEGACY_CODE;NO_PMGID
2025-12,FlashReport_December_2025.pdf,07f56e5457c63192ae7b5b4036f975f7eb058a3364a25a87cdc6ce2369082401,101,1259,618417,,,"Construction of 4-Lane with paved shoulder Agartala bypass Western side, length 25.402 km connecting NH-8 near Amtali to NH-108B near Lembuchhera in the state of Tripura on EPC basis under NHO-NE",NHIDCL,Roads & Highways,Tripura,2023-03,2024-03,2027-03,,2026.05,2026.05,0.0,0.0,NO_LEGACY_CODE;NO_PMGID
2025-12,FlashReport_December_2025.pdf,07f56e5457c63192ae7b5b4036f975f7eb058a3364a25a87cdc6ce2369082401,101,1260,617957,,,Construction of Jasra Bypass with four lane paved shoulder configurationfrom Km 379.670 on NH-76New NH-35 to Km 18.00 on NH-27New NH-30 on EPC in the State of Uttar Pradesh.,MoRTH,Roads & Highways,Uttar Pradesh,2023-02,2024-03,2025-09,,274.06,274.06,0.0,91.0,NO_LEGACY_CODE;NO_PMGID
2025-12,FlashReport_December_2025.pdf,07f56e5457c63192ae7b5b4036f975f7eb058a3364a25a87cdc6ce2369082401,101,1261,617964,,,"Widening to Four Lane rigid pavement configuration from Km 90.00 to Km 100.800 on NH-96 Km 42.0 to Km 53.300 as per new NH-330,design length of 11.300 km under EPC mode in the state of Uttar Pradesh.",MoRTH,Roads & Highways,Uttar Pradesh,2022-12,2024-11,2026-11,,309.63,309.63,24.81,22.0,NO_LEGACY_CODE;NO_PMGID
2025-12,FlashReport_December_2025.pdf,07f56e5457c63192ae7b5b4036f975f7eb058a3364a25a87cdc6ce2369082401,101,1262,618008,,,"Construction of four-lane elevated viaduct from km.4634 to km.6345 on NH-24A including Retaining wall, service lane, at grade road and improvement of junctions, on EPC mode",MoRTH,Roads & Highways,Uttar Pradesh,2021-03,2022-03,2023-09,2024-03,185.09,269.81,158.8,100.0,NO_LEGACY_CODE;NO_PMGID
2025-12,FlashReport_December_2025.pdf,07f56e5457c63192ae7b5b4036f975f7eb058a3364a25a87cdc6ce2369082401,101,1263,618009,,,Balance work of Construction of Ring Road for Raebareli City on eastern side of NH- 24B Phase-1 on EPC mode.,MoRTH,Roads & Highways,Uttar Pradesh,2019-12,2020-10,2022-04,2022-07,319.96,347.8,0.0,0.0,NO_LEGACY_CODE;NO_PMGID
2025-12,FlashReport_December_2025.pdf,07f56e5457c63192ae7b5b4036f975f7eb058a3364a25a87cdc6ce2369082401,101,1264,618054,,,Construction of Balrampur bypass with 2L flexible pavement configuration from km.223.000 of NH-330 to km.328.300 of NH-730 under EPC mode,MoRTH,Roads & Highways,Uttar Pradesh,2022-12,2024-08,2026-02,,515.69,515.69,80.95,40.0,NO_LEGACY_CODE;NO_PMGID
2025-12,FlashReport_December_2025.pdf,07f56e5457c63192ae7b5b4036f975f7eb058a3364a25a87cdc6ce2369082401,101,1265,618055,,,Construction of Pratapgarh Bypass Extension connecting NH-31 to NH-330 on EPC mode in the State of Uttar Pradesh.,MoRTH,Roads & Highways,Uttar Pradesh,2022-10,2024-01,2025-06,,225.17,225.17,0.0,66.0,NO_LEGACY_CODE;NO_PMGID
2025-12,FlashReport_December_2025.pdf,07f56e5457c63192ae7b5b4036f975f7eb058a3364a25a87cdc6ce2369082401,101,1266,618056,,,Improvement and Up-gradation to two Lane with Paved Shoulder Configuration from existing km. 420.00 Shohrathgarh to km. 454.00 Uska Bazar of NH-730 in the state of Uttar Pradesh EPC basis,MoRTH,Roads & Highways,Uttar Pradesh,2022-01,2024-03,2025-09,2026-04,509.65,484.42,84.14,48.0,NO_LEGACY_CODE;NO_PMGID
2025-12,FlashReport_December_2025.pdf,07f56e5457c63192ae7b5b4036f975f7eb058a3364a25a87cdc6ce2369082401,101,1267,618057,,,Construction of Shohratgarh Bypass on NH-730 under EPC mode in the State of Uttar Pradesh,MoRTH,Roads & Highways,Uttar Pradesh,2022-10,2023-11,2025-05,,189.31,189.31,0.0,0.0,NO_LEGACY_CODE;NO_PMGID
2025-12,FlashReport_December_2025.pdf,07f56e5457c63192ae7b5b4036f975f7eb058a3364a25a87cdc6ce2369082401,101,1268,618063,,,Widening & Strenghteningof section from Bharthana chowk to Kodarkoot km.0.00 to km.40.00 of NH-91-A on EPC mode,MoRTH,Roads & Highways,Uttar Pradesh,2020-03,2023-03,2024-09,2025-08,262.37,343.77,112.46,90.0,NO_LEGACY_CODE;NO_PMGID
2025-12,FlashReport_December_2025.pdf,07f56e5457c63192ae7b5b4036f975f7eb058a3364a25a87cdc6ce2369082401,101,1269,618075,,,Construction of two lane with paved shoulder from existing Km.0.000 to Km.55.610 design km. 0.000 to km. 54.048 of NH-124D,MoRTH,Roads & Highways,Uttar Pradesh,2021-12,2024-02,2026-02,,840.93,773.58,134.9,55.0,NO_LEGACY_CODE;NO_PMGID
2025-12,FlashReport_December_2025.pdf,07f56e5457c63192ae7b5b4036f975f7eb058a3364a25a87cdc6ce2369082401,101,1270,618081,,,Construction of Mariahu Bypass with four lane paved shoulder configuration Km. 53.540 to Km.59.200 of NH-135A on EPC mode in the state of Uttar Pradesh,MoRTH,Roads & Highways,Uttar Pradesh,2023-03,2024-02,2026-02,,438.24,362.39,0.0,44.0,NO_LEGACY_CODE;NO_PMGID
2025-12,FlashReport_December_2025.pdf,07f56e5457c63192ae7b5b4036f975f7eb058a3364a25a87cdc6ce2369082401,101,1271,618082,,,Widening & Upgradation to four lane configuration from Km.34.900 Bhadohi to km.73.134 Jaunpur of NH-135A on EPC mode,MoRTH,Roads & Highways,Uttar Pradesh,2021-03,2022-11,2024-05,,395.62,392.03,0.0,84.0,NO_LEGACY_CODE;NO_PMGID
2025-12,FlashReport_December_2025.pdf,07f56e5457c63192ae7b5b4036f975f7eb058a3364a25a87cdc6ce2369082401,101,1272,618110,,,Improvement and upgradation to two lane with Paved Shoulder configuration from existing km 55.00 to km 90.00 Design length 34.76 of NH-227A near Chhapia Village to near Sikriganj in the State of UP on EPC Mode.,MoRTH,Roads & Highways,Uttar Pradesh,2021-11,2022-11,2024-05,2025-07,307.11,307.11,125.88,0.0,NO_LEGACY_CODE;NO_PMGID
2025-12,FlashReport_December_2025.pdf,07f56e5457c63192ae7b5b4036f975f7eb058a3364a25a87cdc6ce2369082401,101,1273,618111,,,Improvement and upgradation to two lane with paved shoulder configuration from existing km 90.00 to 130.00 Design length 39.15 of NH-227A near Sikriganj to Barhalganj in the State of UP on EPC Mode.,MoRTH,Roads & Highways,Uttar Pradesh,2021-08,2023-12,2025-06,,403.36,345.34,0.0,84.0,NO_LEGACY_CODE;NO_PMGID
2025-12,FlashReport_December_2025.pdf,07f56e5457c63192ae7b5b4036f975f7eb058a3364a25a87cdc6ce2369082401,102,1274,618124,,,Rehabilitation and upgradation from km 51.600 to km 75.700 of NH-321G Nuhkhas to Etah section to two lane with paved shoulder configuration under EPC mode in the State of Uttar Pradesh,MoRTH,Roads & Highways,Uttar Pradesh,2022-01,2024-02,2025-08,,343.54,343.54,53.25,47.0,NO_LEGACY_CODE;NO_PMGID
2025-12,FlashReport_December_2025.pdf,07f56e5457c63192ae7b5b4036f975f7eb058a3364a25a87cdc6ce2369082401,102,1275,618163,,,"Rehabilitation and Up-gradation from km. 0000 to km.40390 of NH-730S MaharajganjNichloulThuthibari to two lane with paved shoulders in the State of U.P. on Engineering, Procurement & Construction EPC Basis.",MoRTH,Roads & Highways,Uttar Pradesh,2023-03,2024-06,2025-12,,809.25,603.19,0.0,52.0,NO_LEGACY_CODE;NO_PMGID
2025-12,FlashReport_December_2025.pdf,07f56e5457c63192ae7b5b4036f975f7eb058a3364a25a87cdc6ce2369082401,102,1276,618164,,,Construction of four lane highway with paved shoulder from Km.74.700 to Km.112.950 of NH-731A i/c Yamuna Bridge on HAM in the state of Uttar Pradesh.,MoRTH,Roads & Highways,Uttar Pradesh,2022-03,2024-06,2026-06,,1141.67,1157.31,0.0,66.0,NO_LEGACY_CODE;NO_PMGID
2025-12,FlashReport_December_2025.pdf,07f56e5457c63192ae7b5b4036f975f7eb058a3364a25a87cdc6ce2369082401,102,1277,618165,,,Construction of 4-lane highway with paved shoulders from Km 49.155 to Km 74.700 of NH-731A on Hybrid Annuity Mode in the state of Uttar Pradesh,MoRTH,Roads & Highways,Uttar Pradesh,2022-01,2024-02,2026-01,,1156.72,1156.72,0.0,90.0,NO_LEGACY_CODE;NO_PMGID
2025-12,FlashReport_December_2025.pdf,07f56e5457c63192ae7b5b4036f975f7eb058a3364a25a87cdc6ce2369082401,102,1278,618166,,,Construction of 4-lane green field highway from Km. 35.000 to Km. 49.155 of NH- 731A with paved shoulders on Hybrid Annuity Mode in the state of Uttar Pradesh,MoRTH,Roads & Highways,Uttar Pradesh,2022-01,2023-10,2025-10,,697.66,697.66,0.04,98.0,NO_LEGACY_CODE;NO_PMGID
2025-12,FlashReport_December_2025.pdf,07f56e5457c63192ae7b5b4036f975f7eb058a3364a25a87cdc6ce2369082401,102,1279,618167,,,Rehabilitation & Upgradation of NH-731A from Km.0.00 to Km.35.00 to 2-lane with paved shoulder under EPC mode,MoRTH,Roads & Highways,Uttar Pradesh,2021-03,2022-08,2023-08,,264.86,264.86,0.0,50.0,NO_LEGACY_CODE;NO_PMGID
2025-12,FlashReport_December_2025.pdf,07f56e5457c63192ae7b5b4036f975f7eb058a3364a25a87cdc6ce2369082401,102,1280,618168,,,Widening to four lane with paved shoulder from Design Km.49.200 to Km.89.285 of NH-731B on EPC mode in the state of Uttar Pradesh,MoRTH,Roads & Highways,Uttar Pradesh,2022-03,2024-01,2026-01,,917.91,965.3,116.91,50.0,NO_LEGACY_CODE;NO_PMGID
2025-12,FlashReport_December_2025.pdf,07f56e5457c63192ae7b5b4036f975f7eb058a3364a25a87cdc6ce2369082401,102,1281,618169,,,Construction of Two Lane with paved shoulder highway from Design Ch.0.000 to Ch.49.2OO of NH-731B on EPC Mode,MoRTH,Roads & Highways,Uttar Pradesh,2022-03,2023-11,2025-11,,640.18,602.76,227.12,93.0,NO_LEGACY_CODE;NO_PMGID
2025-12,FlashReport_December_2025.pdf,07f56e5457c63192ae7b5b4036f975f7eb058a3364a25a87cdc6ce2369082401,102,1282,618229,,,Rehabilitation and upgradation to 2-lane with paved sholuders configuration of Near Karri village-Etawah section Km30.000 to Km 57.346 Pakage-II of NH-92 in state of Uttar Pradesh undergreen national Highway Corridor ProjectGNHCP with the loan assistance of world Bank on EPC mode.,MoRTH,Roads & Highways,Uttar Pradesh,2020-04,2022-08,2024-02,2025-02,211.09,206.56,0.0,100.0,NO_LEGACY_CODE;NO_PMGID
2025-12,FlashReport_December_2025.pdf,07f56e5457c63192ae7b5b4036f975f7eb058a3364a25a87cdc6ce2369082401,102,1283,618233,,,Construction of 6-lane bridge on Ganga on NH-96 and its approaches in Phaphamau Allahabad on EPC mode,MoRTH,Roads & Highways,Uttar Pradesh,2018-07,2021-02,2024-02,2024-07,1948.25,1465.41,0.0,60.0,NO_LEGACY_CODE;NO_PMGID
2025-12,FlashReport_December_2025.pdf,07f56e5457c63192ae7b5b4036f975f7eb058a3364a25a87cdc6ce2369082401,102,1284,618240,,,Rehabilitation and upgradation to 2-lane with paved sholuders configuration of Bewar- naer Karri village section Km0.00 to Km30.00 Pakage-I of NH-92 in state of Uttar Pradesh undergreen national Highway Corridor ProjectGNHCP with the loan assistance of world Bank on EPC mode.,MoRTH,Roads & Highways,Uttar Pradesh,2020-04,2022-09,2024-03,2024-05,236.47,236.47,0.0,90.0,NO_LEGACY_CODE;NO_PMGID
2025-12,FlashReport_December_2025.pdf,07f56e5457c63192ae7b5b4036f975f7eb058a3364a25a87cdc6ce2369082401,102,1285,618265,,,Rehabilitation and upgradation to 2-lane with paved sholuders configuration of Miranpur Katra to radhaita section of NH-730CKm.114.000 to Km 137.250pakage-III in state of Uttar Pradesh undergreen national Highway Corridor ProjectGNHCP with the loan assistance of world Bank on EPC mode.,MoRTH,Roads & Highways,Uttar Pradesh,2020-04,2022-07,2024-07,2025-12,172.5,169.56,0.0,71.0,NO_LEGACY_CODE;NO_PMGID
2025-12,FlashReport_December_2025.pdf,07f56e5457c63192ae7b5b4036f975f7eb058a3364a25a87cdc6ce2369082401,102,1286,618266,,,Rehabilitation and upgradation to 2-lane with paved sholuders configuration of Bewar- Allahaganj- section of NH-730CKm.0.000 to Km 52.770pakage-I in state of Uttar Pradesh undergreen national Highway Corridor ProjectGNHCP with the loan assistance of world Bank on EPC mode.,MoRTH,Roads & Highways,Uttar Pradesh,2020-04,2022-11,2024-11,,325.24,340.16,0.0,98.0,NO_LEGACY_CODE;NO_PMGID
2025-12,FlashReport_December_2025.pdf,07f56e5457c63192ae7b5b4036f975f7eb058a3364a25a87cdc6ce2369082401,102,1287,618498,,,6L Greenfield Kanpur - Lucknow Expressway Pkg II from km. 28.500 to km. 73.744,National Highways Authority of India [NHAI],Roads & Highways,Uttar Pradesh,2021-12,2022-11,2025-05,,2471.56,2489.0,1162.84,87.0,NO_LEGACY_CODE;NO_PMGID
2025-12,FlashReport_December_2025.pdf,07f56e5457c63192ae7b5b4036f975f7eb058a3364a25a87cdc6ce2369082401,102,1288,618499,,,6L Elevated Kanpur - Lucknow Exeressway Pkg-1 from Km. 10980 to Km. 28500,National Highways Authority of India [NHAI],Roads & Highways,Uttar Pradesh,2021-12,2023-02,2025-07,,1972.94,1943.27,765.57,75.0,NO_LEGACY_CODE;NO_PMGID
2025-12,FlashReport_December_2025.pdf,07f56e5457c63192ae7b5b4036f975f7eb058a3364a25a87cdc6ce2369082401,102,1289,618500,,,Construction of 4L Connector from Delhi Meerut Expressway Km 50.000 of Pkg IV to Km 8.520 of NH-235 Pkg-5,National Highways Authority of India [NHAI],Roads & Highways,Uttar Pradesh,2021-09,2022-03,2024-03,2025-12,1081.39,1116.19,401.34,76.0,NO_LEGACY_CODE;NO_PMGID
2025-12,FlashReport_December_2025.pdf,07f56e5457c63192ae7b5b4036f975f7eb058a3364a25a87cdc6ce2369082401,102,1290,618529,,,Varanasi Ring Road Pkg-II connecting Sandaha Village km 11.70 / NH-29 with Revasa Village km 818.80 / NH-2,National Highways Authority of India [NHAI],Roads & Highways,Uttar Pradesh,2017-12,2019-02,2022-02,2025-06,1991.71,1832.66,985.18,92.0,NO_LEGACY_CODE;NO_PMGID
2025-12,FlashReport_December_2025.pdf,07f56e5457c63192ae7b5b4036f975f7eb058a3364a25a87cdc6ce2369082401,102,1291,618537,,,Construction of Ring Road around Kanpur from Km.000 to Km. 23.325 Chachendi Sachendi I to Maharajpur Package-I,National Highways Authority of India [NHAI],Roads & Highways,Uttar Pradesh,2023-01,2023-12,2026-06,,1753.75,1311.7,318.17,47.0,NO_LEGACY_CODE;NO_PMGID
2025-12,FlashReport_December_2025.pdf,07f56e5457c63192ae7b5b4036f975f7eb058a3364a25a87cdc6ce2369082401,102,1292,618553,,,6L of Agra Bypass Northern connecting Km. 174.500 of NH-2 new NH-19 to Km. 141.000 of Yamuna Expressways,National Highways Authority of India [NHAI],Roads & Highways,Uttar Pradesh,2022-01,2023-02,2025-02,,957.62,1034.42,757.89,99.0,NO_LEGACY_CODE;NO_PMGID
2025-12,FlashReport_December_2025.pdf,07f56e5457c63192ae7b5b4036f975f7eb058a3364a25a87cdc6ce2369082401,102,1293,618554,,,Construction of left out portion of Agra Inner Ring Road connecting village Deori to NH-44 village Bad from Km. 0.000 to Km. 7.772,National Highways Authority of India [NHAI],Roads & Highways,Uttar Pradesh,2022-07,2023-03,2024-09,,879.26,787.58,606.99,87.0,NO_LEGACY_CODE;NO_PMGID
2025-12,FlashReport_December_2025.pdf,07f56e5457c63192ae7b5b4036f975f7eb058a3364a25a87cdc6ce2369082401,102,1294,618565,,,Strengthening of existing 4L Ayodhya Bypass Section from design Km. 121 600 to Km. 144020 of NH 28 New NH 27Pkg-3,NHAI,Roads & Highways,Uttar Pradesh,2023-03,2023-09,2025-03,2025-08,526.45,281.13,259.66,81.0,NO_LEGACY_CODE;NO_PMGID
2025-12,FlashReport_December_2025.pdf,07f56e5457c63192ae7b5b4036f975f7eb058a3364a25a87cdc6ce2369082401,102,1295,618566,,,4L Green Field Northern East side Gorakhpur Bypass 26.616 Kms starting from NH- 29E Chainage 83.308 and end at NH-28 Chainage 285.100,National Highways Authority of India [NHAI],Roads & Highways,Uttar Pradesh,2023-02,2024-01,2026-01,,1973.98,1244.44,835.5,52.0,NO_LEGACY_CODE;NO_PMGID
2025-12,FlashReport_December_2025.pdf,07f56e5457c63192ae7b5b4036f975f7eb058a3364a25a87cdc6ce2369082401,103,1296,618689,,,4L Rampur Bypass from Km. 181.000 to Km. 189.500,National Highways Authority of India [NHAI],Roads & Highways,Uttar Pradesh,2021-10,2022-10,2024-04,2025-01,364.47,307.95,271.61,99.0,NO_LEGACY_CODE;NO_PMGID
2025-12,FlashReport_December_2025.pdf,07f56e5457c63192ae7b5b4036f975f7eb058a3364a25a87cdc6ce2369082401,103,1297,618710,,,DL/UP Border - EPE Crossing Pkg-02,National Highways Authority of India [NHAI],Roads & Highways,Uttar Pradesh,2020-09,2021-05,2023-11,2024-08,2002.79,1889.78,1732.01,98.0,NO_LEGACY_CODE;NO_PMGID
2025-12,FlashReport_December_2025.pdf,07f56e5457c63192ae7b5b4036f975f7eb058a3364a25a87cdc6ce2369082401,103,1298,618722,,,6L access Controlled Greenfield Highway from Gogwan Jalalpur Shamli to Ranipur Barsi Saharanpur of Shamli -Ambala section Package-I Design Ch. Form km 00.600 to km 45.500,National Highways Authority of India [NHAI],Roads & Highways,Uttar Pradesh,2022-06,2023-05,2025-05,2026-01,1843.59,1247.55,567.64,56.0,NO_LEGACY_CODE;NO_PMGID
2025-12,FlashReport_December_2025.pdf,07f56e5457c63192ae7b5b4036f975f7eb058a3364a25a87cdc6ce2369082401,103,1299,618761,,,4L Spur of Meerut-Garh-Mukteshwar section connecting NH-119 and NH-58 bypassing Meerut Town of NH 709 A,National Highways Authority of India [NHAI],Roads & Highways,Uttar Pradesh,2021-10,2023-02,2025-02,,991.89,977.73,800.68,52.0,NO_LEGACY_CODE;NO_PMGID
2025-12,FlashReport_December_2025.pdf,07f56e5457c63192ae7b5b4036f975f7eb058a3364a25a87cdc6ce2369082401,103,1300,618770,,,4L Spur of Panipat - Shamli connecting NH-709AD Panipat Shamli Muzaffarnagar and NH-709A Karnal Meerut bypassing Shamli district UP,National Highways Authority of India [NHAI],Roads & Highways,Uttar Pradesh,2021-10,2022-10,2024-10,2025-03,516.16,273.42,232.93,74.0,NO_LEGACY_CODE;NO_PMGID
2025-12,FlashReport_December_2025.pdf,07f56e5457c63192ae7b5b4036f975f7eb058a3364a25a87cdc6ce2369082401,103,1301,618798,,,4L of Sonauli - Gorakhpur,National Highways Authority of India [NHAI],Roads & Highways,Uttar Pradesh,2021-12,2023-03,2025-03,2026-02,2555.5,2275.43,1238.07,54.0,NO_LEGACY_CODE;NO_PMGID
2025-12,FlashReport_December_2025.pdf,07f56e5457c63192ae7b5b4036f975f7eb058a3364a25a87cdc6ce2369082401,103,1302,618854,,,2L PS of Raebareli - Jagdishpur with 4L Jagdishpur Bypass Spur,National Highways Authority of India [NHAI],Roads & Highways,Uttar Pradesh,2021-02,2022-01,2024-01,2025-06,706.41,752.52,515.37,97.0,NO_LEGACY_CODE;NO_PMGID
2025-12,FlashReport_December_2025.pdf,07f56e5457c63192ae7b5b4036f975f7eb058a3364a25a87cdc6ce2369082401,103,1303,618855,,,"Improvement and Up-Gradation of Existing Road to 2/4L PS from Km 40.000 to 88.750, start of Khutar bypass to start of Shahjahanpur bypass of NH 731Pkg-I",National Highways Authority of India [NHAI],Roads & Highways,Uttar Pradesh,2022-03,2023-02,2025-02,2025-09,838.68,838.68,556.76,99.0,NO_LEGACY_CODE;NO_PMGID
2025-12,FlashReport_December_2025.pdf,07f56e5457c63192ae7b5b4036f975f7eb058a3364a25a87cdc6ce2369082401,103,1304,618856,,,"Improvement and Up-Gradation of Existing Road to 4L PS from Km 123.650 to 175.080, from Start of Shahabad Bypass to End of Hardoi bypass of NH 731 Pkg-2B",National Highways Authority of India [NHAI],Roads & Highways,Uttar Pradesh,2022-09,2023-11,2025-11,2026-04,1101.79,1212.26,312.56,50.0,NO_LEGACY_CODE;NO_PMGID
2025-12,FlashReport_December_2025.pdf,07f56e5457c63192ae7b5b4036f975f7eb058a3364a25a87cdc6ce2369082401,103,1305,618859,,,"Improvement and Up-Gradation of Existing Road to 4L PS from Km 229.070 to 260.800, End of Hardoi District to Lucknow Ring road of NH 731 Pkg-4",National Highways Authority of India [NHAI],Roads & Highways,Uttar Pradesh,2021-09,2022-10,2024-10,2025-05,575.66,553.61,371.12,93.0,NO_LEGACY_CODE;NO_PMGID
2025-12,FlashReport_December_2025.pdf,07f56e5457c63192ae7b5b4036f975f7eb058a3364a25a87cdc6ce2369082401,103,1306,618864,,,4L from Mathura Bypass Start at Existing Km. 154.20 of NH-44 to Gaju Village at Km 32.982 of NH-530B Pkg-IB,National Highways Authority of India [NHAI],Roads & Highways,Uttar Pradesh,2022-01,2023-03,2025-03,2025-10,1722.11,1820.77,1000.51,99.0,NO_LEGACY_CODE;NO_PMGID
2025-12,FlashReport_December_2025.pdf,07f56e5457c63192ae7b5b4036f975f7eb058a3364a25a87cdc6ce2369082401,103,1307,618865,,,4L from Gaju Village at Km. 32.982 to Devinagar Bypass End at Km. 208.000 of NH- 530B Pkg-1C.,National Highways Authority of India [NHAI],Roads & Highways,Uttar Pradesh,2021-12,2023-01,2025-01,,1384.79,1496.44,823.04,99.0,NO_LEGACY_CODE;NO_PMGID
2025-12,FlashReport_December_2025.pdf,07f56e5457c63192ae7b5b4036f975f7eb058a3364a25a87cdc6ce2369082401,103,1308,618883,,,Construction of Four Lane Highway form Ghazipur- Ballia-UP/Bihar State Border Greenfield section of NH-31 Package I [from Hridaipur km 0.000 to Shahapur km 42.500] on EPC Mode in the state of Uttar Pradesh.,National Highways Authority of India [NHAI],Roads & Highways,Uttar Pradesh,2022-10,2023-07,2025-07,2025-12,1706.47,1579.59,723.1,92.0,NO_LEGACY_CODE;NO_PMGID
2025-12,FlashReport_December_2025.pdf,07f56e5457c63192ae7b5b4036f975f7eb058a3364a25a87cdc6ce2369082401,103,1309,618884,,,Construction of Four Lane Highway from Ghazipur- Ballia-UP/Bihar State Border Greenfield section of NH-31 Package II [from Shahapur km 42.500 to Pindari km 78.150] on EPC Mode in the state of Uttar Pradesh.,National Highways Authority of India [NHAI],Roads & Highways,Uttar Pradesh,2022-10,2023-10,2025-10,,1493.65,1311.44,610.51,80.0,NO_LEGACY_CODE;NO_PMGID
2025-12,FlashReport_December_2025.pdf,07f56e5457c63192ae7b5b4036f975f7eb058a3364a25a87cdc6ce2369082401,103,1310,618885,,,Construction of Four Lane Highway from Ghazipur- Ballia-UP/Bihar State Border Greenfield section of NH-31 Package IV [from Buxur Spur of length km 17.270 on EPC Mode in the state of Uttar Pradesh.,National Highways Authority of India [NHAI],Roads & Highways,Uttar Pradesh,2022-10,2023-06,2025-06,,617.88,549.02,218.78,74.0,NO_LEGACY_CODE;NO_PMGID
2025-12,FlashReport_December_2025.pdf,07f56e5457c63192ae7b5b4036f975f7eb058a3364a25a87cdc6ce2369082401,103,1311,618911,,,4L Greenfield Western Side spur of Rampur-Rudrapur Section from Km 0.000 to Km 13.700 connecting NH-24 to NH-87 bypassing rampur town,National Highways Authority of India [NHAI],Roads & Highways,Uttar Pradesh,2021-12,2023-05,2024-11,2026-03,646.27,637.83,146.09,61.0,NO_LEGACY_CODE;NO_PMGID
2025-12,FlashReport_December_2025.pdf,07f56e5457c63192ae7b5b4036f975f7eb058a3364a25a87cdc6ce2369082401,103,1312,618925,,,Bijnor-Kotawali,National Highways Authority of India [NHAI],Roads & Highways,Uttar Pradesh,2021-02,2021-11,2023-05,2026-02,300.58,334.48,247.05,95.0,NO_LEGACY_CODE;NO_PMGID
2025-12,FlashReport_December_2025.pdf,07f56e5457c63192ae7b5b4036f975f7eb058a3364a25a87cdc6ce2369082401,103,1313,618959,,,4L Prayagraj Greenfield By-pass from design Km 50860 near Nibi Kala Uperhar to design Km 64763 on NH-19 near Khodaypur Kasgaon including Interchange loop at NH-19,National Highways Authority of India [NHAI],Roads & Highways,Uttar Pradesh,2023-08,2023-12,2025-03,,1017.99,427.54,406.1,99.0,NO_LEGACY_CODE;NO_PMGID
2025-12,FlashReport_December_2025.pdf,07f56e5457c63192ae7b5b4036f975f7eb058a3364a25a87cdc6ce2369082401,103,1314,618960,,,4 Lane Inner Ring Road around Allahabad City Pkg-2 Prayagraj Southern Bypass 43.200 - 50.860,National Highways Authority of India [NHAI],Roads & Highways,Uttar Pradesh,2023-08,2023-12,2026-06,,1377.51,1007.62,292.08,39.0,NO_LEGACY_CODE;NO_PMGID
2025-12,FlashReport_December_2025.pdf,07f56e5457c63192ae7b5b4036f975f7eb058a3364a25a87cdc6ce2369082401,103,1315,618968,,,6L access control Greenfield highway of Vill-Khyawari to Vill-Latifpur at Saharanpur Bypass from Km. 82.000 to Km. 119.790 Pkg-4,National Highways Authority of India [NHAI],Roads & Highways,Uttar Pradesh,2021-03,2022-09,2024-09,,1428.19,1439.35,1166.56,69.0,NO_LEGACY_CODE;NO_PMGID
2025-12,FlashReport_December_2025.pdf,07f56e5457c63192ae7b5b4036f975f7eb058a3364a25a87cdc6ce2369082401,103,1316,618970,,,6L access control Greenfield highway of Vill-Lohadda to Vill-Karaunda Mahajan from Km. 27.000 to Km. 56.500 Pkg-2,National Highways Authority of India [NHAI],Roads & Highways,Uttar Pradesh,2021-03,2022-09,2024-09,,1335.45,1335.38,977.98,62.0,NO_LEGACY_CODE;NO_PMGID
2025-12,FlashReport_December_2025.pdf,07f56e5457c63192ae7b5b4036f975f7eb058a3364a25a87cdc6ce2369082401,103,1317,617929,,,Construction of 2 lane with paved shoulder of Kund Bypass from Design Km 35.130 to Km 47.700 existing Km 33.130 to Km 41.260 of NH-109 in the State of Uttarakhand,MoRTH,Roads & Highways,Uttarakhand,2018-02,2018-05,2020-05,2021-02,247.41,247.41,0.0,73.0,NO_LEGACY_CODE;NO_PMGID
2025-12,FlashReport_December_2025.pdf,07f56e5457c63192ae7b5b4036f975f7eb058a3364a25a87cdc6ce2369082401,103,1318,617968,,,Construction & Widening Including Augustmuni Bypass Ch-16.545 to Ch - 19.890 to 2L/PS from Km 16.545-Km 33.130 & 45.980 -57.975 Augustmuni to Kund & Guptkashi to Sitapur on NH 109 in UK,MoRTH,Roads & Highways,Uttarakhand,2017-03,2018-02,2020-02,2021-07,418.89,418.89,178.35,95.0,NO_LEGACY_CODE;NO_PMGID
2025-12,FlashReport_December_2025.pdf,07f56e5457c63192ae7b5b4036f975f7eb058a3364a25a87cdc6ce2369082401,104,1319,617970,,,Reconstruction of existing 2 L/IL to 2L with paved shoulder from existing km 52.200 to 92.880 of NH-,MoRTH,Roads & Highways,Uttarakhand,2016-10,2017-06,2019-06,2021-03,282.08,282.08,156.65,100.0,NO_LEGACY_CODE;NO_PMGID
2025-12,FlashReport_December_2025.pdf,07f56e5457c63192ae7b5b4036f975f7eb058a3364a25a87cdc6ce2369082401,104,1320,617975,,,Rehabilitation and upgradation to 2 lane with paved shoulder configuration from km 122.00 Dharasu Bend to km 147.230 Silkyara Bend of NH-94 in the state of Uttarakhand,MoRTH,Roads & Highways,Uttarakhand,2017-03,2017-11,2019-11,2021-10,237.79,237.79,50.38,100.0,NO_LEGACY_CODE;NO_PMGID
2025-12,FlashReport_December_2025.pdf,07f56e5457c63192ae7b5b4036f975f7eb058a3364a25a87cdc6ce2369082401,104,1321,618390,,,"Construction, Operation & Maintenance of 2-L Bi-directional Silkyara Bend- Barkot Tunnel with escape passage including approaches Tunnel-4.531 & Approach road- 0.328 on Dharasu-Yamunotri section b/w Chainage 25.400km and 51.00km falling along NH-134 Old NH-94 on EPC mode",NHIDCL,Roads & Highways,Uttarakhand,2018-03,2018-07,2022-07,2026-06,1383.78,1383.78,0.0,68.0,NO_LEGACY_CODE;NO_PMGID
2025-12,FlashReport_December_2025.pdf,07f56e5457c63192ae7b5b4036f975f7eb058a3364a25a87cdc6ce2369082401,104,1322,618391,,,"Construction for Mitigation Measures of 5 Nos. Landslides, 05 No. Sinking Zones and 01 No. Bridge from Ch. 450.00 to Ch. 468.00 18 Km. Length on NH-07 Package-III",NHIDCL,Roads & Highways,Uttarakhand,2023-12,2024-06,2025-12,,250.33,250.33,0.0,64.0,NO_LEGACY_CODE;NO_PMGID
2025-12,FlashReport_December_2025.pdf,07f56e5457c63192ae7b5b4036f975f7eb058a3364a25a87cdc6ce2369082401,104,1323,618393,,,"Construction for Mitigation Measures of 10 Nos. Landslides, 01 No. Sinking Zones and 1 No. of Minor Bridge in between at Ch. Km 368.00 to Km 433.00 on NH-07 on EPC Mode in Uttarakhand Package-1",NHIDCL,Roads & Highways,Uttarakhand,2023-12,2024-06,2025-12,,216.68,216.68,0.0,87.0,NO_LEGACY_CODE;NO_PMGID
2025-12,FlashReport_December_2025.pdf,07f56e5457c63192ae7b5b4036f975f7eb058a3364a25a87cdc6ce2369082401,104,1324,617960,,,Construction of new road at the missing link portion of NH-81 along approved alignment between Harishchandrapur and Eastern approach of Kalindri Bridge from Km 46.550 to Km 59.697 in the district of Malda.,MoRTH,Roads & Highways,West Bengal,2016-08,2016-11,2018-11,2021-11,271.17,291.2,7.4,0.0,NO_LEGACY_CODE;NO_PMGID
2025-12,FlashReport_December_2025.pdf,07f56e5457c63192ae7b5b4036f975f7eb058a3364a25a87cdc6ce2369082401,104,1325,618227,,,Development to 4/6-Lanning of NH-31 New NH-10 with both side service roads from 569.258 km to 581.030 km End of AH-02 on NH- 31 near Shivmandir to Sevoke Army Cantonment in districts of Darjeeling and Jalpaiguri in the state of West Bengal on EPC mode-reg.,MoRTH,Roads & Highways,West Bengal,2022-03,2023-03,2025-09,,995.04,1059.2,435.36,61.0,NO_LEGACY_CODE;NO_PMGID
2025-12,FlashReport_December_2025.pdf,07f56e5457c63192ae7b5b4036f975f7eb058a3364a25a87cdc6ce2369082401,104,1326,618427,,,Construction & upgradation of existing road to 2-lane with paved shoulder including geometric improvement of Kafer- Lava More section from km 40.00 to km 61.100 of NH717-A on EPC under SARDP-NE A in state of West Bengal Pkg-VA,NHIDCL,Roads & Highways,West Bengal,2020-06,2020-10,2023-04,2025-10,311.02,273.78,6.11,0.0,NO_LEGACY_CODE;NO_PMGID
2025-12,FlashReport_December_2025.pdf,07f56e5457c63192ae7b5b4036f975f7eb058a3364a25a87cdc6ce2369082401,104,1327,618429,,,Construction & upgradation of existing road to 2-lane with paved shoulder including geometric improvement of sect. from Pedong bypass to Reshi Border km 79.700 to km 96.254 of NH-717A under SARDP-NE-A on EPC as part of Alternate connectivity to Gangtok Lava More-Reshi Border Pkg-VB,NHIDCL,Roads & Highways,West Bengal,2020-06,2020-10,2022-04,2023-06,345.38,395.59,0.0,0.0,NO_LEGACY_CODE;NO_PMGID
2025-12,FlashReport_December_2025.pdf,07f56e5457c63192ae7b5b4036f975f7eb058a3364a25a87cdc6ce2369082401,104,1328,618430,,,Construction of alternative highway to Gangtok in Sikkim via Bagrakot -Chuikhim- Nimbong -Kafer-Bakhim-Algarah-Rhenock in the State of West Bengal and from Rhenok-Rorathang-Pakyong along with spur from Aritar-Rolep-Menla in the State of Sikkim from Km 0.00 to Km 13.00 of Bagrakot -Kafer section of NH 717A on EPC Mode under Phase-A of SARDP-NE in the State of West Bengal PKG- IVA,NHIDCL,Roads & Highways,West Bengal,2018-03,2019-10,2022-04,2025-06,402.94,402.94,0.0,0.0,NO_LEGACY_CODE;NO_PMGID
2025-12,FlashReport_December_2025.pdf,07f56e5457c63192ae7b5b4036f975f7eb058a3364a25a87cdc6ce2369082401,104,1329,618431,,,Construction of alternative highway to Gangtok in Sikkim via Bagrakot -Chuikhim- Nimbong -Kafer-Bakhim-Algarah-Rhenock in the State of West Bengal and from Rhenok-Rorathang-Pakyong along with spur from Aritar-Rolep-Menla in the State of Sikkim from Km 13.00 to Km 25.60 of Bagrakot -Kafer section of NH 717A on EPC Mode under Phase-A of SARDP-NE in the State of West Bengal PKG- IVB,NHIDCL,Roads & Highways,West Bengal,2018-03,2020-10,2023-04,2025-03,295.97,295.97,0.39,0.0,NO_LEGACY_CODE;NO_PMGID
2025-12,FlashReport_December_2025.pdf,07f56e5457c63192ae7b5b4036f975f7eb058a3364a25a87cdc6ce2369082401,104,1330,618825,,,Bridge over Ganga River at d/s of Farraka Barrage including Approaches connecting Farakka-Raiganj,National Highways Authority of India [NHAI],Roads & Highways,West Bengal,2018-08,2018-12,2021-12,2025-02,622.04,646.1,339.1,95.0,NO_LEGACY_CODE;NO_PMGID
2025-12,FlashReport_December_2025.pdf,07f56e5457c63192ae7b5b4036f975f7eb058a3364a25a87cdc6ce2369082401,104,1331,618910,,,4L of Purulia Bypass section from Km 84.030 to Km 94.345 of NH-32,National Highways Authority of India [NHAI],Roads & Highways,West Bengal,2021-01,2022-02,2023-08,2024-02,557.55,562.57,444.43,65.0,NO_LEGACY_CODE;NO_PMGID
2025-12,FlashReport_December_2025.pdf,07f56e5457c63192ae7b5b4036f975f7eb058a3364a25a87cdc6ce2369082401,104,1332,709859,,,SETTING UP OF PHYSICAL INFRASTRUCTURE FOR THE NATIONAL INSTITUTE OF COMMUNICATION FINANCE [NICF] AT GHITORNI,Erstwhile NICF,Telecommunication,Delhi,2014-10,2018-04,2020-02,2026-06,248.2,248.2,236.91,98.0,NO_LEGACY_CODE;NO_PMGID
2025-12,FlashReport_December_2025.pdf,07f56e5457c63192ae7b5b4036f975f7eb058a3364a25a87cdc6ce2369082401,104,1333,701598,,,Provision of 4G based Mobile Services in Uncovered Villages and National Highways of Meghalaya,Department of Telecommunications,Telecommunication,Meghalaya,2019-09,2020-09,2022-03,2026-03,971.96,971.96,215.36,99.0,NO_LEGACY_CODE;NO_PMGID
2025-12,FlashReport_December_2025.pdf,07f56e5457c63192ae7b5b4036f975f7eb058a3364a25a87cdc6ce2369082401,104,1334,617413,,,Mobile connectivity in Left Wing Extremism [LWE] affected areas-Phase 1 Upgradation,Department of Telecommunications [DoT],Telecommunication,"Multi-States (Andhra Pradesh, Bihar, Chhattisgarh, Jharkhand, Madhya Pradesh, Maharashtra, Odisha, Telangana, Uttar Pradesh, West Bengal)",2022-04,2024-05,2025-05,2026-03,1884.6,1884.6,376.8,93.0,NO_LEGACY_CODE;NO_PMGID;MULTILINE_STATE
2025-12,FlashReport_December_2025.pdf,07f56e5457c63192ae7b5b4036f975f7eb058a3364a25a87cdc6ce2369082401,105,1335,701599,,,Mobile connectivity in Left Wing Extremism [LWE] affected areas-Phase2,Department of Telecommunications [DoT],Telecommunication,"Multi-States (Andhra Pradesh, Bihar, Chhattisgarh, Jharkhand, Madhya Pradesh, Maharashtra, Odisha, Telangana, Uttar Pradesh, West Bengal)",,2021-09,2023-03,2026-03,1577.57,1577.57,660.02,87.0,NO_LEGACY_CODE;NO_PMGID;MULTILINE_STATE;DATE_PARSE_FAIL
2025-12,FlashReport_December_2025.pdf,07f56e5457c63192ae7b5b4036f975f7eb058a3364a25a87cdc6ce2369082401,105,1336,701602,,,"Provision of 4G based mobile services in 7,287 uncovered villages of 44 Aspirational District across 5 states of Andhra Pradesh, Chhattisgarh, Jharkhand, Maharashtra & Odisha",Department of Telecommunications [DoT],Telecommunication,"Multi-States (Andhra Pradesh, Chhattisgarh, Jharkhand, Maharashtra, Odisha)",2021-11,2022-05,2023-11,2026-05,3685.0,3685.0,1332.2,82.0,NO_LEGACY_CODE;NO_PMGID;MULTILINE_STATE
2025-12,FlashReport_December_2025.pdf,07f56e5457c63192ae7b5b4036f975f7eb058a3364a25a87cdc6ce2369082401,105,1337,701597,,,Provision of 4G Mobile Services in Uncovered Villages of Arunachal Pradesh and 2 Districts of Assam,Department of Telecommunications,Telecommunication,"Multi-States (Arunachal Pradesh, Assam)",2020-12,2021-10,2023-04,2026-03,1255.49,1255.49,299.02,99.0,NO_LEGACY_CODE;NO_PMGID;MULTILINE_STATE
2025-12,FlashReport_December_2025.pdf,07f56e5457c63192ae7b5b4036f975f7eb058a3364a25a87cdc6ce2369082401,105,1338,701600,,,354 Uncovered Villages Scheme,Department of Telecommunications [DoT],Telecommunication,"Multi-States (Bihar, Gujarat, Himachal Pradesh, Jammu and Kashmir, Ladakh, Rajasthan, Uttar Pradesh)",2019-12,2020-04,2021-10,2025-08,336.89,301.13,237.19,100.0,NO_LEGACY_CODE;NO_PMGID;MULTILINE_STATE
2025-12,FlashReport_December_2025.pdf,07f56e5457c63192ae7b5b4036f975f7eb058a3364a25a87cdc6ce2369082401,105,1339,704495,,,"502 Aspirational District Scheme in Four states - Bihar, Madhya Pradesh, Rajastha and Uttar Pradesh",Department of Telecommunications [DoT],Telecommunication,"Multi-States (Bihar, Madhya Pradesh, Rajasthan, Uttar Pradesh)",,2021-03,2022-03,2025-12,421.65,228.94,143.06,97.0,NO_LEGACY_CODE;NO_PMGID;MULTILINE_STATE;DATE_PARSE_FAIL
2025-12,FlashReport_December_2025.pdf,07f56e5457c63192ae7b5b4036f975f7eb058a3364a25a87cdc6ce2369082401,105,1340,709749,,,PHASE-I OF CONSOLIDATION OF EXISTING CDR DATA CENTERS AND NIB-P3 DATA CENTERS WITH STATE OF THE ART,BSNL,Telecommunication,"Multi-States (Maharashtra, Telangana)",2020-03,2020-03,2021-06,2025-12,461.42,461.42,166.02,81.0,NO_LEGACY_CODE;NO_PMGID;MULTILINE_STATE
2025-12,FlashReport_December_2025.pdf,07f56e5457c63192ae7b5b4036f975f7eb058a3364a25a87cdc6ce2369082401,105,1341,400013,,,Saturation 4G mobile coverage of Uncovered Villages through USOF,Department of Telecommunications [DoT],Telecommunication,PAN India,2022-07,2022-07,2024-06,2026-03,26316.0,30620.0,9791.8,80.0,NO_LEGACY_CODE;NO_PMGID
2025-12,FlashReport_December_2025.pdf,07f56e5457c63192ae7b5b4036f975f7eb058a3364a25a87cdc6ce2369082401,105,1342,701593,,,4G Services by BSNL,Department of Telecommunications [DoT],Telecommunication,PAN India,2020-11,2020-11,2024-03,2026-03,28466.0,19592.0,8471.19,97.0,NO_LEGACY_CODE;NO_PMGID
2025-12,FlashReport_December_2025.pdf,07f56e5457c63192ae7b5b4036f975f7eb058a3364a25a87cdc6ce2369082401,105,1343,706775,,,BharatNet,Department of Telecommunications [DoT],Telecommunication,PAN India,2017-07,2011-10,2023-08,2027-03,61109.0,188000.0,46431.54,81.0,NO_LEGACY_CODE;NO_PMGID
2025-12,FlashReport_December_2025.pdf,07f56e5457c63192ae7b5b4036f975f7eb058a3364a25a87cdc6ce2369082401,105,1344,709856,,,MPLS-IP BASED ACCESS AND AGGREGATION NETWORK [MAAN] IN BSNL ALONG WITH TEST AND MEASURING EQUIPMENT,BSNL,Telecommunication,PAN India,2023-05,2023-05,2024-08,2026-01,645.13,645.13,377.59,92.0,NO_LEGACY_CODE;NO_PMGID
2025-12,FlashReport_December_2025.pdf,07f56e5457c63192ae7b5b4036f975f7eb058a3364a25a87cdc6ce2369082401,105,1345,709857,,,"Planning, Engineering, Supply, Installation, Testing, Commissioning, Integration & Annual Maintenance of 4G mobile network at 1 Lakh sites on PAN India basis including Mumbai & Delhi LSA on turnkey basis under Phase IX.2 Project.",BSNL,Telecommunication,PAN India,2023-05,2023-06,2025-06,2026-03,24544.55,24544.5,8472.04,97.0,NO_LEGACY_CODE;NO_PMGID
2025-12,FlashReport_December_2025.pdf,07f56e5457c63192ae7b5b4036f975f7eb058a3364a25a87cdc6ce2369082401,105,1346,616600,,,Interception and Diversion and STP works in Bhagalpur under Hybrid annuity based PPP mode-Namami Gange Programme,National Mission for Clean Ganga,Waste & Water,Bihar,2017-10,2022-03,2025-02,2025-12,413.29,413.29,126.67,97.0,NO_LEGACY_CODE;NO_PMGID
2025-12,FlashReport_December_2025.pdf,07f56e5457c63192ae7b5b4036f975f7eb058a3364a25a87cdc6ce2369082401,105,1347,616611,,,Sewage Treatment Plant 100MLD and Sewerage Network 288 km in Digha-Patna under Hybrid annuity based PPP mode-Namami Gange Programme,National Mission for Clean Ganga,Waste & Water,Bihar,2017-08,2019-07,2025-12,,824.0,824.0,396.71,56.0,NO_LEGACY_CODE;NO_PMGID
2025-12,FlashReport_December_2025.pdf,07f56e5457c63192ae7b5b4036f975f7eb058a3364a25a87cdc6ce2369082401,105,1348,616612,,,Sewage Treatment Plant 50MLD and Sewerage Network 150 km in Kankarbagh- Patna under Hybrid annuity based PPP mode-Namami Gange Programme,National Mission for Clean Ganga,Waste & Water,Bihar,2017-08,2019-07,2025-12,,578.89,578.89,171.79,54.0,NO_LEGACY_CODE;NO_PMGID
2025-12,FlashReport_December_2025.pdf,07f56e5457c63192ae7b5b4036f975f7eb058a3364a25a87cdc6ce2369082401,105,1349,616615,,,"Sewer Network, SPS and STP at Begusarai",National Mission for Clean Ganga,Waste & Water,Bihar,2010-03,2018-03,2025-04,2025-12,230.06,230.06,261.82,97.0,NO_LEGACY_CODE;NO_PMGID
2025-12,FlashReport_December_2025.pdf,07f56e5457c63192ae7b5b4036f975f7eb058a3364a25a87cdc6ce2369082401,105,1350,616616,,,"Sewer Networks, SPS and STP at Hajipur",National Mission for Clean Ganga,Waste & Water,Bihar,2010-03,2018-03,2025-06,2025-12,305.19,305.19,346.46,95.0,NO_LEGACY_CODE;NO_PMGID
2025-12,FlashReport_December_2025.pdf,07f56e5457c63192ae7b5b4036f975f7eb058a3364a25a87cdc6ce2369082401,105,1351,616594,,,Interception & Diversion with Rehabilitation of sewerage scheme at Agra under Hybrid annuity based PPP model-Namami Gange Programme,National Mission for Clean Ganga,Waste & Water,Uttar Pradesh,2020-05,2023-04,2025-04,2025-12,842.25,842.25,208.64,77.0,NO_LEGACY_CODE;NO_PMGID
2025-12,FlashReport_December_2025.pdf,07f56e5457c63192ae7b5b4036f975f7eb058a3364a25a87cdc6ce2369082401,105,1352,616605,,,Pollution Abatement Works for River Kali Meerut under Meerut Municipality Interception & Diversion with STP,National Mission for Clean Ganga,Waste & Water,Uttar Pradesh,2020-05,2024-11,2024-12,2027-05,690.71,690.71,34.79,41.0,NO_LEGACY_CODE;NO_PMGID
2025-12,FlashReport_December_2025.pdf,07f56e5457c63192ae7b5b4036f975f7eb058a3364a25a87cdc6ce2369082401,105,1353,616604,,,Pollution Abatement works for River Ganga at Hooghly Chinsurah- Municipal Town Interception & Diversion with STP,National Mission for Clean Ganga,Waste & Water,West Bengal,2018-05,2021-12,2025-03,2025-12,154.73,154.73,96.17,92.0,NO_LEGACY_CODE;NO_PMGID
2025-12,FlashReport_December_2025.pdf,07f56e5457c63192ae7b5b4036f975f7eb058a3364a25a87cdc6ce2369082401,105,1354,400100,,,Sardar Gouthu Latchanna Thotapalli Barrage Project,Water Resources-AP,Water Resources,Andhra Pradesh,2005-04,2006-01,2019-12,2026-06,353.05,1023.24,869.11,95.0,NO_LEGACY_CODE;NO_PMGID
2025-12,FlashReport_December_2025.pdf,07f56e5457c63192ae7b5b4036f975f7eb058a3364a25a87cdc6ce2369082401,106,1355,400101,,,Gundlakamma project,Water Resources-AP,Water Resources,Andhra Pradesh,2005-04,2005-04,2019-12,2027-03,397.41,697.39,619.09,98.0,NO_LEGACY_CODE;NO_PMGID
2025-12,FlashReport_December_2025.pdf,07f56e5457c63192ae7b5b4036f975f7eb058a3364a25a87cdc6ce2369082401,106,1356,701415,,,Polavaram Irrigation Project,Water Resources-AP,Water Resources,Andhra Pradesh,2009-01,2009-11,2022-04,2026-03,10151.04,55548.9,25833.68,84.0,NO_LEGACY_CODE;NO_PMGID
2025-12,FlashReport_December_2025.pdf,07f56e5457c63192ae7b5b4036f975f7eb058a3364a25a87cdc6ce2369082401,106,1357,701370,,,Borolia Irrigation Project,"Department of Water Resources, River Development & GR",Water Resources,Assam,1996-04,1996-12,2022-12,2026-03,256.16,256.16,44.7,55.0,NO_LEGACY_CODE;NO_PMGID
2025-12,FlashReport_December_2025.pdf,07f56e5457c63192ae7b5b4036f975f7eb058a3364a25a87cdc6ce2369082401,106,1358,400104,,,Punpun Barrage Project,Water Resources-BR,Water Resources,Bihar,2007-04,2007-04,2019-12,2026-03,571.07,658.12,447.68,44.0,NO_LEGACY_CODE;NO_PMGID
2025-12,FlashReport_December_2025.pdf,07f56e5457c63192ae7b5b4036f975f7eb058a3364a25a87cdc6ce2369082401,106,1359,400111,,,Kelo Irrigation Project,Water Resources-CT,Water Resources,Chhattisgarh,2008-04,2008-04,2019-12,2026-06,459.97,727.04,616.93,72.0,NO_LEGACY_CODE;NO_PMGID
2025-12,FlashReport_December_2025.pdf,07f56e5457c63192ae7b5b4036f975f7eb058a3364a25a87cdc6ce2369082401,106,1360,701399,,,Kudali Irrigation Project,"Department of Water Resources, River Development & GR",Water Resources,Chhattisgarh,2009-04,2009-12,2025-12,,382.29,382.29,239.03,86.0,NO_LEGACY_CODE;NO_PMGID
2025-12,FlashReport_December_2025.pdf,07f56e5457c63192ae7b5b4036f975f7eb058a3364a25a87cdc6ce2369082401,106,1361,400097,,,Sardar Sarovar CADWM Project,"Narmada and Water Resources, Water Supply and Kalpsar Department-GJ",Water Resources,Gujarat,2017-04,2017-04,2019-12,2026-03,5021.76,6670.31,4956.98,90.0,NO_LEGACY_CODE;NO_PMGID
2025-12,FlashReport_December_2025.pdf,07f56e5457c63192ae7b5b4036f975f7eb058a3364a25a87cdc6ce2369082401,106,1362,701372,,,Sardar Sarovar Project,"Narmada and Water Resources, Water Supply and Kalpsar Department-GJ",Water Resources,Gujarat,1996-04,1996-04,2019-12,2026-03,20718.17,33412.5,31860.86,93.0,NO_LEGACY_CODE;NO_PMGID
2025-12,FlashReport_December_2025.pdf,07f56e5457c63192ae7b5b4036f975f7eb058a3364a25a87cdc6ce2369082401,106,1363,701376,,,"Subernarekha Multipurpose Project, Jharkhand",Department of Water Resources-JH,Water Resources,Jharkhand,2011-04,2012-01,2019-12,2026-03,3807.77,9579.58,5790.29,70.0,NO_LEGACY_CODE;NO_PMGID
2025-12,FlashReport_December_2025.pdf,07f56e5457c63192ae7b5b4036f975f7eb058a3364a25a87cdc6ce2369082401,106,1364,701377,,,Upper Tunga Irrigation Project,Water Resources-KA,Water Resources,Karnataka,2014-04,2014-04,2019-12,2026-03,770.16,1606.07,1515.32,99.0,NO_LEGACY_CODE;NO_PMGID
2025-12,FlashReport_December_2025.pdf,07f56e5457c63192ae7b5b4036f975f7eb058a3364a25a87cdc6ce2369082401,106,1365,400096,,,Omkareshwar CADWM Project,Water resource-mp,Water Resources,Madhya Pradesh,2017-04,2017-04,2019-12,2026-03,648.09,648.09,206.06,49.0,NO_LEGACY_CODE;NO_PMGID
2025-12,FlashReport_December_2025.pdf,07f56e5457c63192ae7b5b4036f975f7eb058a3364a25a87cdc6ce2369082401,106,1366,400115,,,Bargi Diversion Project Phase - IV [km. 154 to km 197],Water Resources-MP,Water Resources,Madhya Pradesh,2008-04,2009-01,2019-12,2026-03,751.03,893.35,783.1,75.0,NO_LEGACY_CODE;NO_PMGID
2025-12,FlashReport_December_2025.pdf,07f56e5457c63192ae7b5b4036f975f7eb058a3364a25a87cdc6ce2369082401,106,1367,400116,,,Bargi Diversion Project Phase - III [km. 104 to km 154],Water Resources-MP,Water Resources,Madhya Pradesh,2007-04,2007-04,2019-12,2026-03,1229.15,1399.7,1993.52,80.0,NO_LEGACY_CODE;NO_PMGID
2025-12,FlashReport_December_2025.pdf,07f56e5457c63192ae7b5b4036f975f7eb058a3364a25a87cdc6ce2369082401,106,1368,400095,,,Gosikhurd CADWM Project,Department of water resources-MH - II,Water Resources,Maharashtra,2017-04,2017-04,2019-12,2026-06,743.73,743.73,396.38,52.0,NO_LEGACY_CODE;NO_PMGID
2025-12,FlashReport_December_2025.pdf,07f56e5457c63192ae7b5b4036f975f7eb058a3364a25a87cdc6ce2369082401,106,1369,400105,,,Urmodi Irrigation Project,Department of water resources-MH - II,Water Resources,Maharashtra,2017-04,2018-04,2022-06,2026-12,580.79,895.81,713.46,76.0,NO_LEGACY_CODE;NO_PMGID
2025-12,FlashReport_December_2025.pdf,07f56e5457c63192ae7b5b4036f975f7eb058a3364a25a87cdc6ce2369082401,106,1370,400107,,,Sulwade-Jamphal-Kanoli Lift Irrigation Scheme,Department of water resources-MH - II,Water Resources,Maharashtra,2017-04,2019-02,2023-06,2027-06,2407.67,2407.67,2587.54,80.0,NO_LEGACY_CODE;NO_PMGID
2025-12,FlashReport_December_2025.pdf,07f56e5457c63192ae7b5b4036f975f7eb058a3364a25a87cdc6ce2369082401,106,1371,400109,,,Purna Barrage-2 [Ner Dhamana] Medium Irrigation Project,Department of water resources-MH - II,Water Resources,Maharashtra,2017-04,2018-04,2020-06,2026-06,848.07,888.43,690.49,69.0,NO_LEGACY_CODE;NO_PMGID
2025-12,FlashReport_December_2025.pdf,07f56e5457c63192ae7b5b4036f975f7eb058a3364a25a87cdc6ce2369082401,106,1372,400112,,,Jigaon Irrigation Project,Department of water resources-MH - II,Water Resources,Maharashtra,2017-04,2018-04,2028-06,,7222.95,7222.95,9348.58,91.0,NO_LEGACY_CODE;NO_PMGID
2025-12,FlashReport_December_2025.pdf,07f56e5457c63192ae7b5b4036f975f7eb058a3364a25a87cdc6ce2369082401,106,1373,617422,,,Bodwad Parisar Sinchan Yojna,Department of Water Resources-MH,Water Resources,Maharashtra,2002-05,2017-01,2027-07,,1923.81,1923.81,1770.13,49.0,NO_LEGACY_CODE;NO_PMGID
2025-12,FlashReport_December_2025.pdf,07f56e5457c63192ae7b5b4036f975f7eb058a3364a25a87cdc6ce2369082401,106,1374,701383,,,Waghur Project,Department of water resources-MH - II,Water Resources,Maharashtra,1996-04,1996-04,2019-12,2026-03,1058.99,1758.51,1557.67,89.0,NO_LEGACY_CODE;NO_PMGID
2025-12,FlashReport_December_2025.pdf,07f56e5457c63192ae7b5b4036f975f7eb058a3364a25a87cdc6ce2369082401,106,1375,701386,,,Gosikhurd Project,Department of water resources-MH - II,Water Resources,Maharashtra,2008-04,2008-04,2019-12,2028-06,7196.47,12770.1,13898.18,72.0,NO_LEGACY_CODE;NO_PMGID
2025-12,FlashReport_December_2025.pdf,07f56e5457c63192ae7b5b4036f975f7eb058a3364a25a87cdc6ce2369082401,106,1376,701391,,,Aruna Medium Irrigation Project,Department of water resources-MH - II,Water Resources,Maharashtra,2009-04,2010-01,2019-12,2025-12,210.45,1472.14,1705.83,97.0,NO_LEGACY_CODE;NO_PMGID
2025-12,FlashReport_December_2025.pdf,07f56e5457c63192ae7b5b4036f975f7eb058a3364a25a87cdc6ce2369082401,106,1377,701396,,,Lower Pedhi Project,Department of water resources-MH - II,Water Resources,Maharashtra,2008-04,2008-04,2019-12,2026-06,255.97,1480.7,1324.98,65.0,NO_LEGACY_CODE;NO_PMGID
2025-12,FlashReport_December_2025.pdf,07f56e5457c63192ae7b5b4036f975f7eb058a3364a25a87cdc6ce2369082401,106,1378,701398,,,Nardave Medium Irrigation Project,Department of water resources-MH - II,Water Resources,Maharashtra,2009-04,2009-04,2019-12,2026-06,211.46,781.85,623.5,72.0,NO_LEGACY_CODE;NO_PMGID
2025-12,FlashReport_December_2025.pdf,07f56e5457c63192ae7b5b4036f975f7eb058a3364a25a87cdc6ce2369082401,106,1379,701400,,,Thoubal Multipurpose Project,Water Resources Department-MN,Water Resources,Manipur,1997-04,1997-04,2019-12,2026-03,1449.44,1822.24,1837.91,98.0,NO_LEGACY_CODE;NO_PMGID
2025-12,FlashReport_December_2025.pdf,07f56e5457c63192ae7b5b4036f975f7eb058a3364a25a87cdc6ce2369082401,106,1380,701412,,,North Koel Reservoir Project,"Department of Water Resources, River Development & GR",Water Resources,"Multi-States (Bihar, Jharkhand)",2017-08,2021-01,2021-03,2026-03,1622.27,2430.76,167.16,36.0,NO_LEGACY_CODE;NO_PMGID;MULTILINE_STATE
2025-12,FlashReport_December_2025.pdf,07f56e5457c63192ae7b5b4036f975f7eb058a3364a25a87cdc6ce2369082401,106,1381,603945,,,Integrated Anandpur Barrage Project,Water Resources-OR,Water Resources,Odisha,1997-04,1998-01,2019-12,2026-06,567.03,2990.05,2715.12,62.0,NO_LEGACY_CODE;NO_PMGID
2025-12,FlashReport_December_2025.pdf,07f56e5457c63192ae7b5b4036f975f7eb058a3364a25a87cdc6ce2369082401,106,1382,701404,,,Kanupur Irrigation Project,Irrigation and CAD-TG,Water Resources,Odisha,2003-04,2004-01,2019-12,2026-06,989.43,2301.28,2712.75,79.0,NO_LEGACY_CODE;NO_PMGID
2025-12,FlashReport_December_2025.pdf,07f56e5457c63192ae7b5b4036f975f7eb058a3364a25a87cdc6ce2369082401,106,1383,701410,,,Relining of Rajasthan feeder and Sirhind Feeder canal,Department of Water Resources-PB,Water Resources,Punjab,2016-02,2018-04,2021-06,2026-06,1441.26,2462.16,3012.69,80.0,NO_LEGACY_CODE;NO_PMGID
2025-12,FlashReport_December_2025.pdf,07f56e5457c63192ae7b5b4036f975f7eb058a3364a25a87cdc6ce2369082401,106,1384,701411,,,Shahpur Kandi Dam Project,Department of Water Resources-PB,Water Resources,Punjab,2010-02,2018-04,2022-06,2025-10,2285.81,2715.7,2169.72,88.0,NO_LEGACY_CODE;NO_PMGID
2025-12,FlashReport_December_2025.pdf,07f56e5457c63192ae7b5b4036f975f7eb058a3364a25a87cdc6ce2369082401,106,1385,400102,,,Sri Ram Sagar Project Stage - II,Irrigation and CAD-TG,Water Resources,Telangana,2005-04,2005-04,2019-12,2026-03,736.13,949.87,940.7,96.0,NO_LEGACY_CODE;NO_PMGID
2025-12,FlashReport_December_2025.pdf,07f56e5457c63192ae7b5b4036f975f7eb058a3364a25a87cdc6ce2369082401,107,1386,400103,,,Indiramma Flood Flow Canal Project,Irrigation and CAD-TG,Water Resources,Telangana,2005-04,2006-01,2019-12,2026-12,1331.3,5940.09,4491.08,92.0,NO_LEGACY_CODE;NO_PMGID
2025-12,FlashReport_December_2025.pdf,07f56e5457c63192ae7b5b4036f975f7eb058a3364a25a87cdc6ce2369082401,107,1387,701405,,,J. Chokka Rao Devadula Lift Irrigation Scheme,Irrigation and CAD-TG,Water Resources,Telangana,2006-04,2006-04,2019-12,2025-12,8200.71,14730.0,4664.8,87.0,NO_LEGACY_CODE;NO_PMGID
2025-12,FlashReport_December_2025.pdf,07f56e5457c63192ae7b5b4036f975f7eb058a3364a25a87cdc6ce2369082401,107,1388,701406,,,Rajiv Bhima Lift Irrigation Scheme,Irrigation and CAD-TG,Water Resources,Telangana,2007-04,2008-01,2019-12,2026-03,1402.0,2509.66,1839.76,100.0,NO_LEGACY_CODE;NO_PMGID
2025-12,FlashReport_December_2025.pdf,07f56e5457c63192ae7b5b4036f975f7eb058a3364a25a87cdc6ce2369082401,107,1389,400093,,,Saryu Nahar CADWM Project,Irrigation & Water Resources-UP,Water Resources,Uttar Pradesh,2017-04,2017-04,2019-12,2026-03,1672.7,1672.7,22.24,1.0,NO_LEGACY_CODE;NO_PMGID
2025-12,FlashReport_December_2025.pdf,07f56e5457c63192ae7b5b4036f975f7eb058a3364a25a87cdc6ce2369082401,107,1390,701395,,,Morna [Gureghar] Irrigation Project,"Department of Water Resources, River Development & GR",Water Resources,Uttar Pradesh,2007-04,2007-12,2025-12,,219.9,219.9,115.2,31.0,NO_LEGACY_CODE;NO_PMGID
2025-12,FlashReport_December_2025.pdf,07f56e5457c63192ae7b5b4036f975f7eb058a3364a25a87cdc6ce2369082401,107,1391,701408,,,Madhya Ganga canal Phase-II,Irrigation & Water Resources-UP,Water Resources,Uttar Pradesh,2008-04,2008-04,2019-12,2025-12,1060.67,4417.21,4552.44,82.0,NO_LEGACY_CODE;NO_PMGID
2025-12,FlashReport_December_2025.pdf,07f56e5457c63192ae7b5b4036f975f7eb058a3364a25a87cdc6ce2369082401,107,1392,613787,,,Jamrani Dam Multipurpose Project,Irrigation-UK,Water Resources,Uttarakhand,2023-10,2023-11,2029-06,,2584.1,2584.1,987.61,21.0,NO_LEGACY_CODE;NO_PMGID
